CREATE TABLE IF NOT EXISTS "auth_group" ("id" integer NOT NULL PRIMARY KEY AUTOINCREMENT, "name" varchar(150) NOT NULL UNIQUE);
CREATE UNIQUE INDEX "django_content_type_app_label_model_76bd3d3b_uniq" ON "django_content_type" ("app_label", "model");
CREATE UNIQUE INDEX "auth_group_permissions_group_id_permission_id_0cd325b0_uniq" ON "auth_group_permissions" ("group_id", "permission_id");
CREATE INDEX IF NOT EXISTS "auth_group_permissions_group_id_b120cbf9" ON "auth_group_permissions" ("group_id");
CREATE INDEX IF NOT EXISTS "auth_group_permissions_permission_id_84c5c92e" ON "auth_group_permissions" ("permission_id");
CREATE UNIQUE INDEX "auth_permission_content_type_id_codename_01ab375a_uniq" ON "auth_permission" ("content_type_id", "codename");
CREATE INDEX IF NOT EXISTS "auth_permission_content_type_id_2f476e4b" ON "auth_permission" ("content_type_id");
CREATE UNIQUE INDEX "users_user_groups_user_id_group_id_b88eab82_uniq" ON "users_user_groups" ("user_id", "group_id");
CREATE INDEX IF NOT EXISTS "users_user_groups_user_id_5f6f5a90" ON "users_user_groups" ("user_id");
CREATE INDEX IF NOT EXISTS "users_user_groups_group_id_9afc8d0e" ON "users_user_groups" ("group_id");
CREATE UNIQUE INDEX "users_user_user_permissions_user_id_permission_id_43338c45_uniq" ON "users_user_user_permissions" ("user_id", "permission_id");
CREATE INDEX IF NOT EXISTS "users_user_user_permissions_user_id_20aca447" ON "users_user_user_permissions" ("user_id");
CREATE INDEX IF NOT EXISTS "users_user_user_permissions_permission_id_0b93982e" ON "users_user_user_permissions" ("permission_id");
CREATE INDEX IF NOT EXISTS "django_admin_log_content_type_id_c4bce8eb" ON "django_admin_log" ("content_type_id");
CREATE INDEX IF NOT EXISTS "django_admin_log_user_id_c564eba6" ON "django_admin_log" ("user_id");
CREATE INDEX IF NOT EXISTS "django_session_expire_date_a5c62663" ON "django_session" ("expire_date");
CREATE INDEX IF NOT EXISTS "store_truck_details_truck_owner_id_155e372c" ON "store_truck_details" ("truck_owner_id");
CREATE INDEX IF NOT EXISTS "transactions_sub_trip_builty_id_26195045" ON "transactions_sub_trip" ("builty_id");
CREATE INDEX IF NOT EXISTS "transactions_sub_trip_station_from_id_d602b198" ON "transactions_sub_trip" ("station_from_id");
CREATE INDEX IF NOT EXISTS "transactions_sub_trip_station_to_id_fb47cb0b" ON "transactions_sub_trip" ("station_to_id");
CREATE INDEX IF NOT EXISTS "transactions_request_edit_builty_id_17f4ac6b" ON "transactions_request_edit" ("builty_id");
CREATE INDEX IF NOT EXISTS "transactions_request_edit_user_id_296a97e5" ON "transactions_request_edit" ("user_id");
CREATE INDEX IF NOT EXISTS "transactions_ack_builty_id_e9cf4eb9" ON "transactions_ack" ("builty_id");
CREATE INDEX IF NOT EXISTS "store_rate_to_station_id_71b5e0d1" ON "store_rate" ("to_station_id");
CREATE INDEX IF NOT EXISTS "store_rate_from_station_id_cf4de4c2" ON "store_rate" ("from_station_id");
CREATE INDEX IF NOT EXISTS "store_district_office_location_id_def88825" ON "store_district" ("office_location_id");
CREATE INDEX IF NOT EXISTS "users_user_company_id_14799323" ON "users_user" ("company_id");
CREATE INDEX IF NOT EXISTS "users_user_office_location_id_9bf9b0fd" ON "users_user" ("office_location_id");
CREATE INDEX IF NOT EXISTS "store_article_company_name_id_236802e6" ON "store_article" ("company_name_id");
CREATE INDEX IF NOT EXISTS "store_article_consignor_id_170c72fc" ON "store_article" ("consignor_id");
CREATE INDEX IF NOT EXISTS "store_article_office_location_id_216b5e85" ON "store_article" ("office_location_id");
CREATE INDEX IF NOT EXISTS "store_consignor_company_id_9fdf29a0" ON "store_consignor" ("company_id");
CREATE INDEX IF NOT EXISTS "store_consignor_office_location_id_709e205e" ON "store_consignor" ("office_location_id");
CREATE INDEX IF NOT EXISTS "store_onaccount_company_id_8283503d" ON "store_onaccount" ("company_id");
CREATE INDEX IF NOT EXISTS "store_onaccount_office_location_id_d8877177" ON "store_onaccount" ("office_location_id");
CREATE INDEX IF NOT EXISTS "store_station_taluka_id_51032d3b" ON "store_station" ("taluka_id");
CREATE INDEX IF NOT EXISTS "store_station_office_location_id_cc8d1da0" ON "store_station" ("office_location_id");
CREATE INDEX IF NOT EXISTS "store_taluka_district_id_63ffbdb2" ON "store_taluka" ("district_id");
CREATE INDEX IF NOT EXISTS "store_taluka_office_location_id_5a2300b5" ON "store_taluka" ("office_location_id");
CREATE INDEX IF NOT EXISTS "transactions_builty_article_id_9ef4500b" ON "transactions_builty" ("article_id");
CREATE INDEX IF NOT EXISTS "transactions_builty_company_id_e5faf59d" ON "transactions_builty" ("company_id");
CREATE INDEX IF NOT EXISTS "transactions_builty_consignor_id_abafe990" ON "transactions_builty" ("consignor_id");
CREATE INDEX IF NOT EXISTS "transactions_builty_district_id_32c090e4" ON "transactions_builty" ("district_id");
CREATE INDEX IF NOT EXISTS "transactions_builty_onaccount_id_35cc36f3" ON "transactions_builty" ("onaccount_id");
CREATE INDEX IF NOT EXISTS "transactions_builty_petrol_pump_id_9922ae78" ON "transactions_builty" ("petrol_pump_id");
CREATE INDEX IF NOT EXISTS "transactions_builty_station_from_id_0fc95978" ON "transactions_builty" ("station_from_id");
CREATE INDEX IF NOT EXISTS "transactions_builty_station_to_id_8018ef07" ON "transactions_builty" ("station_to_id");
CREATE INDEX IF NOT EXISTS "transactions_builty_taluka_id_3af43376" ON "transactions_builty" ("taluka_id");
CREATE INDEX IF NOT EXISTS "transactions_builty_truck_details_id_7724d30a" ON "transactions_builty" ("truck_details_id");
CREATE INDEX IF NOT EXISTS "transactions_builty_truck_owner_id_74656a52" ON "transactions_builty" ("truck_owner_id");
CREATE INDEX IF NOT EXISTS "transactions_builty_user_id_82211060" ON "transactions_builty" ("user_id");
CREATE TABLE IF NOT EXISTS "auth_group_permissions" ("id" integer NOT NULL PRIMARY KEY AUTOINCREMENT, "group_id" integer NOT NULL REFERENCES "auth_group" ("id") DEFERRABLE INITIALLY DEFERRED, "permission_id" integer NOT NULL REFERENCES "auth_permission" ("id") DEFERRABLE INITIALLY DEFERRED);
CREATE UNIQUE INDEX "django_content_type_app_label_model_76bd3d3b_uniq" ON "django_content_type" ("app_label", "model");
CREATE UNIQUE INDEX "auth_group_permissions_group_id_permission_id_0cd325b0_uniq" ON "auth_group_permissions" ("group_id", "permission_id");
CREATE INDEX IF NOT EXISTS "auth_group_permissions_group_id_b120cbf9" ON "auth_group_permissions" ("group_id");
CREATE INDEX IF NOT EXISTS "auth_group_permissions_permission_id_84c5c92e" ON "auth_group_permissions" ("permission_id");
CREATE UNIQUE INDEX "auth_permission_content_type_id_codename_01ab375a_uniq" ON "auth_permission" ("content_type_id", "codename");
CREATE INDEX IF NOT EXISTS "auth_permission_content_type_id_2f476e4b" ON "auth_permission" ("content_type_id");
CREATE UNIQUE INDEX "users_user_groups_user_id_group_id_b88eab82_uniq" ON "users_user_groups" ("user_id", "group_id");
CREATE INDEX IF NOT EXISTS "users_user_groups_user_id_5f6f5a90" ON "users_user_groups" ("user_id");
CREATE INDEX IF NOT EXISTS "users_user_groups_group_id_9afc8d0e" ON "users_user_groups" ("group_id");
CREATE UNIQUE INDEX "users_user_user_permissions_user_id_permission_id_43338c45_uniq" ON "users_user_user_permissions" ("user_id", "permission_id");
CREATE INDEX IF NOT EXISTS "users_user_user_permissions_user_id_20aca447" ON "users_user_user_permissions" ("user_id");
CREATE INDEX IF NOT EXISTS "users_user_user_permissions_permission_id_0b93982e" ON "users_user_user_permissions" ("permission_id");
CREATE INDEX IF NOT EXISTS "django_admin_log_content_type_id_c4bce8eb" ON "django_admin_log" ("content_type_id");
CREATE INDEX IF NOT EXISTS "django_admin_log_user_id_c564eba6" ON "django_admin_log" ("user_id");
CREATE INDEX IF NOT EXISTS "django_session_expire_date_a5c62663" ON "django_session" ("expire_date");
CREATE INDEX IF NOT EXISTS "store_truck_details_truck_owner_id_155e372c" ON "store_truck_details" ("truck_owner_id");
CREATE INDEX IF NOT EXISTS "transactions_sub_trip_builty_id_26195045" ON "transactions_sub_trip" ("builty_id");
CREATE INDEX IF NOT EXISTS "transactions_sub_trip_station_from_id_d602b198" ON "transactions_sub_trip" ("station_from_id");
CREATE INDEX IF NOT EXISTS "transactions_sub_trip_station_to_id_fb47cb0b" ON "transactions_sub_trip" ("station_to_id");
CREATE INDEX IF NOT EXISTS "transactions_request_edit_builty_id_17f4ac6b" ON "transactions_request_edit" ("builty_id");
CREATE INDEX IF NOT EXISTS "transactions_request_edit_user_id_296a97e5" ON "transactions_request_edit" ("user_id");
CREATE INDEX IF NOT EXISTS "transactions_ack_builty_id_e9cf4eb9" ON "transactions_ack" ("builty_id");
CREATE INDEX IF NOT EXISTS "store_rate_to_station_id_71b5e0d1" ON "store_rate" ("to_station_id");
CREATE INDEX IF NOT EXISTS "store_rate_from_station_id_cf4de4c2" ON "store_rate" ("from_station_id");
CREATE INDEX IF NOT EXISTS "store_district_office_location_id_def88825" ON "store_district" ("office_location_id");
CREATE INDEX IF NOT EXISTS "users_user_company_id_14799323" ON "users_user" ("company_id");
CREATE INDEX IF NOT EXISTS "users_user_office_location_id_9bf9b0fd" ON "users_user" ("office_location_id");
CREATE INDEX IF NOT EXISTS "store_article_company_name_id_236802e6" ON "store_article" ("company_name_id");
CREATE INDEX IF NOT EXISTS "store_article_consignor_id_170c72fc" ON "store_article" ("consignor_id");
CREATE INDEX IF NOT EXISTS "store_article_office_location_id_216b5e85" ON "store_article" ("office_location_id");
CREATE INDEX IF NOT EXISTS "store_consignor_company_id_9fdf29a0" ON "store_consignor" ("company_id");
CREATE INDEX IF NOT EXISTS "store_consignor_office_location_id_709e205e" ON "store_consignor" ("office_location_id");
CREATE INDEX IF NOT EXISTS "store_onaccount_company_id_8283503d" ON "store_onaccount" ("company_id");
CREATE INDEX IF NOT EXISTS "store_onaccount_office_location_id_d8877177" ON "store_onaccount" ("office_location_id");
CREATE INDEX IF NOT EXISTS "store_station_taluka_id_51032d3b" ON "store_station" ("taluka_id");
CREATE INDEX IF NOT EXISTS "store_station_office_location_id_cc8d1da0" ON "store_station" ("office_location_id");
CREATE INDEX IF NOT EXISTS "store_taluka_district_id_63ffbdb2" ON "store_taluka" ("district_id");
CREATE INDEX IF NOT EXISTS "store_taluka_office_location_id_5a2300b5" ON "store_taluka" ("office_location_id");
CREATE INDEX IF NOT EXISTS "transactions_builty_article_id_9ef4500b" ON "transactions_builty" ("article_id");
CREATE INDEX IF NOT EXISTS "transactions_builty_company_id_e5faf59d" ON "transactions_builty" ("company_id");
CREATE INDEX IF NOT EXISTS "transactions_builty_consignor_id_abafe990" ON "transactions_builty" ("consignor_id");
CREATE INDEX IF NOT EXISTS "transactions_builty_district_id_32c090e4" ON "transactions_builty" ("district_id");
CREATE INDEX IF NOT EXISTS "transactions_builty_onaccount_id_35cc36f3" ON "transactions_builty" ("onaccount_id");
CREATE INDEX IF NOT EXISTS "transactions_builty_petrol_pump_id_9922ae78" ON "transactions_builty" ("petrol_pump_id");
CREATE INDEX IF NOT EXISTS "transactions_builty_station_from_id_0fc95978" ON "transactions_builty" ("station_from_id");
CREATE INDEX IF NOT EXISTS "transactions_builty_station_to_id_8018ef07" ON "transactions_builty" ("station_to_id");
CREATE INDEX IF NOT EXISTS "transactions_builty_taluka_id_3af43376" ON "transactions_builty" ("taluka_id");
CREATE INDEX IF NOT EXISTS "transactions_builty_truck_details_id_7724d30a" ON "transactions_builty" ("truck_details_id");
CREATE INDEX IF NOT EXISTS "transactions_builty_truck_owner_id_74656a52" ON "transactions_builty" ("truck_owner_id");
CREATE INDEX IF NOT EXISTS "transactions_builty_user_id_82211060" ON "transactions_builty" ("user_id");
CREATE TABLE IF NOT EXISTS "auth_permission" ("id" integer NOT NULL PRIMARY KEY AUTOINCREMENT, "content_type_id" integer NOT NULL REFERENCES "django_content_type" ("id") DEFERRABLE INITIALLY DEFERRED, "codename" varchar(100) NOT NULL, "name" varchar(255) NOT NULL);
INSERT INTO "auth_permission" VALUES(1,1,'add_logentry','Can add log entry');
INSERT INTO "auth_permission" VALUES(2,1,'change_logentry','Can change log entry');
INSERT INTO "auth_permission" VALUES(3,1,'delete_logentry','Can delete log entry');
INSERT INTO "auth_permission" VALUES(4,1,'view_logentry','Can view log entry');
INSERT INTO "auth_permission" VALUES(5,2,'add_permission','Can add permission');
INSERT INTO "auth_permission" VALUES(6,2,'change_permission','Can change permission');
INSERT INTO "auth_permission" VALUES(7,2,'delete_permission','Can delete permission');
INSERT INTO "auth_permission" VALUES(8,2,'view_permission','Can view permission');
INSERT INTO "auth_permission" VALUES(9,3,'add_group','Can add group');
INSERT INTO "auth_permission" VALUES(10,3,'change_group','Can change group');
INSERT INTO "auth_permission" VALUES(11,3,'delete_group','Can delete group');
INSERT INTO "auth_permission" VALUES(12,3,'view_group','Can view group');
INSERT INTO "auth_permission" VALUES(13,4,'add_contenttype','Can add content type');
INSERT INTO "auth_permission" VALUES(14,4,'change_contenttype','Can change content type');
INSERT INTO "auth_permission" VALUES(15,4,'delete_contenttype','Can delete content type');
INSERT INTO "auth_permission" VALUES(16,4,'view_contenttype','Can view content type');
INSERT INTO "auth_permission" VALUES(17,5,'add_session','Can add session');
INSERT INTO "auth_permission" VALUES(18,5,'change_session','Can change session');
INSERT INTO "auth_permission" VALUES(19,5,'delete_session','Can delete session');
INSERT INTO "auth_permission" VALUES(20,5,'view_session','Can view session');
INSERT INTO "auth_permission" VALUES(21,6,'add_user','Can add user');
INSERT INTO "auth_permission" VALUES(22,6,'change_user','Can change user');
INSERT INTO "auth_permission" VALUES(23,6,'delete_user','Can delete user');
INSERT INTO "auth_permission" VALUES(24,6,'view_user','Can view user');
INSERT INTO "auth_permission" VALUES(25,7,'add_company','Can add company');
INSERT INTO "auth_permission" VALUES(26,7,'change_company','Can change company');
INSERT INTO "auth_permission" VALUES(27,7,'delete_company','Can delete company');
INSERT INTO "auth_permission" VALUES(28,7,'view_company','Can view company');
INSERT INTO "auth_permission" VALUES(29,8,'add_district','Can add district');
INSERT INTO "auth_permission" VALUES(30,8,'change_district','Can change district');
INSERT INTO "auth_permission" VALUES(31,8,'delete_district','Can delete district');
INSERT INTO "auth_permission" VALUES(32,8,'view_district','Can view district');
INSERT INTO "auth_permission" VALUES(33,9,'add_station','Can add station');
INSERT INTO "auth_permission" VALUES(34,9,'change_station','Can change station');
INSERT INTO "auth_permission" VALUES(35,9,'delete_station','Can delete station');
INSERT INTO "auth_permission" VALUES(36,9,'view_station','Can view station');
INSERT INTO "auth_permission" VALUES(37,10,'add_truck_details','Can add truck_details');
INSERT INTO "auth_permission" VALUES(38,10,'change_truck_details','Can change truck_details');
INSERT INTO "auth_permission" VALUES(39,10,'delete_truck_details','Can delete truck_details');
INSERT INTO "auth_permission" VALUES(40,10,'view_truck_details','Can view truck_details');
INSERT INTO "auth_permission" VALUES(41,11,'add_truck_owner','Can add truck_owner');
INSERT INTO "auth_permission" VALUES(42,11,'change_truck_owner','Can change truck_owner');
INSERT INTO "auth_permission" VALUES(43,11,'delete_truck_owner','Can delete truck_owner');
INSERT INTO "auth_permission" VALUES(44,11,'view_truck_owner','Can view truck_owner');
INSERT INTO "auth_permission" VALUES(45,12,'add_taluka','Can add taluka');
INSERT INTO "auth_permission" VALUES(46,12,'change_taluka','Can change taluka');
INSERT INTO "auth_permission" VALUES(47,12,'delete_taluka','Can delete taluka');
INSERT INTO "auth_permission" VALUES(48,12,'view_taluka','Can view taluka');
INSERT INTO "auth_permission" VALUES(49,13,'add_onaccount','Can add onaccount');
INSERT INTO "auth_permission" VALUES(50,13,'change_onaccount','Can change onaccount');
INSERT INTO "auth_permission" VALUES(51,13,'delete_onaccount','Can delete onaccount');
INSERT INTO "auth_permission" VALUES(52,13,'view_onaccount','Can view onaccount');
INSERT INTO "auth_permission" VALUES(53,14,'add_consignor','Can add consignor');
INSERT INTO "auth_permission" VALUES(54,14,'change_consignor','Can change consignor');
INSERT INTO "auth_permission" VALUES(55,14,'delete_consignor','Can delete consignor');
INSERT INTO "auth_permission" VALUES(56,14,'view_consignor','Can view consignor');
INSERT INTO "auth_permission" VALUES(57,15,'add_article','Can add article');
INSERT INTO "auth_permission" VALUES(58,15,'change_article','Can change article');
INSERT INTO "auth_permission" VALUES(59,15,'delete_article','Can delete article');
INSERT INTO "auth_permission" VALUES(60,15,'view_article','Can view article');
INSERT INTO "auth_permission" VALUES(61,16,'add_rate','Can add rate');
INSERT INTO "auth_permission" VALUES(62,16,'change_rate','Can change rate');
INSERT INTO "auth_permission" VALUES(63,16,'delete_rate','Can delete rate');
INSERT INTO "auth_permission" VALUES(64,16,'view_rate','Can view rate');
INSERT INTO "auth_permission" VALUES(65,17,'add_petrol_pump','Can add petrol_pump');
INSERT INTO "auth_permission" VALUES(66,17,'change_petrol_pump','Can change petrol_pump');
INSERT INTO "auth_permission" VALUES(67,17,'delete_petrol_pump','Can delete petrol_pump');
INSERT INTO "auth_permission" VALUES(68,17,'view_petrol_pump','Can view petrol_pump');
INSERT INTO "auth_permission" VALUES(69,18,'add_driver','Can add driver');
INSERT INTO "auth_permission" VALUES(70,18,'change_driver','Can change driver');
INSERT INTO "auth_permission" VALUES(71,18,'delete_driver','Can delete driver');
INSERT INTO "auth_permission" VALUES(72,18,'view_driver','Can view driver');
INSERT INTO "auth_permission" VALUES(73,19,'add_ack','Can add ack');
INSERT INTO "auth_permission" VALUES(74,19,'change_ack','Can change ack');
INSERT INTO "auth_permission" VALUES(75,19,'delete_ack','Can delete ack');
INSERT INTO "auth_permission" VALUES(76,19,'view_ack','Can view ack');
INSERT INTO "auth_permission" VALUES(77,20,'add_builty','Can add builty');
INSERT INTO "auth_permission" VALUES(78,20,'change_builty','Can change builty');
INSERT INTO "auth_permission" VALUES(79,20,'delete_builty','Can delete builty');
INSERT INTO "auth_permission" VALUES(80,20,'view_builty','Can view builty');
INSERT INTO "auth_permission" VALUES(81,21,'add_sub_trip','Can add sub_trip');
INSERT INTO "auth_permission" VALUES(82,21,'change_sub_trip','Can change sub_trip');
INSERT INTO "auth_permission" VALUES(83,21,'delete_sub_trip','Can delete sub_trip');
INSERT INTO "auth_permission" VALUES(84,21,'view_sub_trip','Can view sub_trip');
INSERT INTO "auth_permission" VALUES(85,22,'add_request_edit','Can add request_edit');
INSERT INTO "auth_permission" VALUES(86,22,'change_request_edit','Can change request_edit');
INSERT INTO "auth_permission" VALUES(87,22,'delete_request_edit','Can delete request_edit');
INSERT INTO "auth_permission" VALUES(88,22,'view_request_edit','Can view request_edit');
INSERT INTO "auth_permission" VALUES(89,23,'add_office_location','Can add office_location');
INSERT INTO "auth_permission" VALUES(90,23,'change_office_location','Can change office_location');
INSERT INTO "auth_permission" VALUES(91,23,'delete_office_location','Can delete office_location');
INSERT INTO "auth_permission" VALUES(92,23,'view_office_location','Can view office_location');
CREATE UNIQUE INDEX "django_content_type_app_label_model_76bd3d3b_uniq" ON "django_content_type" ("app_label", "model");
CREATE UNIQUE INDEX "auth_group_permissions_group_id_permission_id_0cd325b0_uniq" ON "auth_group_permissions" ("group_id", "permission_id");
CREATE INDEX IF NOT EXISTS "auth_group_permissions_group_id_b120cbf9" ON "auth_group_permissions" ("group_id");
CREATE INDEX IF NOT EXISTS "auth_group_permissions_permission_id_84c5c92e" ON "auth_group_permissions" ("permission_id");
CREATE UNIQUE INDEX "auth_permission_content_type_id_codename_01ab375a_uniq" ON "auth_permission" ("content_type_id", "codename");
CREATE INDEX IF NOT EXISTS "auth_permission_content_type_id_2f476e4b" ON "auth_permission" ("content_type_id");
CREATE UNIQUE INDEX "users_user_groups_user_id_group_id_b88eab82_uniq" ON "users_user_groups" ("user_id", "group_id");
CREATE INDEX IF NOT EXISTS "users_user_groups_user_id_5f6f5a90" ON "users_user_groups" ("user_id");
CREATE INDEX IF NOT EXISTS "users_user_groups_group_id_9afc8d0e" ON "users_user_groups" ("group_id");
CREATE UNIQUE INDEX "users_user_user_permissions_user_id_permission_id_43338c45_uniq" ON "users_user_user_permissions" ("user_id", "permission_id");
CREATE INDEX IF NOT EXISTS "users_user_user_permissions_user_id_20aca447" ON "users_user_user_permissions" ("user_id");
CREATE INDEX IF NOT EXISTS "users_user_user_permissions_permission_id_0b93982e" ON "users_user_user_permissions" ("permission_id");
CREATE INDEX IF NOT EXISTS "django_admin_log_content_type_id_c4bce8eb" ON "django_admin_log" ("content_type_id");
CREATE INDEX IF NOT EXISTS "django_admin_log_user_id_c564eba6" ON "django_admin_log" ("user_id");
CREATE INDEX IF NOT EXISTS "django_session_expire_date_a5c62663" ON "django_session" ("expire_date");
CREATE INDEX IF NOT EXISTS "store_truck_details_truck_owner_id_155e372c" ON "store_truck_details" ("truck_owner_id");
CREATE INDEX IF NOT EXISTS "transactions_sub_trip_builty_id_26195045" ON "transactions_sub_trip" ("builty_id");
CREATE INDEX IF NOT EXISTS "transactions_sub_trip_station_from_id_d602b198" ON "transactions_sub_trip" ("station_from_id");
CREATE INDEX IF NOT EXISTS "transactions_sub_trip_station_to_id_fb47cb0b" ON "transactions_sub_trip" ("station_to_id");
CREATE INDEX IF NOT EXISTS "transactions_request_edit_builty_id_17f4ac6b" ON "transactions_request_edit" ("builty_id");
CREATE INDEX IF NOT EXISTS "transactions_request_edit_user_id_296a97e5" ON "transactions_request_edit" ("user_id");
CREATE INDEX IF NOT EXISTS "transactions_ack_builty_id_e9cf4eb9" ON "transactions_ack" ("builty_id");
CREATE INDEX IF NOT EXISTS "store_rate_to_station_id_71b5e0d1" ON "store_rate" ("to_station_id");
CREATE INDEX IF NOT EXISTS "store_rate_from_station_id_cf4de4c2" ON "store_rate" ("from_station_id");
CREATE INDEX IF NOT EXISTS "store_district_office_location_id_def88825" ON "store_district" ("office_location_id");
CREATE INDEX IF NOT EXISTS "users_user_company_id_14799323" ON "users_user" ("company_id");
CREATE INDEX IF NOT EXISTS "users_user_office_location_id_9bf9b0fd" ON "users_user" ("office_location_id");
CREATE INDEX IF NOT EXISTS "store_article_company_name_id_236802e6" ON "store_article" ("company_name_id");
CREATE INDEX IF NOT EXISTS "store_article_consignor_id_170c72fc" ON "store_article" ("consignor_id");
CREATE INDEX IF NOT EXISTS "store_article_office_location_id_216b5e85" ON "store_article" ("office_location_id");
CREATE INDEX IF NOT EXISTS "store_consignor_company_id_9fdf29a0" ON "store_consignor" ("company_id");
CREATE INDEX IF NOT EXISTS "store_consignor_office_location_id_709e205e" ON "store_consignor" ("office_location_id");
CREATE INDEX IF NOT EXISTS "store_onaccount_company_id_8283503d" ON "store_onaccount" ("company_id");
CREATE INDEX IF NOT EXISTS "store_onaccount_office_location_id_d8877177" ON "store_onaccount" ("office_location_id");
CREATE INDEX IF NOT EXISTS "store_station_taluka_id_51032d3b" ON "store_station" ("taluka_id");
CREATE INDEX IF NOT EXISTS "store_station_office_location_id_cc8d1da0" ON "store_station" ("office_location_id");
CREATE INDEX IF NOT EXISTS "store_taluka_district_id_63ffbdb2" ON "store_taluka" ("district_id");
CREATE INDEX IF NOT EXISTS "store_taluka_office_location_id_5a2300b5" ON "store_taluka" ("office_location_id");
CREATE INDEX IF NOT EXISTS "transactions_builty_article_id_9ef4500b" ON "transactions_builty" ("article_id");
CREATE INDEX IF NOT EXISTS "transactions_builty_company_id_e5faf59d" ON "transactions_builty" ("company_id");
CREATE INDEX IF NOT EXISTS "transactions_builty_consignor_id_abafe990" ON "transactions_builty" ("consignor_id");
CREATE INDEX IF NOT EXISTS "transactions_builty_district_id_32c090e4" ON "transactions_builty" ("district_id");
CREATE INDEX IF NOT EXISTS "transactions_builty_onaccount_id_35cc36f3" ON "transactions_builty" ("onaccount_id");
CREATE INDEX IF NOT EXISTS "transactions_builty_petrol_pump_id_9922ae78" ON "transactions_builty" ("petrol_pump_id");
CREATE INDEX IF NOT EXISTS "transactions_builty_station_from_id_0fc95978" ON "transactions_builty" ("station_from_id");
CREATE INDEX IF NOT EXISTS "transactions_builty_station_to_id_8018ef07" ON "transactions_builty" ("station_to_id");
CREATE INDEX IF NOT EXISTS "transactions_builty_taluka_id_3af43376" ON "transactions_builty" ("taluka_id");
CREATE INDEX IF NOT EXISTS "transactions_builty_truck_details_id_7724d30a" ON "transactions_builty" ("truck_details_id");
CREATE INDEX IF NOT EXISTS "transactions_builty_truck_owner_id_74656a52" ON "transactions_builty" ("truck_owner_id");
CREATE INDEX IF NOT EXISTS "transactions_builty_user_id_82211060" ON "transactions_builty" ("user_id");
CREATE TABLE IF NOT EXISTS "django_admin_log" ("id" integer NOT NULL PRIMARY KEY AUTOINCREMENT, "action_time" datetime NOT NULL, "object_id" text NULL, "object_repr" varchar(200) NOT NULL, "change_message" text NOT NULL, "content_type_id" integer NULL REFERENCES "django_content_type" ("id") DEFERRABLE INITIALLY DEFERRED, "user_id" bigint NOT NULL REFERENCES "users_user" ("id") DEFERRABLE INITIALLY DEFERRED, "action_flag" smallint unsigned NOT NULL CHECK ("action_flag" >= 0));
INSERT INTO "django_admin_log" VALUES(1,'2023-03-18 12:56:14.012600','1','admin','[{"changed": {"fields": ["Company"]}}]',6,1,2);
INSERT INTO "django_admin_log" VALUES(2,'2023-03-20 07:57:17.445174','3','SAHANI GOODS TRANSPORT','[{"changed": {"fields": ["Balance"]}}]',20,1,2);
INSERT INTO "django_admin_log" VALUES(3,'2023-03-31 10:01:15.694765','12','SAHANI GOODS TRANSPORT','[{"changed": {"fields": ["Less advance", "Less tds", "Balance"]}}]',20,1,2);
INSERT INTO "django_admin_log" VALUES(4,'2023-03-31 10:01:27.370247','11','SAHANI GOODS TRANSPORT','[{"changed": {"fields": ["Rate", "Mt", "Less advance", "Less tds", "Balance"]}}]',20,1,2);
INSERT INTO "django_admin_log" VALUES(5,'2023-03-31 10:01:33.912932','10','SAHANI GOODS TRANSPORT','[{"changed": {"fields": ["Mt", "Freight", "Less advance", "Less tds", "Balance"]}}]',20,1,2);
INSERT INTO "django_admin_log" VALUES(6,'2023-03-31 10:02:46.386414','13','SAHANI GOODS TRANSPORT','[{"changed": {"fields": ["Less tds"]}}]',20,1,2);
INSERT INTO "django_admin_log" VALUES(7,'2023-03-31 10:03:21.407872','13','SAHANI GOODS TRANSPORT','',20,1,3);
INSERT INTO "django_admin_log" VALUES(8,'2023-03-31 10:03:21.473424','12','SAHANI GOODS TRANSPORT','',20,1,3);
INSERT INTO "django_admin_log" VALUES(9,'2023-03-31 10:03:21.509977','11','SAHANI GOODS TRANSPORT','',20,1,3);
INSERT INTO "django_admin_log" VALUES(10,'2023-03-31 10:03:21.535436','10','SAHANI GOODS TRANSPORT','',20,1,3);
INSERT INTO "django_admin_log" VALUES(11,'2023-03-31 10:03:21.577440','9','SAHANI GOODS TRANSPORT','',20,1,3);
INSERT INTO "django_admin_log" VALUES(12,'2023-03-31 10:03:21.641369','8','SAHANI GOODS TRANSPORT','',20,1,3);
INSERT INTO "django_admin_log" VALUES(13,'2023-03-31 10:03:21.729381','7','SAHANI GOODS TRANSPORT','',20,1,3);
INSERT INTO "django_admin_log" VALUES(14,'2023-03-31 10:03:21.811706','6','SAHANI GOODS TRANSPORT','',20,1,3);
INSERT INTO "django_admin_log" VALUES(15,'2023-03-31 10:03:21.867008','5','SAHANI GOODS TRANSPORT','',20,1,3);
INSERT INTO "django_admin_log" VALUES(16,'2023-03-31 10:03:21.890012','4','SAHANI GOODS TRANSPORT','',20,1,3);
INSERT INTO "django_admin_log" VALUES(17,'2023-03-31 10:03:21.915735','3','SAHANI GOODS TRANSPORT','',20,1,3);
INSERT INTO "django_admin_log" VALUES(18,'2023-03-31 10:03:21.939595','2','SAHANI GOODS TRANSPORT','',20,1,3);
INSERT INTO "django_admin_log" VALUES(19,'2023-03-31 10:03:21.978486','1','SAHANI GOODS TRANSPORT','',20,1,3);
INSERT INTO "django_admin_log" VALUES(20,'2023-03-31 10:14:49.270076','14','SAHANI GOODS TRANSPORT','',20,1,3);
INSERT INTO "django_admin_log" VALUES(21,'2023-03-31 22:52:58.892111','17','SAHANI GOODS TRANSPORT','',20,1,3);
INSERT INTO "django_admin_log" VALUES(22,'2023-03-31 22:52:58.915729','16','SAHANI GOODS TRANSPORT','',20,1,3);
INSERT INTO "django_admin_log" VALUES(23,'2023-03-31 22:52:58.934545','15','SAHANI GOODS TRANSPORT','',20,1,3);
INSERT INTO "django_admin_log" VALUES(24,'2023-04-01 12:37:09.735956','19','UTCL-2','',20,1,3);
INSERT INTO "django_admin_log" VALUES(25,'2023-04-01 12:37:09.770006','18','UTCL-1','',20,1,3);
INSERT INTO "django_admin_log" VALUES(26,'2023-04-01 12:37:24.448165','20','UTCL-1','[{"changed": {"fields": ["Builty no"]}}]',20,1,2);
INSERT INTO "django_admin_log" VALUES(27,'2023-04-01 12:37:33.453161','21','UTCL-2','[{"changed": {"fields": ["Builty no"]}}]',20,1,2);
INSERT INTO "django_admin_log" VALUES(28,'2023-04-01 12:37:42.118245','22','UTCL-4','[{"changed": {"fields": ["Builty no"]}}]',20,1,2);
INSERT INTO "django_admin_log" VALUES(29,'2023-04-01 12:37:50.102234','22','UTCL-3','[{"changed": {"fields": ["Builty no"]}}]',20,1,2);
INSERT INTO "django_admin_log" VALUES(30,'2023-04-01 12:38:00.777213','23','UTCL-4','[{"changed": {"fields": ["Builty no"]}}]',20,1,2);
INSERT INTO "django_admin_log" VALUES(31,'2023-04-01 12:38:09.938773','24','UTCL-5','[{"changed": {"fields": ["Builty no"]}}]',20,1,2);
INSERT INTO "django_admin_log" VALUES(32,'2023-04-01 12:38:40.023172','25','UTCL-6','[{"changed": {"fields": ["Builty no"]}}]',20,1,2);
INSERT INTO "django_admin_log" VALUES(33,'2023-04-01 12:38:48.439781','26','UTCL-7','[{"changed": {"fields": ["Builty no"]}}]',20,1,2);
INSERT INTO "django_admin_log" VALUES(34,'2023-04-02 10:04:28.048489','40','UTCL-21','',20,1,3);
INSERT INTO "django_admin_log" VALUES(35,'2023-04-02 10:04:28.070648','38','UTCL-19','',20,1,3);
INSERT INTO "django_admin_log" VALUES(36,'2023-04-02 10:04:28.089777','37','UTCL-18','',20,1,3);
INSERT INTO "django_admin_log" VALUES(37,'2023-04-02 10:04:28.108927','36','UTCL-17','',20,1,3);
INSERT INTO "django_admin_log" VALUES(38,'2023-04-02 10:04:28.128662','35','UTCL-16','',20,1,3);
INSERT INTO "django_admin_log" VALUES(39,'2023-04-02 10:04:28.148805','34','UTCL-15','',20,1,3);
INSERT INTO "django_admin_log" VALUES(40,'2023-04-02 10:04:28.170252','33','UTCL-14','',20,1,3);
INSERT INTO "django_admin_log" VALUES(41,'2023-04-02 10:04:50.934267','39','UTCL-14','[{"changed": {"fields": ["Builty no"]}}]',20,1,2);
INSERT INTO "django_admin_log" VALUES(42,'2023-04-03 09:41:07.752233','52','UTCL-26','',20,1,3);
INSERT INTO "django_admin_log" VALUES(43,'2023-04-03 09:41:07.886845','51','UTCL-25','',20,1,3);
INSERT INTO "django_admin_log" VALUES(44,'2023-04-03 09:41:07.940383','50','UTCL-24','',20,1,3);
INSERT INTO "django_admin_log" VALUES(45,'2023-04-03 09:48:11.850985','22','UTCL-3','[{"changed": {"fields": ["User"]}}]',20,1,2);
INSERT INTO "django_admin_log" VALUES(46,'2023-04-03 09:48:25.340316','24','UTCL-5','[{"changed": {"fields": ["User"]}}]',20,1,2);
INSERT INTO "django_admin_log" VALUES(47,'2023-04-05 17:05:49.255410','29','KHAMGAON GODOWN','[{"changed": {"fields": ["Office location"]}}]',9,1,2);
INSERT INTO "django_admin_log" VALUES(48,'2023-04-05 17:37:35.159732','16','CHIKALI','',12,1,3);
INSERT INTO "django_admin_log" VALUES(49,'2023-04-05 17:37:44.679839','43','CHIKHALI','[{"changed": {"fields": ["Office location"]}}]',12,1,2);
INSERT INTO "django_admin_log" VALUES(50,'2023-04-05 17:38:35.718065','42','SHEGAO','',12,1,3);
INSERT INTO "django_admin_log" VALUES(51,'2023-04-05 17:41:07.230096','15','SHEGAON','',12,1,3);
INSERT INTO "django_admin_log" VALUES(52,'2023-04-05 18:01:21.304707','54','BULDHANA','',12,1,3);
INSERT INTO "django_admin_log" VALUES(53,'2023-04-05 18:03:02.658146','2','BULDHANA','[{"changed": {"fields": ["Office location"]}}]',8,1,2);
INSERT INTO "django_admin_log" VALUES(54,'2023-04-05 18:05:09.682144','2','BULDHANA','',8,1,3);
INSERT INTO "django_admin_log" VALUES(55,'2023-04-05 18:19:07.497645','43','CHIKHALI','[{"changed": {"fields": ["Office location"]}}]',12,1,2);
INSERT INTO "django_admin_log" VALUES(56,'2023-04-08 09:54:43.772122','4','PMT','',6,1,3);
INSERT INTO "django_admin_log" VALUES(57,'2023-04-10 07:37:02.312011','95','DHAD','[{"changed": {"fields": ["Office location"]}}]',9,1,2);
INSERT INTO "django_admin_log" VALUES(58,'2023-04-10 10:11:58.774613','43','CHIKHALI','[{"changed": {"fields": ["Office location"]}}]',12,1,2);
CREATE UNIQUE INDEX "django_content_type_app_label_model_76bd3d3b_uniq" ON "django_content_type" ("app_label", "model");
CREATE UNIQUE INDEX "auth_group_permissions_group_id_permission_id_0cd325b0_uniq" ON "auth_group_permissions" ("group_id", "permission_id");
CREATE INDEX IF NOT EXISTS "auth_group_permissions_group_id_b120cbf9" ON "auth_group_permissions" ("group_id");
CREATE INDEX IF NOT EXISTS "auth_group_permissions_permission_id_84c5c92e" ON "auth_group_permissions" ("permission_id");
CREATE UNIQUE INDEX "auth_permission_content_type_id_codename_01ab375a_uniq" ON "auth_permission" ("content_type_id", "codename");
CREATE INDEX IF NOT EXISTS "auth_permission_content_type_id_2f476e4b" ON "auth_permission" ("content_type_id");
CREATE UNIQUE INDEX "users_user_groups_user_id_group_id_b88eab82_uniq" ON "users_user_groups" ("user_id", "group_id");
CREATE INDEX IF NOT EXISTS "users_user_groups_user_id_5f6f5a90" ON "users_user_groups" ("user_id");
CREATE INDEX IF NOT EXISTS "users_user_groups_group_id_9afc8d0e" ON "users_user_groups" ("group_id");
CREATE UNIQUE INDEX "users_user_user_permissions_user_id_permission_id_43338c45_uniq" ON "users_user_user_permissions" ("user_id", "permission_id");
CREATE INDEX IF NOT EXISTS "users_user_user_permissions_user_id_20aca447" ON "users_user_user_permissions" ("user_id");
CREATE INDEX IF NOT EXISTS "users_user_user_permissions_permission_id_0b93982e" ON "users_user_user_permissions" ("permission_id");
CREATE INDEX IF NOT EXISTS "django_admin_log_content_type_id_c4bce8eb" ON "django_admin_log" ("content_type_id");
CREATE INDEX IF NOT EXISTS "django_admin_log_user_id_c564eba6" ON "django_admin_log" ("user_id");
CREATE INDEX IF NOT EXISTS "django_session_expire_date_a5c62663" ON "django_session" ("expire_date");
CREATE INDEX IF NOT EXISTS "store_truck_details_truck_owner_id_155e372c" ON "store_truck_details" ("truck_owner_id");
CREATE INDEX IF NOT EXISTS "transactions_sub_trip_builty_id_26195045" ON "transactions_sub_trip" ("builty_id");
CREATE INDEX IF NOT EXISTS "transactions_sub_trip_station_from_id_d602b198" ON "transactions_sub_trip" ("station_from_id");
CREATE INDEX IF NOT EXISTS "transactions_sub_trip_station_to_id_fb47cb0b" ON "transactions_sub_trip" ("station_to_id");
CREATE INDEX IF NOT EXISTS "transactions_request_edit_builty_id_17f4ac6b" ON "transactions_request_edit" ("builty_id");
CREATE INDEX IF NOT EXISTS "transactions_request_edit_user_id_296a97e5" ON "transactions_request_edit" ("user_id");
CREATE INDEX IF NOT EXISTS "transactions_ack_builty_id_e9cf4eb9" ON "transactions_ack" ("builty_id");
CREATE INDEX IF NOT EXISTS "store_rate_to_station_id_71b5e0d1" ON "store_rate" ("to_station_id");
CREATE INDEX IF NOT EXISTS "store_rate_from_station_id_cf4de4c2" ON "store_rate" ("from_station_id");
CREATE INDEX IF NOT EXISTS "store_district_office_location_id_def88825" ON "store_district" ("office_location_id");
CREATE INDEX IF NOT EXISTS "users_user_company_id_14799323" ON "users_user" ("company_id");
CREATE INDEX IF NOT EXISTS "users_user_office_location_id_9bf9b0fd" ON "users_user" ("office_location_id");
CREATE INDEX IF NOT EXISTS "store_article_company_name_id_236802e6" ON "store_article" ("company_name_id");
CREATE INDEX IF NOT EXISTS "store_article_consignor_id_170c72fc" ON "store_article" ("consignor_id");
CREATE INDEX IF NOT EXISTS "store_article_office_location_id_216b5e85" ON "store_article" ("office_location_id");
CREATE INDEX IF NOT EXISTS "store_consignor_company_id_9fdf29a0" ON "store_consignor" ("company_id");
CREATE INDEX IF NOT EXISTS "store_consignor_office_location_id_709e205e" ON "store_consignor" ("office_location_id");
CREATE INDEX IF NOT EXISTS "store_onaccount_company_id_8283503d" ON "store_onaccount" ("company_id");
CREATE INDEX IF NOT EXISTS "store_onaccount_office_location_id_d8877177" ON "store_onaccount" ("office_location_id");
CREATE INDEX IF NOT EXISTS "store_station_taluka_id_51032d3b" ON "store_station" ("taluka_id");
CREATE INDEX IF NOT EXISTS "store_station_office_location_id_cc8d1da0" ON "store_station" ("office_location_id");
CREATE INDEX IF NOT EXISTS "store_taluka_district_id_63ffbdb2" ON "store_taluka" ("district_id");
CREATE INDEX IF NOT EXISTS "store_taluka_office_location_id_5a2300b5" ON "store_taluka" ("office_location_id");
CREATE INDEX IF NOT EXISTS "transactions_builty_article_id_9ef4500b" ON "transactions_builty" ("article_id");
CREATE INDEX IF NOT EXISTS "transactions_builty_company_id_e5faf59d" ON "transactions_builty" ("company_id");
CREATE INDEX IF NOT EXISTS "transactions_builty_consignor_id_abafe990" ON "transactions_builty" ("consignor_id");
CREATE INDEX IF NOT EXISTS "transactions_builty_district_id_32c090e4" ON "transactions_builty" ("district_id");
CREATE INDEX IF NOT EXISTS "transactions_builty_onaccount_id_35cc36f3" ON "transactions_builty" ("onaccount_id");
CREATE INDEX IF NOT EXISTS "transactions_builty_petrol_pump_id_9922ae78" ON "transactions_builty" ("petrol_pump_id");
CREATE INDEX IF NOT EXISTS "transactions_builty_station_from_id_0fc95978" ON "transactions_builty" ("station_from_id");
CREATE INDEX IF NOT EXISTS "transactions_builty_station_to_id_8018ef07" ON "transactions_builty" ("station_to_id");
CREATE INDEX IF NOT EXISTS "transactions_builty_taluka_id_3af43376" ON "transactions_builty" ("taluka_id");
CREATE INDEX IF NOT EXISTS "transactions_builty_truck_details_id_7724d30a" ON "transactions_builty" ("truck_details_id");
CREATE INDEX IF NOT EXISTS "transactions_builty_truck_owner_id_74656a52" ON "transactions_builty" ("truck_owner_id");
CREATE INDEX IF NOT EXISTS "transactions_builty_user_id_82211060" ON "transactions_builty" ("user_id");
CREATE TABLE IF NOT EXISTS "django_content_type" ("id" integer NOT NULL PRIMARY KEY AUTOINCREMENT, "app_label" varchar(100) NOT NULL, "model" varchar(100) NOT NULL);
INSERT INTO "django_content_type" VALUES(1,'admin','logentry');
INSERT INTO "django_content_type" VALUES(2,'auth','permission');
INSERT INTO "django_content_type" VALUES(3,'auth','group');
INSERT INTO "django_content_type" VALUES(4,'contenttypes','contenttype');
INSERT INTO "django_content_type" VALUES(5,'sessions','session');
INSERT INTO "django_content_type" VALUES(6,'users','user');
INSERT INTO "django_content_type" VALUES(7,'store','company');
INSERT INTO "django_content_type" VALUES(8,'store','district');
INSERT INTO "django_content_type" VALUES(9,'store','station');
INSERT INTO "django_content_type" VALUES(10,'store','truck_details');
INSERT INTO "django_content_type" VALUES(11,'store','truck_owner');
INSERT INTO "django_content_type" VALUES(12,'store','taluka');
INSERT INTO "django_content_type" VALUES(13,'store','onaccount');
INSERT INTO "django_content_type" VALUES(14,'store','consignor');
INSERT INTO "django_content_type" VALUES(15,'store','article');
INSERT INTO "django_content_type" VALUES(16,'store','rate');
INSERT INTO "django_content_type" VALUES(17,'store','petrol_pump');
INSERT INTO "django_content_type" VALUES(18,'store','driver');
INSERT INTO "django_content_type" VALUES(19,'transactions','ack');
INSERT INTO "django_content_type" VALUES(20,'transactions','builty');
INSERT INTO "django_content_type" VALUES(21,'transactions','sub_trip');
INSERT INTO "django_content_type" VALUES(22,'transactions','request_edit');
INSERT INTO "django_content_type" VALUES(23,'store','office_location');
CREATE UNIQUE INDEX "django_content_type_app_label_model_76bd3d3b_uniq" ON "django_content_type" ("app_label", "model");
CREATE UNIQUE INDEX "auth_group_permissions_group_id_permission_id_0cd325b0_uniq" ON "auth_group_permissions" ("group_id", "permission_id");
CREATE INDEX IF NOT EXISTS "auth_group_permissions_group_id_b120cbf9" ON "auth_group_permissions" ("group_id");
CREATE INDEX IF NOT EXISTS "auth_group_permissions_permission_id_84c5c92e" ON "auth_group_permissions" ("permission_id");
CREATE UNIQUE INDEX "auth_permission_content_type_id_codename_01ab375a_uniq" ON "auth_permission" ("content_type_id", "codename");
CREATE INDEX IF NOT EXISTS "auth_permission_content_type_id_2f476e4b" ON "auth_permission" ("content_type_id");
CREATE UNIQUE INDEX "users_user_groups_user_id_group_id_b88eab82_uniq" ON "users_user_groups" ("user_id", "group_id");
CREATE INDEX IF NOT EXISTS "users_user_groups_user_id_5f6f5a90" ON "users_user_groups" ("user_id");
CREATE INDEX IF NOT EXISTS "users_user_groups_group_id_9afc8d0e" ON "users_user_groups" ("group_id");
CREATE UNIQUE INDEX "users_user_user_permissions_user_id_permission_id_43338c45_uniq" ON "users_user_user_permissions" ("user_id", "permission_id");
CREATE INDEX IF NOT EXISTS "users_user_user_permissions_user_id_20aca447" ON "users_user_user_permissions" ("user_id");
CREATE INDEX IF NOT EXISTS "users_user_user_permissions_permission_id_0b93982e" ON "users_user_user_permissions" ("permission_id");
CREATE INDEX IF NOT EXISTS "django_admin_log_content_type_id_c4bce8eb" ON "django_admin_log" ("content_type_id");
CREATE INDEX IF NOT EXISTS "django_admin_log_user_id_c564eba6" ON "django_admin_log" ("user_id");
CREATE INDEX IF NOT EXISTS "django_session_expire_date_a5c62663" ON "django_session" ("expire_date");
CREATE INDEX IF NOT EXISTS "store_truck_details_truck_owner_id_155e372c" ON "store_truck_details" ("truck_owner_id");
CREATE INDEX IF NOT EXISTS "transactions_sub_trip_builty_id_26195045" ON "transactions_sub_trip" ("builty_id");
CREATE INDEX IF NOT EXISTS "transactions_sub_trip_station_from_id_d602b198" ON "transactions_sub_trip" ("station_from_id");
CREATE INDEX IF NOT EXISTS "transactions_sub_trip_station_to_id_fb47cb0b" ON "transactions_sub_trip" ("station_to_id");
CREATE INDEX IF NOT EXISTS "transactions_request_edit_builty_id_17f4ac6b" ON "transactions_request_edit" ("builty_id");
CREATE INDEX IF NOT EXISTS "transactions_request_edit_user_id_296a97e5" ON "transactions_request_edit" ("user_id");
CREATE INDEX IF NOT EXISTS "transactions_ack_builty_id_e9cf4eb9" ON "transactions_ack" ("builty_id");
CREATE INDEX IF NOT EXISTS "store_rate_to_station_id_71b5e0d1" ON "store_rate" ("to_station_id");
CREATE INDEX IF NOT EXISTS "store_rate_from_station_id_cf4de4c2" ON "store_rate" ("from_station_id");
CREATE INDEX IF NOT EXISTS "store_district_office_location_id_def88825" ON "store_district" ("office_location_id");
CREATE INDEX IF NOT EXISTS "users_user_company_id_14799323" ON "users_user" ("company_id");
CREATE INDEX IF NOT EXISTS "users_user_office_location_id_9bf9b0fd" ON "users_user" ("office_location_id");
CREATE INDEX IF NOT EXISTS "store_article_company_name_id_236802e6" ON "store_article" ("company_name_id");
CREATE INDEX IF NOT EXISTS "store_article_consignor_id_170c72fc" ON "store_article" ("consignor_id");
CREATE INDEX IF NOT EXISTS "store_article_office_location_id_216b5e85" ON "store_article" ("office_location_id");
CREATE INDEX IF NOT EXISTS "store_consignor_company_id_9fdf29a0" ON "store_consignor" ("company_id");
CREATE INDEX IF NOT EXISTS "store_consignor_office_location_id_709e205e" ON "store_consignor" ("office_location_id");
CREATE INDEX IF NOT EXISTS "store_onaccount_company_id_8283503d" ON "store_onaccount" ("company_id");
CREATE INDEX IF NOT EXISTS "store_onaccount_office_location_id_d8877177" ON "store_onaccount" ("office_location_id");
CREATE INDEX IF NOT EXISTS "store_station_taluka_id_51032d3b" ON "store_station" ("taluka_id");
CREATE INDEX IF NOT EXISTS "store_station_office_location_id_cc8d1da0" ON "store_station" ("office_location_id");
CREATE INDEX IF NOT EXISTS "store_taluka_district_id_63ffbdb2" ON "store_taluka" ("district_id");
CREATE INDEX IF NOT EXISTS "store_taluka_office_location_id_5a2300b5" ON "store_taluka" ("office_location_id");
CREATE INDEX IF NOT EXISTS "transactions_builty_article_id_9ef4500b" ON "transactions_builty" ("article_id");
CREATE INDEX IF NOT EXISTS "transactions_builty_company_id_e5faf59d" ON "transactions_builty" ("company_id");
CREATE INDEX IF NOT EXISTS "transactions_builty_consignor_id_abafe990" ON "transactions_builty" ("consignor_id");
CREATE INDEX IF NOT EXISTS "transactions_builty_district_id_32c090e4" ON "transactions_builty" ("district_id");
CREATE INDEX IF NOT EXISTS "transactions_builty_onaccount_id_35cc36f3" ON "transactions_builty" ("onaccount_id");
CREATE INDEX IF NOT EXISTS "transactions_builty_petrol_pump_id_9922ae78" ON "transactions_builty" ("petrol_pump_id");
CREATE INDEX IF NOT EXISTS "transactions_builty_station_from_id_0fc95978" ON "transactions_builty" ("station_from_id");
CREATE INDEX IF NOT EXISTS "transactions_builty_station_to_id_8018ef07" ON "transactions_builty" ("station_to_id");
CREATE INDEX IF NOT EXISTS "transactions_builty_taluka_id_3af43376" ON "transactions_builty" ("taluka_id");
CREATE INDEX IF NOT EXISTS "transactions_builty_truck_details_id_7724d30a" ON "transactions_builty" ("truck_details_id");
CREATE INDEX IF NOT EXISTS "transactions_builty_truck_owner_id_74656a52" ON "transactions_builty" ("truck_owner_id");
CREATE INDEX IF NOT EXISTS "transactions_builty_user_id_82211060" ON "transactions_builty" ("user_id");
CREATE TABLE IF NOT EXISTS "django_migrations" ("id" integer NOT NULL PRIMARY KEY AUTOINCREMENT, "app" varchar(255) NOT NULL, "name" varchar(255) NOT NULL, "applied" datetime NOT NULL);
INSERT INTO "django_migrations" VALUES(1,'store','0001_initial','2023-03-17 18:31:00.355336');
INSERT INTO "django_migrations" VALUES(2,'contenttypes','0001_initial','2023-03-17 18:31:00.388139');
INSERT INTO "django_migrations" VALUES(3,'contenttypes','0002_remove_content_type_name','2023-03-17 18:31:00.424526');
INSERT INTO "django_migrations" VALUES(4,'auth','0001_initial','2023-03-17 18:31:00.480419');
INSERT INTO "django_migrations" VALUES(5,'auth','0002_alter_permission_name_max_length','2023-03-17 18:31:00.512938');
INSERT INTO "django_migrations" VALUES(6,'auth','0003_alter_user_email_max_length','2023-03-17 18:31:00.538441');
INSERT INTO "django_migrations" VALUES(7,'auth','0004_alter_user_username_opts','2023-03-17 18:31:00.565257');
INSERT INTO "django_migrations" VALUES(8,'auth','0005_alter_user_last_login_null','2023-03-17 18:31:00.591656');
INSERT INTO "django_migrations" VALUES(9,'auth','0006_require_contenttypes_0002','2023-03-17 18:31:00.616207');
INSERT INTO "django_migrations" VALUES(10,'auth','0007_alter_validators_add_error_messages','2023-03-17 18:31:00.643939');
INSERT INTO "django_migrations" VALUES(11,'auth','0008_alter_user_username_max_length','2023-03-17 18:31:00.674218');
INSERT INTO "django_migrations" VALUES(12,'auth','0009_alter_user_last_name_max_length','2023-03-17 18:31:00.705212');
INSERT INTO "django_migrations" VALUES(13,'auth','0010_alter_group_name_max_length','2023-03-17 18:31:00.734217');
INSERT INTO "django_migrations" VALUES(14,'auth','0011_update_proxy_permissions','2023-03-17 18:31:00.767938');
INSERT INTO "django_migrations" VALUES(15,'auth','0012_alter_user_first_name_max_length','2023-03-17 18:31:00.794469');
INSERT INTO "django_migrations" VALUES(16,'users','0001_initial','2023-03-17 18:31:00.853558');
INSERT INTO "django_migrations" VALUES(17,'admin','0001_initial','2023-03-17 18:31:00.916566');
INSERT INTO "django_migrations" VALUES(18,'admin','0002_logentry_remove_auto_add','2023-03-17 18:31:00.953004');
INSERT INTO "django_migrations" VALUES(19,'admin','0003_logentry_add_action_flag_choices','2023-03-17 18:31:00.984604');
INSERT INTO "django_migrations" VALUES(20,'sessions','0001_initial','2023-03-17 18:31:01.029855');
INSERT INTO "django_migrations" VALUES(21,'store','0002_remove_truck_owner_truck_truck_details_truck_owner','2023-03-17 18:31:01.081507');
INSERT INTO "django_migrations" VALUES(22,'store','0003_alter_truck_details_fitness_and_more','2023-03-17 18:31:01.164559');
INSERT INTO "django_migrations" VALUES(23,'store','0004_remove_truck_details_company','2023-03-17 18:31:01.200088');
INSERT INTO "django_migrations" VALUES(24,'store','0005_rates','2023-03-17 18:31:01.246954');
INSERT INTO "django_migrations" VALUES(25,'store','0006_rename_rates_rate','2023-03-17 18:31:01.296283');
INSERT INTO "django_migrations" VALUES(26,'store','0007_rename_from_statation_rate_from_station','2023-03-17 18:31:01.325672');
INSERT INTO "django_migrations" VALUES(27,'store','0008_petrol_pump','2023-03-17 18:31:01.355688');
INSERT INTO "django_migrations" VALUES(28,'store','0009_drivers_details','2023-03-17 18:31:01.379008');
INSERT INTO "django_migrations" VALUES(29,'store','0010_rename_drivers_details_driver','2023-03-17 18:31:01.420600');
INSERT INTO "django_migrations" VALUES(30,'store','0011_consignor_builty_code','2023-03-17 18:31:01.450957');
INSERT INTO "django_migrations" VALUES(31,'transactions','0001_initial','2023-03-17 18:31:01.509584');
INSERT INTO "django_migrations" VALUES(32,'transactions','0002_initial','2023-03-17 18:31:01.862390');
INSERT INTO "django_migrations" VALUES(33,'transactions','0003_builty_petrol_pump','2023-03-17 18:31:01.934477');
INSERT INTO "django_migrations" VALUES(34,'transactions','0004_request_edit_history','2023-03-17 18:31:02.000062');
INSERT INTO "django_migrations" VALUES(35,'transactions','0005_builty_challan_date','2023-03-17 18:31:02.259903');
INSERT INTO "django_migrations" VALUES(36,'transactions','0006_remove_builty_challan_date_ack_challan_date','2023-03-17 18:31:02.429005');
INSERT INTO "django_migrations" VALUES(37,'transactions','0007_alter_builty_less_tds_alter_builty_note_and_more','2023-03-17 18:31:02.566235');
INSERT INTO "django_migrations" VALUES(38,'transactions','0008_alter_builty_freight_alter_builty_less_advance_and_more','2023-03-17 18:31:02.853046');
INSERT INTO "django_migrations" VALUES(39,'transactions','0009_alter_builty_balance','2023-03-17 18:31:02.938359');
INSERT INTO "django_migrations" VALUES(40,'transactions','0010_alter_builty_balance_alter_builty_freight_and_more','2023-03-17 18:31:03.235741');
INSERT INTO "django_migrations" VALUES(41,'transactions','0011_alter_builty_builty_no','2023-03-17 18:31:03.334534');
INSERT INTO "django_migrations" VALUES(42,'store','0012_driver_driving_licence','2023-03-18 12:49:22.879893');
INSERT INTO "django_migrations" VALUES(43,'store','0013_truck_owner_pan_card','2023-03-18 13:12:52.675287');
INSERT INTO "django_migrations" VALUES(44,'store','0014_station_taluka','2023-03-20 07:55:51.205704');
INSERT INTO "django_migrations" VALUES(45,'transactions','0012_builty_mobile_no','2023-03-20 07:55:51.281696');
INSERT INTO "django_migrations" VALUES(46,'transactions','0013_builty_deleted','2023-03-20 12:52:26.012902');
INSERT INTO "django_migrations" VALUES(47,'store','0015_remove_rate_own_rate','2023-03-28 12:04:13.944652');
INSERT INTO "django_migrations" VALUES(48,'transactions','0014_alter_builty_balance_alter_builty_freight_and_more','2023-03-31 10:00:32.123772');
INSERT INTO "django_migrations" VALUES(49,'transactions','0015_alter_builty_balance_alter_builty_less_advance_and_more','2023-03-31 10:00:32.298348');
INSERT INTO "django_migrations" VALUES(50,'transactions','0016_alter_builty_balance_alter_builty_freight_and_more','2023-04-01 16:25:22.634683');
INSERT INTO "django_migrations" VALUES(51,'transactions','0017_alter_builty_less_advance','2023-04-01 18:37:31.274800');
INSERT INTO "django_migrations" VALUES(52,'transactions','0018_alter_builty_less_advance_alter_builty_less_tds','2023-04-01 18:37:31.368827');
INSERT INTO "django_migrations" VALUES(53,'users','0002_user_city','2023-04-02 10:00:09.413979');
INSERT INTO "django_migrations" VALUES(54,'store','0016_office_location','2023-04-02 20:38:59.971470');
INSERT INTO "django_migrations" VALUES(55,'store','0017_district_office_location','2023-04-02 20:50:00.945817');
INSERT INTO "django_migrations" VALUES(56,'store','0018_alter_district_office_location','2023-04-02 20:50:01.002733');
INSERT INTO "django_migrations" VALUES(57,'store','0019_alter_district_office_location','2023-04-02 20:50:01.062768');
INSERT INTO "django_migrations" VALUES(58,'store','0020_alter_district_office_location','2023-04-02 20:50:01.111982');
INSERT INTO "django_migrations" VALUES(59,'store','0021_station_office_location_taluka_office_location','2023-04-02 20:50:01.215950');
INSERT INTO "django_migrations" VALUES(60,'store','0022_onaccount_office_location','2023-04-02 20:50:01.275163');
INSERT INTO "django_migrations" VALUES(61,'store','0023_consignor_office_location_and_more','2023-04-02 20:50:01.347761');
INSERT INTO "django_migrations" VALUES(62,'store','0024_article_office_location','2023-04-02 20:50:01.443426');
INSERT INTO "django_migrations" VALUES(63,'store','0002_driver_mobil1e_no','2023-04-02 21:34:25.504038');
INSERT INTO "django_migrations" VALUES(64,'store','0003_remove_driver_mobil1e_no','2023-04-02 21:39:32.562840');
INSERT INTO "django_migrations" VALUES(65,'transactions','0003_builty_bags1','2023-04-02 21:39:32.642108');
INSERT INTO "django_migrations" VALUES(66,'transactions','0004_remove_builty_bags1','2023-04-02 21:39:32.698328');
INSERT INTO "django_migrations" VALUES(67,'users','0002_user_date_joined1','2023-04-02 21:44:16.136574');
INSERT INTO "django_migrations" VALUES(68,'users','0002_auto_20230402_2150','2023-04-02 21:50:40.703439');
INSERT INTO "django_migrations" VALUES(69,'store','0004_alter_consignor_builty_code','2023-04-02 22:40:23.724613');
INSERT INTO "django_migrations" VALUES(70,'store','0005_remove_truck_owner_address_and_more','2023-04-05 17:30:38.398776');
INSERT INTO "django_migrations" VALUES(71,'store','0006_truck_owner_address_truck_owner_bank_acc_and_more','2023-04-06 08:55:02.340602');
INSERT INTO "django_migrations" VALUES(72,'store','0007_rename_adhar_card_driver_adhar_card1','2023-04-10 10:27:25.218781');
INSERT INTO "django_migrations" VALUES(73,'store','0008_rename_adhar_card1_driver_adhar_card','2023-04-10 10:27:25.254940');
INSERT INTO "django_migrations" VALUES(74,'store','0009_rename_adhar_card_driver_adhar_card1','2023-04-10 10:27:25.292329');
INSERT INTO "django_migrations" VALUES(75,'store','0010_rename_adhar_card1_driver_adhar_card','2023-04-10 10:27:25.327875');
INSERT INTO "django_migrations" VALUES(76,'transactions','0005_alter_builty_bags','2023-04-13 09:26:37.079674');
CREATE UNIQUE INDEX "django_content_type_app_label_model_76bd3d3b_uniq" ON "django_content_type" ("app_label", "model");
CREATE UNIQUE INDEX "auth_group_permissions_group_id_permission_id_0cd325b0_uniq" ON "auth_group_permissions" ("group_id", "permission_id");
CREATE INDEX IF NOT EXISTS "auth_group_permissions_group_id_b120cbf9" ON "auth_group_permissions" ("group_id");
CREATE INDEX IF NOT EXISTS "auth_group_permissions_permission_id_84c5c92e" ON "auth_group_permissions" ("permission_id");
CREATE UNIQUE INDEX "auth_permission_content_type_id_codename_01ab375a_uniq" ON "auth_permission" ("content_type_id", "codename");
CREATE INDEX IF NOT EXISTS "auth_permission_content_type_id_2f476e4b" ON "auth_permission" ("content_type_id");
CREATE UNIQUE INDEX "users_user_groups_user_id_group_id_b88eab82_uniq" ON "users_user_groups" ("user_id", "group_id");
CREATE INDEX IF NOT EXISTS "users_user_groups_user_id_5f6f5a90" ON "users_user_groups" ("user_id");
CREATE INDEX IF NOT EXISTS "users_user_groups_group_id_9afc8d0e" ON "users_user_groups" ("group_id");
CREATE UNIQUE INDEX "users_user_user_permissions_user_id_permission_id_43338c45_uniq" ON "users_user_user_permissions" ("user_id", "permission_id");
CREATE INDEX IF NOT EXISTS "users_user_user_permissions_user_id_20aca447" ON "users_user_user_permissions" ("user_id");
CREATE INDEX IF NOT EXISTS "users_user_user_permissions_permission_id_0b93982e" ON "users_user_user_permissions" ("permission_id");
CREATE INDEX IF NOT EXISTS "django_admin_log_content_type_id_c4bce8eb" ON "django_admin_log" ("content_type_id");
CREATE INDEX IF NOT EXISTS "django_admin_log_user_id_c564eba6" ON "django_admin_log" ("user_id");
CREATE INDEX IF NOT EXISTS "django_session_expire_date_a5c62663" ON "django_session" ("expire_date");
CREATE INDEX IF NOT EXISTS "store_truck_details_truck_owner_id_155e372c" ON "store_truck_details" ("truck_owner_id");
CREATE INDEX IF NOT EXISTS "transactions_sub_trip_builty_id_26195045" ON "transactions_sub_trip" ("builty_id");
CREATE INDEX IF NOT EXISTS "transactions_sub_trip_station_from_id_d602b198" ON "transactions_sub_trip" ("station_from_id");
CREATE INDEX IF NOT EXISTS "transactions_sub_trip_station_to_id_fb47cb0b" ON "transactions_sub_trip" ("station_to_id");
CREATE INDEX IF NOT EXISTS "transactions_request_edit_builty_id_17f4ac6b" ON "transactions_request_edit" ("builty_id");
CREATE INDEX IF NOT EXISTS "transactions_request_edit_user_id_296a97e5" ON "transactions_request_edit" ("user_id");
CREATE INDEX IF NOT EXISTS "transactions_ack_builty_id_e9cf4eb9" ON "transactions_ack" ("builty_id");
CREATE INDEX IF NOT EXISTS "store_rate_to_station_id_71b5e0d1" ON "store_rate" ("to_station_id");
CREATE INDEX IF NOT EXISTS "store_rate_from_station_id_cf4de4c2" ON "store_rate" ("from_station_id");
CREATE INDEX IF NOT EXISTS "store_district_office_location_id_def88825" ON "store_district" ("office_location_id");
CREATE INDEX IF NOT EXISTS "users_user_company_id_14799323" ON "users_user" ("company_id");
CREATE INDEX IF NOT EXISTS "users_user_office_location_id_9bf9b0fd" ON "users_user" ("office_location_id");
CREATE INDEX IF NOT EXISTS "store_article_company_name_id_236802e6" ON "store_article" ("company_name_id");
CREATE INDEX IF NOT EXISTS "store_article_consignor_id_170c72fc" ON "store_article" ("consignor_id");
CREATE INDEX IF NOT EXISTS "store_article_office_location_id_216b5e85" ON "store_article" ("office_location_id");
CREATE INDEX IF NOT EXISTS "store_consignor_company_id_9fdf29a0" ON "store_consignor" ("company_id");
CREATE INDEX IF NOT EXISTS "store_consignor_office_location_id_709e205e" ON "store_consignor" ("office_location_id");
CREATE INDEX IF NOT EXISTS "store_onaccount_company_id_8283503d" ON "store_onaccount" ("company_id");
CREATE INDEX IF NOT EXISTS "store_onaccount_office_location_id_d8877177" ON "store_onaccount" ("office_location_id");
CREATE INDEX IF NOT EXISTS "store_station_taluka_id_51032d3b" ON "store_station" ("taluka_id");
CREATE INDEX IF NOT EXISTS "store_station_office_location_id_cc8d1da0" ON "store_station" ("office_location_id");
CREATE INDEX IF NOT EXISTS "store_taluka_district_id_63ffbdb2" ON "store_taluka" ("district_id");
CREATE INDEX IF NOT EXISTS "store_taluka_office_location_id_5a2300b5" ON "store_taluka" ("office_location_id");
CREATE INDEX IF NOT EXISTS "transactions_builty_article_id_9ef4500b" ON "transactions_builty" ("article_id");
CREATE INDEX IF NOT EXISTS "transactions_builty_company_id_e5faf59d" ON "transactions_builty" ("company_id");
CREATE INDEX IF NOT EXISTS "transactions_builty_consignor_id_abafe990" ON "transactions_builty" ("consignor_id");
CREATE INDEX IF NOT EXISTS "transactions_builty_district_id_32c090e4" ON "transactions_builty" ("district_id");
CREATE INDEX IF NOT EXISTS "transactions_builty_onaccount_id_35cc36f3" ON "transactions_builty" ("onaccount_id");
CREATE INDEX IF NOT EXISTS "transactions_builty_petrol_pump_id_9922ae78" ON "transactions_builty" ("petrol_pump_id");
CREATE INDEX IF NOT EXISTS "transactions_builty_station_from_id_0fc95978" ON "transactions_builty" ("station_from_id");
CREATE INDEX IF NOT EXISTS "transactions_builty_station_to_id_8018ef07" ON "transactions_builty" ("station_to_id");
CREATE INDEX IF NOT EXISTS "transactions_builty_taluka_id_3af43376" ON "transactions_builty" ("taluka_id");
CREATE INDEX IF NOT EXISTS "transactions_builty_truck_details_id_7724d30a" ON "transactions_builty" ("truck_details_id");
CREATE INDEX IF NOT EXISTS "transactions_builty_truck_owner_id_74656a52" ON "transactions_builty" ("truck_owner_id");
CREATE INDEX IF NOT EXISTS "transactions_builty_user_id_82211060" ON "transactions_builty" ("user_id");
CREATE TABLE IF NOT EXISTS "django_session" ("session_key" varchar(40) NOT NULL PRIMARY KEY, "session_data" text NOT NULL, "expire_date" datetime NOT NULL);
INSERT INTO "django_session" VALUES('a92izv18hrcvv2qx9swkyhh9yyo2gnrk','.eJxVjDsOwyAQRO9CHSHDIj4p0-cMaIElOImwZOzKyt0DkouknHlv5mAe9634vdHq58SuTLDLbxcwvqgOkJ5YHwuPS93WOfCh8JM2fl8SvW-n-3dQsJWxhslBUFYCGiW0nSSSkb3qOTtHgNEoMkLobE3UQqfceYoKSFmIgX2-wl83fw:1pdF0V:9Rho9UYOnFEN0yY4KmXJd9bsu2i3U-l7co3uJOCaaWY','2023-03-31 18:40:51.337365');
INSERT INTO "django_session" VALUES('gxvsvf0bh1u8okcbn3ap5tyiv8oa5tcz','.eJxVjDsOwyAQRO9CHSHDIj4p0-cMaIElOImwZOzKyt0DkouknHlv5mAe9634vdHq58SuTLDLbxcwvqgOkJ5YHwuPS93WOfCh8JM2fl8SvW-n-3dQsJWxhslBUFYCGiW0nSSSkb3qOTtHgNEoMkLobE3UQqfceYoKSFmIgX2-wl83fw:1pdQv3:B-0P8PRwxf1tZTuZ8WqSIfroXdjfXMpUiOos1ebA89M','2023-04-01 07:24:01.640570');
INSERT INTO "django_session" VALUES('f3qy2oicthepp2wssz7v0nzslxb3c7ty','.eJxVjDsOwyAQRO9CHSHDIj4p0-cMaIElOImwZOzKyt0DkouknHlv5mAe9634vdHq58SuTLDLbxcwvqgOkJ5YHwuPS93WOfCh8JM2fl8SvW-n-3dQsJWxhslBUFYCGiW0nSSSkb3qOTtHgNEoMkLobE3UQqfceYoKSFmIgX2-wl83fw:1pdmUs:AOE17xp1Tq6G5HYr9Veg4myUxP3wRPef5Q7wHJ2kiOE','2023-04-02 06:26:26.466266');
INSERT INTO "django_session" VALUES('xkskm03s4oqzucg9nmy5s1d7tg0zxv63','.eJxVjDsOwyAQRO9CHSHDIj4p0-cMaIElOImwZOzKyt0DkouknHlv5mAe9634vdHq58SuTLDLbxcwvqgOkJ5YHwuPS93WOfCh8JM2fl8SvW-n-3dQsJWxhslBUFYCGiW0nSSSkb3qOTtHgNEoMkLobE3UQqfceYoKSFmIgX2-wl83fw:1pe9sa:D1CFsPkItnkuqr3Z1Ix4L_7mfdQ-9AhqLyiObeG__no','2023-04-03 07:24:28.177456');
INSERT INTO "django_session" VALUES('m5kgmf98i6niq4s6xt6fljtf2jvv5fjt','.eJxVjDsOwyAQRO9CHSHDIj4p0-cMaIElOImwZOzKyt0DkouknHlv5mAe9634vdHq58SuTLDLbxcwvqgOkJ5YHwuPS93WOfCh8JM2fl8SvW-n-3dQsJWxhslBUFYCGiW0nSSSkb3qOTtHgNEoMkLobE3UQqfceYoKSFmIgX2-wl83fw:1peG1F:YgJlTRuwEZGFmhTgKBhoiIIdKxjUytjF6p4b4H_NQPY','2023-04-03 13:57:49.877742');
INSERT INTO "django_session" VALUES('vn1fziy364vyh9uiics7h5e1cvffd5mp','.eJxVjDsOwyAQRO9CHSHDIj4p0-cMaIElOImwZOzKyt0DkouknHlv5mAe9634vdHq58SuTLDLbxcwvqgOkJ5YHwuPS93WOfCh8JM2fl8SvW-n-3dQsJWxhslBUFYCGiW0nSSSkb3qOTtHgNEoMkLobE3UQqfceYoKSFmIgX2-wl83fw:1pevu1:rrtkKqLdw5b7pc--5CnXqkqsBwvB85KOfDAMiSZYE0s','2023-04-05 10:41:09.238947');
INSERT INTO "django_session" VALUES('uq1s55fpksltgqqmk7n1xyph1gbvtrhl','.eJxVjEsOAiEQBe_C2hBofurSvWcgTTfIqIFkmFkZ766TzEK3r6reS0RclxrXkec4sTgLEIffLSE9ctsA37HduqTelnlKclPkToe8ds7Py-7-HVQc9VsHNgoSGkUFTs46DMgWLVDWyWNwgcBY0MYBHTmA9ghgXNEKqHhfvHh_ANJwNyI:1piCRc:No9Oy593L1Esf0dSQILMarbSi3AIJOcbI6npB4J7BJ4','2023-04-14 10:57:20.736252');
INSERT INTO "django_session" VALUES('xojeuhnyyo0wlzml1azhq3pclhljedo6','.eJxVjE0OwiAYBe_C2hBosYBL9z1D8_0hVQNJaVfGu2uTLnT7Zua91ATbmqetyTLNrC6qU6ffDYEeUnbAdyi3qqmWdZlR74o-aNNjZXleD_fvIEPL39qJQ0qC3kU0AzEOvo8INkmMEFgCE1L0xmCIvbGY5IwcxCbogJ0h9f4AHoU5hA:1piNdR:fM9-JcSbQygMIEj8O1DfB-rCv_xGepi8jilGVbcZc5w','2023-04-14 22:54:17.658679');
INSERT INTO "django_session" VALUES('gt1g1rpm217zywtxxpeuwn62u1ea5xe8','.eJxVjDsOwyAQRO9CHSHDIj4p0-cMaIElOImwZOzKyt0DkouknHlv5mAe9634vdHq58SuTLDLbxcwvqgOkJ5YHwuPS93WOfCh8JM2fl8SvW-n-3dQsJWxhslBUFYCGiW0nSSSkb3qOTtHgNEoMkLobE3UQqfceYoKSFmIgX2-wl83fw:1piNp4:5nfKY5w7_f8aELhjeO7ZkICji62FH2We7YV0cQiHyyA','2023-04-14 23:06:18.633271');
INSERT INTO "django_session" VALUES('prprnq4jbvjk2hseq8jtmoxozu0rzy9t','.eJxVjMsOwiAUBf-FtSE8L-DSfb-B8LhI1UBS2pXx322TLnQ7M-e8iQ_bWv02cPFzJlciyeWXxZCe2A6RH6HdO029rcsc6ZHQ0w469Yyv29n-HdQw6r4GncCh5MWarNFBYkoEp0VyEbjkinFXilbM7gDBoHVQlDEICo1QPJLPF8fJNw0:1piZNr:bQvo0H2LNaJilDJzAnQ65TCPyeZyTtSI8WvGzPYWMkc','2023-04-15 11:26:59.016204');
INSERT INTO "django_session" VALUES('s8afce031ba5b9yq3hgakgiqxtwkodbu','.eJxVjDsOwjAQRO_iGllaf5Y1JT1nsPxZ4wCypTipEHcnkVKANNW8N_MWPqxL9evg2U9ZXASI028XQ3py20F-hHbvMvW2zFOUuyIPOuStZ35dD_fvoIZRtzUDOYqobVIKQRVArdFFa1KGYFwxKZGhkpnRgjpvMQ4xQtBEyKDF5wu-9jbF:1piuwv:Tp6hBfT1jYC3cCQeIo8OrMEizeXY99nriBF3A1yw3Qc','2023-04-16 10:28:37.741500');
INSERT INTO "django_session" VALUES('jdv9eva3ijvw8hfgwd8cnn9e1yf6sse2','.eJxVjDsOwjAQBe_iGln-rmNKes5g7dprHECxlE-FuDtESgHtm5n3Egm3taVt4TmNRZyFEaffjTA_eNpBueN06zL3aZ1HkrsiD7rIay_8vBzu30HDpX1rikbpak1AdgHBVKetLwbIahoGFTwBsauRIXsbI2cItpJSRQGAVSjeH8xoNz8:1pjF1a:B0RQkqtPXxb-IeLXhgA7JAZ8CbZKcRLjow3S6Y0Sykk','2023-04-17 07:54:46.744023');
INSERT INTO "django_session" VALUES('noyehbr9uf1pvoo8hk4vkdq5tevk33no','.eJxVjDsOwjAQBe_iGln-rmNKes5g7dprHECxlE-FuDtESgHtm5n3Egm3taVt4TmNRZyFEaffjTA_eNpBueN06zL3aZ1HkrsiD7rIay_8vBzu30HDpX1rikbpak1AdgHBVKetLwbIahoGFTwBsauRIXsbI2cItpJSRQGAVSjeH8xoNz8:1pjIj1:gfJyn8CUyh4GMg5GjUt3WX3nEpL1o0EOgfbrSaDaRHI','2023-04-17 11:51:51.427170');
INSERT INTO "django_session" VALUES('c8h2cjq8ndrwozi09xotqpbjdcw2nxbj','.eJxVjDsOwjAQBe_iGln-rmNKes5g7dprHECxlE-FuDtESgHtm5n3Egm3taVt4TmNRZyFEaffjTA_eNpBueN06zL3aZ1HkrsiD7rIay_8vBzu30HDpX1rikbpak1AdgHBVKetLwbIahoGFTwBsauRIXsbI2cItpJSRQGAVSjeH8xoNz8:1pjSMc:IDiWQEJWm-BhTmpIv9Q2xQVyaXJhousdIVlRp6BvRzY','2023-04-17 22:09:22.115698');
INSERT INTO "django_session" VALUES('z3j5x1ux7sn9z52eddo57qwtb6nz214p','.eJxVjEsOAiEQBe_C2hAaG2hcuvcMpPkoowaSYWZlvLtOMgvdvqp6LxF4XWpYR5nDlMVJgDj8bpHTo7QN5Du3W5ept2WeotwUudMhLz2X53l3_w4qj_qtLTOCwgzI-miJHCtvXSREqyNaAnAEiiOCQc-6AJXkroigozEeQLw_pWo2Ew:1pk3tt:Hu0JgcagdJgV7_3BpN7b7epmEyeu8MkhjEnp3jX0_fU','2023-04-19 14:14:13.756592');
INSERT INTO "django_session" VALUES('m9ptpfgemimpexyi81993mitlbu7gz4r','.eJxVjDsOwjAQBe_iGln-rmNKes5g7dprHECxlE-FuDtESgHtm5n3Egm3taVt4TmNRZyFEaffjTA_eNpBueN06zL3aZ1HkrsiD7rIay_8vBzu30HDpX1rikbpak1AdgHBVKetLwbIahoGFTwBsauRIXsbI2cItpJSRQGAVSjeH8xoNz8:1pk6Jq:aGWFiA-nhGjiHIpBlxNRP5qG5sWaG08rEVFTJosNeZA','2023-04-19 16:49:10.177735');
INSERT INTO "django_session" VALUES('wjhkdp7nvhs1ddmmz7y8kep5qal39bdd','.eJxVjDsOwjAQBe_iGln-rmNKes5g7dprHECxlE-FuDtESgHtm5n3Egm3taVt4TmNRZyFEaffjTA_eNpBueN06zL3aZ1HkrsiD7rIay_8vBzu30HDpX1rikbpak1AdgHBVKetLwbIahoGFTwBsauRIXsbI2cItpJSRQGAVSjeH8xoNz8:1pk6ZZ:eakPH4hXD9_s3q3exPpXgH0BycBgYvEw9_K7kspncyM','2023-04-19 17:05:25.399718');
INSERT INTO "django_session" VALUES('1cgf0yho3tcs2649u78vu9gygt1wax39','.eJxVjDsOwjAQBe_iGln-rmNKes5g7dprHECxlE-FuDtESgHtm5n3Egm3taVt4TmNRZyFEaffjTA_eNpBueN06zL3aZ1HkrsiD7rIay_8vBzu30HDpX1rikbpak1AdgHBVKetLwbIahoGFTwBsauRIXsbI2cItpJSRQGAVSjeH8xoNz8:1pk6n2:PDzxmmQU4RKvT-1ppUYaw8PfJCbY1DVyCnsMbJtbHL0','2023-04-19 17:19:20.475161');
INSERT INTO "django_session" VALUES('6n0ebejrunm1r2iums8vx53q76mo7cps','.eJxVjEsOAiEQBe_C2hAaG2hcuvcMpPkoowaSYWZlvLtOMgvdvqp6LxF4XWpYR5nDlMVJgDj8bpHTo7QN5Du3W5ept2WeotwUudMhLz2X53l3_w4qj_qtLTOCwgzI-miJHCtvXSREqyNaAnAEiiOCQc-6AJXkroigozEeQLw_pWo2Ew:1pkIjm:pg34Tl41KSOJEWP49_CXP6RCDhcl2QLOz3h6wh3cOCY','2023-04-20 06:04:46.083706');
INSERT INTO "django_session" VALUES('vr8n9e422wjde9u20dr868g1y82p8tmb','.eJxVjDsOwjAQBe_iGln-rmNKes5g7dprHECxlE-FuDtESgHtm5n3Egm3taVt4TmNRZyFEaffjTA_eNpBueN06zL3aZ1HkrsiD7rIay_8vBzu30HDpX1rikbpak1AdgHBVKetLwbIahoGFTwBsauRIXsbI2cItpJSRQGAVSjeH8xoNz8:1pkKdB:mrYD-Y7w9rmPrUa_GFXpBkX4_m2UAjBRmzpG0GPfLnI','2023-04-20 08:06:05.341249');
INSERT INTO "django_session" VALUES('rdndw56zzdirbwi4uregbjxdnrlouh8i','.eJxVjDsOwjAQBe_iGln-rmNKes5g7dprHECxlE-FuDtESgHtm5n3Egm3taVt4TmNRZyFEaffjTA_eNpBueN06zL3aZ1HkrsiD7rIay_8vBzu30HDpX1rikbpak1AdgHBVKetLwbIahoGFTwBsauRIXsbI2cItpJSRQGAVSjeH8xoNz8:1pkMqp:A0D1Gyrn6gAdg_OG7HsSQuBnafo58TcQcJsUh4UzNx8','2023-04-20 10:28:19.068167');
INSERT INTO "django_session" VALUES('wlrize5p9amgwpg7m924495n3m7koh57','.eJxVjEsOAiEQBe_C2hAaG2hcuvcMpPkoowaSYWZlvLtOMgvdvqp6LxF4XWpYR5nDlMVJgDj8bpHTo7QN5Du3W5ept2WeotwUudMhLz2X53l3_w4qj_qtLTOCwgzI-miJHCtvXSREqyNaAnAEiiOCQc-6AJXkroigozEeQLw_pWo2Ew:1pkkMV:1j9CyHwXxzHxyaykjl52_t-6KsL_1uRb6mSD_tB7w2g','2023-04-21 11:34:35.325337');
INSERT INTO "django_session" VALUES('qoo6j03coj36x2ci9q6sd2gtejuan3r3','.eJxVjEsOAiEQBe_C2hAaG2hcuvcMpPkoowaSYWZlvLtOMgvdvqp6LxF4XWpYR5nDlMVJgDj8bpHTo7QN5Du3W5ept2WeotwUudMhLz2X53l3_w4qj_qtLTOCwgzI-miJHCtvXSREqyNaAnAEiiOCQc-6AJXkroigozEeQLw_pWo2Ew:1pkmfh:Gp9mcL0H9EIZZ56ra6Oe2UIg4djajoaYF_pDhKtEbt4','2023-04-21 14:02:33.684930');
INSERT INTO "django_session" VALUES('ysu0ffilwnt41tox3f36aaiagi6rcpaz','.eJxVjDsOwjAQBe_iGln-rmNKes5g7dprHECxlE-FuDtESgHtm5n3Egm3taVt4TmNRZyFEaffjTA_eNpBueN06zL3aZ1HkrsiD7rIay_8vBzu30HDpX1rikbpak1AdgHBVKetLwbIahoGFTwBsauRIXsbI2cItpJSRQGAVSjeH8xoNz8:1pkmgF:iHIr6AbKXwMw8hzehSjRzmZIb1PMxhtaCORQsrOYkDw','2023-04-21 14:03:07.720327');
INSERT INTO "django_session" VALUES('yqkendoepx2uey79lt8ep4q84kywhk9w','.eJxVjDsOwjAQBe_iGln-rmNKes5g7dprHECxlE-FuDtESgHtm5n3Egm3taVt4TmNRZyFEaffjTA_eNpBueN06zL3aZ1HkrsiD7rIay_8vBzu30HDpX1rikbpak1AdgHBVKetLwbIahoGFTwBsauRIXsbI2cItpJSRQGAVSjeH8xoNz8:1pkn8T:giSS0gBvxG9xZ_WGZlhCpOwqlNbs8Ty8YsX_N7acR6Q','2023-04-21 14:32:17.122773');
INSERT INTO "django_session" VALUES('n36z6p1wh8kic6t45art6zqbwrxn18ae','.eJxVjDsOwjAQBe_iGln-rmNKes5g7dprHECxlE-FuDtESgHtm5n3Egm3taVt4TmNRZyFEaffjTA_eNpBueN06zL3aZ1HkrsiD7rIay_8vBzu30HDpX1rikbpak1AdgHBVKetLwbIahoGFTwBsauRIXsbI2cItpJSRQGAVSjeH8xoNz8:1pknOM:4DUtwnYVxQo2Q1vKi1-H9UDxddM8A0nDxLqPi8oxKuA','2023-04-21 14:48:42.155543');
INSERT INTO "django_session" VALUES('frreyupn8mosdjzp2wofu7hzicz1aj74','.eJxVjDsOwjAQBe_iGln-rmNKes5g7dprHECxlE-FuDtESgHtm5n3Egm3taVt4TmNRZyFEaffjTA_eNpBueN06zL3aZ1HkrsiD7rIay_8vBzu30HDpX1rikbpak1AdgHBVKetLwbIahoGFTwBsauRIXsbI2cItpJSRQGAVSjeH8xoNz8:1pknZ2:xvfY7VE3jZzAr0UYxHYIDDfOcFSTkzehsVyHueBMKdI','2023-04-21 14:59:44.323546');
INSERT INTO "django_session" VALUES('wzk3hpbiqqat3duzy2200zvq9o2yhksw','.eJxVjDsOwjAQBe_iGln-rmNKes5g7dprHECxlE-FuDtESgHtm5n3Egm3taVt4TmNRZyFEaffjTA_eNpBueN06zL3aZ1HkrsiD7rIay_8vBzu30HDpX1rikbpak1AdgHBVKetLwbIahoGFTwBsauRIXsbI2cItpJSRQGAVSjeH8xoNz8:1pknoB:XpNLzrBeQgA-G4MGv9u8QpOR82_gss_ltgjw8qG236g','2023-04-21 15:15:23.480639');
INSERT INTO "django_session" VALUES('mb349zh6byun13dbp8l94z3fnwhdg6hn','.eJxVjDsOwjAQBe_iGln-rmNKes5g7dprHECxlE-FuDtESgHtm5n3Egm3taVt4TmNRZyFEaffjTA_eNpBueN06zL3aZ1HkrsiD7rIay_8vBzu30HDpX1rikbpak1AdgHBVKetLwbIahoGFTwBsauRIXsbI2cItpJSRQGAVSjeH8xoNz8:1pkoiH:Q4_dB-GZ3xxWHIddl5sAafHGQaYUvIawH6qmM9twX6I','2023-04-21 16:13:21.232165');
INSERT INTO "django_session" VALUES('b080d0vp3z0hung43sq7vhtp2xwtl5y3','.eJxVjDsOwjAQBe_iGln-rmNKes5g7dprHECxlE-FuDtESgHtm5n3Egm3taVt4TmNRZyFEaffjTA_eNpBueN06zL3aZ1HkrsiD7rIay_8vBzu30HDpX1rikbpak1AdgHBVKetLwbIahoGFTwBsauRIXsbI2cItpJSRQGAVSjeH8xoNz8:1pkol4:FKEOOT-SEQAesam_ij-kl_foun3Q2bn_62gtjSuUfaw','2023-04-21 16:16:14.378443');
INSERT INTO "django_session" VALUES('cuyehndhi3vpsr951td26qiq3lbsnbec','.eJxVjDsOwjAQBe_iGln-rmNKes5g7dprHECxlE-FuDtESgHtm5n3Egm3taVt4TmNRZyFEaffjTA_eNpBueN06zL3aZ1HkrsiD7rIay_8vBzu30HDpX1rikbpak1AdgHBVKetLwbIahoGFTwBsauRIXsbI2cItpJSRQGAVSjeH8xoNz8:1pkwqJ:H5UJBIu1u8RsgzyVoiQ29oO8Tg4JwCHbygJBA3HFaeY','2023-04-22 00:54:11.092294');
INSERT INTO "django_session" VALUES('afo5caohv0go24zp8fgsiuvuhzel9la5','.eJxVjDsOwjAQBe_iGln-rmNKes5g7dprHECxlE-FuDtESgHtm5n3Egm3taVt4TmNRZyFEaffjTA_eNpBueN06zL3aZ1HkrsiD7rIay_8vBzu30HDpX1rikbpak1AdgHBVKetLwbIahoGFTwBsauRIXsbI2cItpJSRQGAVSjeH8xoNz8:1pl33w:3zPtzhd2CKXFfOoXDeIff1Wpk55W4yn--usf2wy-gEk','2023-04-22 07:32:40.115638');
INSERT INTO "django_session" VALUES('ngaygi6s3lyrkgs57xzimmc0l6vxt3kt','.eJxVjDsOwjAQBe_iGln-rmNKes5g7dprHECxlE-FuDtESgHtm5n3Egm3taVt4TmNRZyFEaffjTA_eNpBueN06zL3aZ1HkrsiD7rIay_8vBzu30HDpX1rikbpak1AdgHBVKetLwbIahoGFTwBsauRIXsbI2cItpJSRQGAVSjeH8xoNz8:1pl3oQ:ipmGAt1z2ZIznRkBa8gzfCoGWjskc6IGGMtwZEf9eUU','2023-04-22 08:20:42.808353');
INSERT INTO "django_session" VALUES('ncbz80llnadv5pwgeupoi81y8mpo2bcy','.eJxVjEsOAiEQBe_C2hAaG2hcuvcMpPkoowaSYWZlvLtOMgvdvqp6LxF4XWpYR5nDlMVJgDj8bpHTo7QN5Du3W5ept2WeotwUudMhLz2X53l3_w4qj_qtLTOCwgzI-miJHCtvXSREqyNaAnAEiiOCQc-6AJXkroigozEeQLw_pWo2Ew:1pl5At:ItClsftVas746uUkz6B6tn3cJsGn9e3r_17LScLWlcc','2023-04-22 09:47:59.766612');
INSERT INTO "django_session" VALUES('1nk918yzhyx2d33ej799rjk0466yl8di','.eJxVjDsOwjAQBe_iGln-rmNKes5g7dprHECxlE-FuDtESgHtm5n3Egm3taVt4TmNRZyFEaffjTA_eNpBueN06zL3aZ1HkrsiD7rIay_8vBzu30HDpX1rikbpak1AdgHBVKetLwbIahoGFTwBsauRIXsbI2cItpJSRQGAVSjeH8xoNz8:1pl5Ky:GFmDiglHtQ7LdwsLrfVEbls7FRs-ZPGMy9MZO-269Qc','2023-04-22 09:58:24.923050');
INSERT INTO "django_session" VALUES('0o201w80d4ex5nbm6s17wmwp5yjadmfi','.eJxVjEsOAiEQBe_C2hAaG2hcuvcMpPkoowaSYWZlvLtOMgvdvqp6LxF4XWpYR5nDlMVJgDj8bpHTo7QN5Du3W5ept2WeotwUudMhLz2X53l3_w4qj_qtLTOCwgzI-miJHCtvXSREqyNaAnAEiiOCQc-6AJXkroigozEeQLw_pWo2Ew:1pl7f9:QcJRQYqfK3xd7Cw6ozVxIccv3nznIWgjPxqzTPmeHxU','2023-04-22 12:27:23.619932');
INSERT INTO "django_session" VALUES('15l3v12jz7j32valsc4ysv1q93sxdr9e','.eJxVjDsOwjAQBe_iGln-rmNKes5g7dprHECxlE-FuDtESgHtm5n3Egm3taVt4TmNRZyFEaffjTA_eNpBueN06zL3aZ1HkrsiD7rIay_8vBzu30HDpX1rikbpak1AdgHBVKetLwbIahoGFTwBsauRIXsbI2cItpJSRQGAVSjeH8xoNz8:1pl9W6:Gf-LY3fpqJzCmY-6GC8oFHYVU-TGADikBLXAjbcnW5w','2023-04-22 14:26:10.057406');
INSERT INTO "django_session" VALUES('gykyms5k1mj868q4xwhj92b6ni2eje09','.eJxVjEsOAiEQBe_C2hAaG2hcuvcMpPkoowaSYWZlvLtOMgvdvqp6LxF4XWpYR5nDlMVJgDj8bpHTo7QN5Du3W5ept2WeotwUudMhLz2X53l3_w4qj_qtLTOCwgzI-miJHCtvXSREqyNaAnAEiiOCQc-6AJXkroigozEeQLw_pWo2Ew:1pljWE:qVqYX0O1-pQRsT8uIm19HhrmmpolYBoPTk4EzUU-KlY','2023-04-24 04:52:42.221527');
INSERT INTO "django_session" VALUES('7e172hpawh31i4xychcqegvk4762rhat','.eJxVjMsOwiAQRf-FtSEDUx66dO83EBgYqRqalHZl_HfbpAvdnnPufYsQ16WGtZc5jFlcBIrTL0uRnqXtIj9iu0-SprbMY5J7Ig_b5W3K5XU92r-DGnvd1uBRZ6eYiuPMdjA2gXHOZTDKQyGvtUeOdFYbY-_REuoIBY0aWBGIzxfTojdJ:1pljWM:GszeyEBljA-75kedroYhwEZZiWSoN_-hSKFYU63IRG0','2023-04-24 04:52:50.599424');
INSERT INTO "django_session" VALUES('3lb71ixdoo0um8rho5klihf9kdqhm9b1','.eJxVjEEOwiAQRe_C2pBSYAZcuvcMZBioVA0kpV0Z765NutDtf-_9lwi0rSVsPS9hTuIsRnH63SLxI9cdpDvVW5Pc6rrMUe6KPGiX15by83K4fweFevnWmlkrthQpOYueIKHLMGmjAPOkDPPAOLDm0UajCcFHz6AyEjkPyYj3B_cKODo:1pmKOz:ZuCWIWHMmbA4Ggm_wVjkyNM6e-xd2GgAziCknV6Tju8','2023-04-25 20:15:41.133031');
INSERT INTO "django_session" VALUES('927w3z03hmb4opkzh342qfi88k5x3wth','.eJxVjDsOwjAQBe_iGlk4Xv8o6XMGa7Nr4wCypTipEHeHSCmgfTPzXiLitpa49bTEmcVFKHH63SakR6o74DvWW5PU6rrMk9wVedAux8bpeT3cv4OCvXxrb8Fn1oN1wTGCJqBsgoZkyCdAfyYmcEp7zJbAOsoOwpAZVHLaKBLvD9voN8M:1pmXjB:6yEZcVG5x-bAt_GITUbeL_Lwxkgv833cVxYMmt-6XRo','2023-04-26 10:29:25.004088');
INSERT INTO "django_session" VALUES('eq7du6fpeccqchnz9kj82rg8b3rhhtsb','.eJxVjEEOwiAQRe_C2pBSYAZcuvcMZBioVA0kpV0Z765NutDtf-_9lwi0rSVsPS9hTuIsRnH63SLxI9cdpDvVW5Pc6rrMUe6KPGiX15by83K4fweFevnWmlkrthQpOYueIKHLMGmjAPOkDPPAOLDm0UajCcFHz6AyEjkPyYj3B_cKODo:1pnDtB:ZBgb8iyQFyg64b180NmuO-VKPuTNqy0rKT7L-TzLCUw','2023-04-28 07:30:33.056388');
INSERT INTO "django_session" VALUES('b2ez65buxagateuhr9y0kmu0cqn89nsl','.eJxVjDsOwjAQBe_iGlk4Xv8o6XMGa7Nr4wCypTipEHeHSCmgfTPzXiLitpa49bTEmcVFKHH63SakR6o74DvWW5PU6rrMk9wVedAux8bpeT3cv4OCvXxrb8Fn1oN1wTGCJqBsgoZkyCdAfyYmcEp7zJbAOsoOwpAZVHLaKBLvD9voN8M:1pnLtP:XOifssLeVgTqXB-5RZLhC67sYHOG5gX6dXNb_U8e60o','2023-04-28 16:03:19.032370');
CREATE UNIQUE INDEX "django_content_type_app_label_model_76bd3d3b_uniq" ON "django_content_type" ("app_label", "model");
CREATE UNIQUE INDEX "auth_group_permissions_group_id_permission_id_0cd325b0_uniq" ON "auth_group_permissions" ("group_id", "permission_id");
CREATE INDEX IF NOT EXISTS "auth_group_permissions_group_id_b120cbf9" ON "auth_group_permissions" ("group_id");
CREATE INDEX IF NOT EXISTS "auth_group_permissions_permission_id_84c5c92e" ON "auth_group_permissions" ("permission_id");
CREATE UNIQUE INDEX "auth_permission_content_type_id_codename_01ab375a_uniq" ON "auth_permission" ("content_type_id", "codename");
CREATE INDEX IF NOT EXISTS "auth_permission_content_type_id_2f476e4b" ON "auth_permission" ("content_type_id");
CREATE UNIQUE INDEX "users_user_groups_user_id_group_id_b88eab82_uniq" ON "users_user_groups" ("user_id", "group_id");
CREATE INDEX IF NOT EXISTS "users_user_groups_user_id_5f6f5a90" ON "users_user_groups" ("user_id");
CREATE INDEX IF NOT EXISTS "users_user_groups_group_id_9afc8d0e" ON "users_user_groups" ("group_id");
CREATE UNIQUE INDEX "users_user_user_permissions_user_id_permission_id_43338c45_uniq" ON "users_user_user_permissions" ("user_id", "permission_id");
CREATE INDEX IF NOT EXISTS "users_user_user_permissions_user_id_20aca447" ON "users_user_user_permissions" ("user_id");
CREATE INDEX IF NOT EXISTS "users_user_user_permissions_permission_id_0b93982e" ON "users_user_user_permissions" ("permission_id");
CREATE INDEX IF NOT EXISTS "django_admin_log_content_type_id_c4bce8eb" ON "django_admin_log" ("content_type_id");
CREATE INDEX IF NOT EXISTS "django_admin_log_user_id_c564eba6" ON "django_admin_log" ("user_id");
CREATE INDEX IF NOT EXISTS "django_session_expire_date_a5c62663" ON "django_session" ("expire_date");
CREATE INDEX IF NOT EXISTS "store_truck_details_truck_owner_id_155e372c" ON "store_truck_details" ("truck_owner_id");
CREATE INDEX IF NOT EXISTS "transactions_sub_trip_builty_id_26195045" ON "transactions_sub_trip" ("builty_id");
CREATE INDEX IF NOT EXISTS "transactions_sub_trip_station_from_id_d602b198" ON "transactions_sub_trip" ("station_from_id");
CREATE INDEX IF NOT EXISTS "transactions_sub_trip_station_to_id_fb47cb0b" ON "transactions_sub_trip" ("station_to_id");
CREATE INDEX IF NOT EXISTS "transactions_request_edit_builty_id_17f4ac6b" ON "transactions_request_edit" ("builty_id");
CREATE INDEX IF NOT EXISTS "transactions_request_edit_user_id_296a97e5" ON "transactions_request_edit" ("user_id");
CREATE INDEX IF NOT EXISTS "transactions_ack_builty_id_e9cf4eb9" ON "transactions_ack" ("builty_id");
CREATE INDEX IF NOT EXISTS "store_rate_to_station_id_71b5e0d1" ON "store_rate" ("to_station_id");
CREATE INDEX IF NOT EXISTS "store_rate_from_station_id_cf4de4c2" ON "store_rate" ("from_station_id");
CREATE INDEX IF NOT EXISTS "store_district_office_location_id_def88825" ON "store_district" ("office_location_id");
CREATE INDEX IF NOT EXISTS "users_user_company_id_14799323" ON "users_user" ("company_id");
CREATE INDEX IF NOT EXISTS "users_user_office_location_id_9bf9b0fd" ON "users_user" ("office_location_id");
CREATE INDEX IF NOT EXISTS "store_article_company_name_id_236802e6" ON "store_article" ("company_name_id");
CREATE INDEX IF NOT EXISTS "store_article_consignor_id_170c72fc" ON "store_article" ("consignor_id");
CREATE INDEX IF NOT EXISTS "store_article_office_location_id_216b5e85" ON "store_article" ("office_location_id");
CREATE INDEX IF NOT EXISTS "store_consignor_company_id_9fdf29a0" ON "store_consignor" ("company_id");
CREATE INDEX IF NOT EXISTS "store_consignor_office_location_id_709e205e" ON "store_consignor" ("office_location_id");
CREATE INDEX IF NOT EXISTS "store_onaccount_company_id_8283503d" ON "store_onaccount" ("company_id");
CREATE INDEX IF NOT EXISTS "store_onaccount_office_location_id_d8877177" ON "store_onaccount" ("office_location_id");
CREATE INDEX IF NOT EXISTS "store_station_taluka_id_51032d3b" ON "store_station" ("taluka_id");
CREATE INDEX IF NOT EXISTS "store_station_office_location_id_cc8d1da0" ON "store_station" ("office_location_id");
CREATE INDEX IF NOT EXISTS "store_taluka_district_id_63ffbdb2" ON "store_taluka" ("district_id");
CREATE INDEX IF NOT EXISTS "store_taluka_office_location_id_5a2300b5" ON "store_taluka" ("office_location_id");
CREATE INDEX IF NOT EXISTS "transactions_builty_article_id_9ef4500b" ON "transactions_builty" ("article_id");
CREATE INDEX IF NOT EXISTS "transactions_builty_company_id_e5faf59d" ON "transactions_builty" ("company_id");
CREATE INDEX IF NOT EXISTS "transactions_builty_consignor_id_abafe990" ON "transactions_builty" ("consignor_id");
CREATE INDEX IF NOT EXISTS "transactions_builty_district_id_32c090e4" ON "transactions_builty" ("district_id");
CREATE INDEX IF NOT EXISTS "transactions_builty_onaccount_id_35cc36f3" ON "transactions_builty" ("onaccount_id");
CREATE INDEX IF NOT EXISTS "transactions_builty_petrol_pump_id_9922ae78" ON "transactions_builty" ("petrol_pump_id");
CREATE INDEX IF NOT EXISTS "transactions_builty_station_from_id_0fc95978" ON "transactions_builty" ("station_from_id");
CREATE INDEX IF NOT EXISTS "transactions_builty_station_to_id_8018ef07" ON "transactions_builty" ("station_to_id");
CREATE INDEX IF NOT EXISTS "transactions_builty_taluka_id_3af43376" ON "transactions_builty" ("taluka_id");
CREATE INDEX IF NOT EXISTS "transactions_builty_truck_details_id_7724d30a" ON "transactions_builty" ("truck_details_id");
CREATE INDEX IF NOT EXISTS "transactions_builty_truck_owner_id_74656a52" ON "transactions_builty" ("truck_owner_id");
CREATE INDEX IF NOT EXISTS "transactions_builty_user_id_82211060" ON "transactions_builty" ("user_id");
CREATE TABLE IF NOT EXISTS "store_article" ("id" integer NOT NULL PRIMARY KEY AUTOINCREMENT, "name" varchar(120) NOT NULL, "company_name_id" bigint NOT NULL REFERENCES "store_company" ("id") DEFERRABLE INITIALLY DEFERRED, "consignor_id" bigint NOT NULL REFERENCES "store_consignor" ("id") DEFERRABLE INITIALLY DEFERRED, "office_location_id" bigint NULL REFERENCES "store_office_location" ("id") DEFERRABLE INITIALLY DEFERRED);
INSERT INTO "store_article" VALUES(1,'ULTRATECH PPC',1,1,1);
INSERT INTO "store_article" VALUES(2,'ULTATECH OPC 53',1,1,1);
INSERT INTO "store_article" VALUES(3,'ULTRATECH SUPER',1,1,1);
INSERT INTO "store_article" VALUES(4,'ULTRATECH PPC NT',1,1,1);
INSERT INTO "store_article" VALUES(5,'ULTRATECH OPC 53 NT',1,1,1);
INSERT INTO "store_article" VALUES(6,'test22',1,1,1);
INSERT INTO "store_article" VALUES(7,'test23',1,1,1);
INSERT INTO "store_article" VALUES(8,'MURTIZAPUR',1,1,1);
INSERT INTO "store_article" VALUES(9,'ULTRATECH PPC',1,3,2);
INSERT INTO "store_article" VALUES(10,'ULTRATECH SUPER',1,3,2);
INSERT INTO "store_article" VALUES(11,'ULTRATECH PPC NON TRADE',1,3,2);
INSERT INTO "store_article" VALUES(12,'ULTRATECH OPC - 53 NON TRADE',1,3,2);
INSERT INTO "store_article" VALUES(13,'we',1,3,2);
CREATE UNIQUE INDEX "django_content_type_app_label_model_76bd3d3b_uniq" ON "django_content_type" ("app_label", "model");
CREATE UNIQUE INDEX "auth_group_permissions_group_id_permission_id_0cd325b0_uniq" ON "auth_group_permissions" ("group_id", "permission_id");
CREATE INDEX IF NOT EXISTS "auth_group_permissions_group_id_b120cbf9" ON "auth_group_permissions" ("group_id");
CREATE INDEX IF NOT EXISTS "auth_group_permissions_permission_id_84c5c92e" ON "auth_group_permissions" ("permission_id");
CREATE UNIQUE INDEX "auth_permission_content_type_id_codename_01ab375a_uniq" ON "auth_permission" ("content_type_id", "codename");
CREATE INDEX IF NOT EXISTS "auth_permission_content_type_id_2f476e4b" ON "auth_permission" ("content_type_id");
CREATE UNIQUE INDEX "users_user_groups_user_id_group_id_b88eab82_uniq" ON "users_user_groups" ("user_id", "group_id");
CREATE INDEX IF NOT EXISTS "users_user_groups_user_id_5f6f5a90" ON "users_user_groups" ("user_id");
CREATE INDEX IF NOT EXISTS "users_user_groups_group_id_9afc8d0e" ON "users_user_groups" ("group_id");
CREATE UNIQUE INDEX "users_user_user_permissions_user_id_permission_id_43338c45_uniq" ON "users_user_user_permissions" ("user_id", "permission_id");
CREATE INDEX IF NOT EXISTS "users_user_user_permissions_user_id_20aca447" ON "users_user_user_permissions" ("user_id");
CREATE INDEX IF NOT EXISTS "users_user_user_permissions_permission_id_0b93982e" ON "users_user_user_permissions" ("permission_id");
CREATE INDEX IF NOT EXISTS "django_admin_log_content_type_id_c4bce8eb" ON "django_admin_log" ("content_type_id");
CREATE INDEX IF NOT EXISTS "django_admin_log_user_id_c564eba6" ON "django_admin_log" ("user_id");
CREATE INDEX IF NOT EXISTS "django_session_expire_date_a5c62663" ON "django_session" ("expire_date");
CREATE INDEX IF NOT EXISTS "store_truck_details_truck_owner_id_155e372c" ON "store_truck_details" ("truck_owner_id");
CREATE INDEX IF NOT EXISTS "transactions_sub_trip_builty_id_26195045" ON "transactions_sub_trip" ("builty_id");
CREATE INDEX IF NOT EXISTS "transactions_sub_trip_station_from_id_d602b198" ON "transactions_sub_trip" ("station_from_id");
CREATE INDEX IF NOT EXISTS "transactions_sub_trip_station_to_id_fb47cb0b" ON "transactions_sub_trip" ("station_to_id");
CREATE INDEX IF NOT EXISTS "transactions_request_edit_builty_id_17f4ac6b" ON "transactions_request_edit" ("builty_id");
CREATE INDEX IF NOT EXISTS "transactions_request_edit_user_id_296a97e5" ON "transactions_request_edit" ("user_id");
CREATE INDEX IF NOT EXISTS "transactions_ack_builty_id_e9cf4eb9" ON "transactions_ack" ("builty_id");
CREATE INDEX IF NOT EXISTS "store_rate_to_station_id_71b5e0d1" ON "store_rate" ("to_station_id");
CREATE INDEX IF NOT EXISTS "store_rate_from_station_id_cf4de4c2" ON "store_rate" ("from_station_id");
CREATE INDEX IF NOT EXISTS "store_district_office_location_id_def88825" ON "store_district" ("office_location_id");
CREATE INDEX IF NOT EXISTS "users_user_company_id_14799323" ON "users_user" ("company_id");
CREATE INDEX IF NOT EXISTS "users_user_office_location_id_9bf9b0fd" ON "users_user" ("office_location_id");
CREATE INDEX IF NOT EXISTS "store_article_company_name_id_236802e6" ON "store_article" ("company_name_id");
CREATE INDEX IF NOT EXISTS "store_article_consignor_id_170c72fc" ON "store_article" ("consignor_id");
CREATE INDEX IF NOT EXISTS "store_article_office_location_id_216b5e85" ON "store_article" ("office_location_id");
CREATE INDEX IF NOT EXISTS "store_consignor_company_id_9fdf29a0" ON "store_consignor" ("company_id");
CREATE INDEX IF NOT EXISTS "store_consignor_office_location_id_709e205e" ON "store_consignor" ("office_location_id");
CREATE INDEX IF NOT EXISTS "store_onaccount_company_id_8283503d" ON "store_onaccount" ("company_id");
CREATE INDEX IF NOT EXISTS "store_onaccount_office_location_id_d8877177" ON "store_onaccount" ("office_location_id");
CREATE INDEX IF NOT EXISTS "store_station_taluka_id_51032d3b" ON "store_station" ("taluka_id");
CREATE INDEX IF NOT EXISTS "store_station_office_location_id_cc8d1da0" ON "store_station" ("office_location_id");
CREATE INDEX IF NOT EXISTS "store_taluka_district_id_63ffbdb2" ON "store_taluka" ("district_id");
CREATE INDEX IF NOT EXISTS "store_taluka_office_location_id_5a2300b5" ON "store_taluka" ("office_location_id");
CREATE INDEX IF NOT EXISTS "transactions_builty_article_id_9ef4500b" ON "transactions_builty" ("article_id");
CREATE INDEX IF NOT EXISTS "transactions_builty_company_id_e5faf59d" ON "transactions_builty" ("company_id");
CREATE INDEX IF NOT EXISTS "transactions_builty_consignor_id_abafe990" ON "transactions_builty" ("consignor_id");
CREATE INDEX IF NOT EXISTS "transactions_builty_district_id_32c090e4" ON "transactions_builty" ("district_id");
CREATE INDEX IF NOT EXISTS "transactions_builty_onaccount_id_35cc36f3" ON "transactions_builty" ("onaccount_id");
CREATE INDEX IF NOT EXISTS "transactions_builty_petrol_pump_id_9922ae78" ON "transactions_builty" ("petrol_pump_id");
CREATE INDEX IF NOT EXISTS "transactions_builty_station_from_id_0fc95978" ON "transactions_builty" ("station_from_id");
CREATE INDEX IF NOT EXISTS "transactions_builty_station_to_id_8018ef07" ON "transactions_builty" ("station_to_id");
CREATE INDEX IF NOT EXISTS "transactions_builty_taluka_id_3af43376" ON "transactions_builty" ("taluka_id");
CREATE INDEX IF NOT EXISTS "transactions_builty_truck_details_id_7724d30a" ON "transactions_builty" ("truck_details_id");
CREATE INDEX IF NOT EXISTS "transactions_builty_truck_owner_id_74656a52" ON "transactions_builty" ("truck_owner_id");
CREATE INDEX IF NOT EXISTS "transactions_builty_user_id_82211060" ON "transactions_builty" ("user_id");
CREATE TABLE IF NOT EXISTS "store_company" ("id" integer NOT NULL PRIMARY KEY AUTOINCREMENT, "company_name" varchar(120) NOT NULL UNIQUE);
INSERT INTO "store_company" VALUES(1,'SAHANI GOODS TRANSPORT');
INSERT INTO "store_company" VALUES(2,'PARAMDEEP SINGH SAHANI');
INSERT INTO "store_company" VALUES(3,'P M TRADERS');
CREATE UNIQUE INDEX "django_content_type_app_label_model_76bd3d3b_uniq" ON "django_content_type" ("app_label", "model");
CREATE UNIQUE INDEX "auth_group_permissions_group_id_permission_id_0cd325b0_uniq" ON "auth_group_permissions" ("group_id", "permission_id");
CREATE INDEX IF NOT EXISTS "auth_group_permissions_group_id_b120cbf9" ON "auth_group_permissions" ("group_id");
CREATE INDEX IF NOT EXISTS "auth_group_permissions_permission_id_84c5c92e" ON "auth_group_permissions" ("permission_id");
CREATE UNIQUE INDEX "auth_permission_content_type_id_codename_01ab375a_uniq" ON "auth_permission" ("content_type_id", "codename");
CREATE INDEX IF NOT EXISTS "auth_permission_content_type_id_2f476e4b" ON "auth_permission" ("content_type_id");
CREATE UNIQUE INDEX "users_user_groups_user_id_group_id_b88eab82_uniq" ON "users_user_groups" ("user_id", "group_id");
CREATE INDEX IF NOT EXISTS "users_user_groups_user_id_5f6f5a90" ON "users_user_groups" ("user_id");
CREATE INDEX IF NOT EXISTS "users_user_groups_group_id_9afc8d0e" ON "users_user_groups" ("group_id");
CREATE UNIQUE INDEX "users_user_user_permissions_user_id_permission_id_43338c45_uniq" ON "users_user_user_permissions" ("user_id", "permission_id");
CREATE INDEX IF NOT EXISTS "users_user_user_permissions_user_id_20aca447" ON "users_user_user_permissions" ("user_id");
CREATE INDEX IF NOT EXISTS "users_user_user_permissions_permission_id_0b93982e" ON "users_user_user_permissions" ("permission_id");
CREATE INDEX IF NOT EXISTS "django_admin_log_content_type_id_c4bce8eb" ON "django_admin_log" ("content_type_id");
CREATE INDEX IF NOT EXISTS "django_admin_log_user_id_c564eba6" ON "django_admin_log" ("user_id");
CREATE INDEX IF NOT EXISTS "django_session_expire_date_a5c62663" ON "django_session" ("expire_date");
CREATE INDEX IF NOT EXISTS "store_truck_details_truck_owner_id_155e372c" ON "store_truck_details" ("truck_owner_id");
CREATE INDEX IF NOT EXISTS "transactions_sub_trip_builty_id_26195045" ON "transactions_sub_trip" ("builty_id");
CREATE INDEX IF NOT EXISTS "transactions_sub_trip_station_from_id_d602b198" ON "transactions_sub_trip" ("station_from_id");
CREATE INDEX IF NOT EXISTS "transactions_sub_trip_station_to_id_fb47cb0b" ON "transactions_sub_trip" ("station_to_id");
CREATE INDEX IF NOT EXISTS "transactions_request_edit_builty_id_17f4ac6b" ON "transactions_request_edit" ("builty_id");
CREATE INDEX IF NOT EXISTS "transactions_request_edit_user_id_296a97e5" ON "transactions_request_edit" ("user_id");
CREATE INDEX IF NOT EXISTS "transactions_ack_builty_id_e9cf4eb9" ON "transactions_ack" ("builty_id");
CREATE INDEX IF NOT EXISTS "store_rate_to_station_id_71b5e0d1" ON "store_rate" ("to_station_id");
CREATE INDEX IF NOT EXISTS "store_rate_from_station_id_cf4de4c2" ON "store_rate" ("from_station_id");
CREATE INDEX IF NOT EXISTS "store_district_office_location_id_def88825" ON "store_district" ("office_location_id");
CREATE INDEX IF NOT EXISTS "users_user_company_id_14799323" ON "users_user" ("company_id");
CREATE INDEX IF NOT EXISTS "users_user_office_location_id_9bf9b0fd" ON "users_user" ("office_location_id");
CREATE INDEX IF NOT EXISTS "store_article_company_name_id_236802e6" ON "store_article" ("company_name_id");
CREATE INDEX IF NOT EXISTS "store_article_consignor_id_170c72fc" ON "store_article" ("consignor_id");
CREATE INDEX IF NOT EXISTS "store_article_office_location_id_216b5e85" ON "store_article" ("office_location_id");
CREATE INDEX IF NOT EXISTS "store_consignor_company_id_9fdf29a0" ON "store_consignor" ("company_id");
CREATE INDEX IF NOT EXISTS "store_consignor_office_location_id_709e205e" ON "store_consignor" ("office_location_id");
CREATE INDEX IF NOT EXISTS "store_onaccount_company_id_8283503d" ON "store_onaccount" ("company_id");
CREATE INDEX IF NOT EXISTS "store_onaccount_office_location_id_d8877177" ON "store_onaccount" ("office_location_id");
CREATE INDEX IF NOT EXISTS "store_station_taluka_id_51032d3b" ON "store_station" ("taluka_id");
CREATE INDEX IF NOT EXISTS "store_station_office_location_id_cc8d1da0" ON "store_station" ("office_location_id");
CREATE INDEX IF NOT EXISTS "store_taluka_district_id_63ffbdb2" ON "store_taluka" ("district_id");
CREATE INDEX IF NOT EXISTS "store_taluka_office_location_id_5a2300b5" ON "store_taluka" ("office_location_id");
CREATE INDEX IF NOT EXISTS "transactions_builty_article_id_9ef4500b" ON "transactions_builty" ("article_id");
CREATE INDEX IF NOT EXISTS "transactions_builty_company_id_e5faf59d" ON "transactions_builty" ("company_id");
CREATE INDEX IF NOT EXISTS "transactions_builty_consignor_id_abafe990" ON "transactions_builty" ("consignor_id");
CREATE INDEX IF NOT EXISTS "transactions_builty_district_id_32c090e4" ON "transactions_builty" ("district_id");
CREATE INDEX IF NOT EXISTS "transactions_builty_onaccount_id_35cc36f3" ON "transactions_builty" ("onaccount_id");
CREATE INDEX IF NOT EXISTS "transactions_builty_petrol_pump_id_9922ae78" ON "transactions_builty" ("petrol_pump_id");
CREATE INDEX IF NOT EXISTS "transactions_builty_station_from_id_0fc95978" ON "transactions_builty" ("station_from_id");
CREATE INDEX IF NOT EXISTS "transactions_builty_station_to_id_8018ef07" ON "transactions_builty" ("station_to_id");
CREATE INDEX IF NOT EXISTS "transactions_builty_taluka_id_3af43376" ON "transactions_builty" ("taluka_id");
CREATE INDEX IF NOT EXISTS "transactions_builty_truck_details_id_7724d30a" ON "transactions_builty" ("truck_details_id");
CREATE INDEX IF NOT EXISTS "transactions_builty_truck_owner_id_74656a52" ON "transactions_builty" ("truck_owner_id");
CREATE INDEX IF NOT EXISTS "transactions_builty_user_id_82211060" ON "transactions_builty" ("user_id");
CREATE TABLE IF NOT EXISTS "store_consignor" ("id" integer NOT NULL PRIMARY KEY AUTOINCREMENT, "builty_code" varchar(120) NOT NULL UNIQUE, "name" varchar(120) NOT NULL, "company_id" bigint NOT NULL REFERENCES "store_company" ("id") DEFERRABLE INITIALLY DEFERRED, "office_location_id" bigint NULL REFERENCES "store_office_location" ("id") DEFERRABLE INITIALLY DEFERRED);
INSERT INTO "store_consignor" VALUES(1,'UTCL','ULTRATECH CEMENT LTD MUMBAI',1,1);
INSERT INTO "store_consignor" VALUES(2,'KHAM','UTCL -',1,2);
INSERT INTO "store_consignor" VALUES(3,'UTCL-KHAM','ULTRA TECH',1,2);
CREATE UNIQUE INDEX "django_content_type_app_label_model_76bd3d3b_uniq" ON "django_content_type" ("app_label", "model");
CREATE UNIQUE INDEX "auth_group_permissions_group_id_permission_id_0cd325b0_uniq" ON "auth_group_permissions" ("group_id", "permission_id");
CREATE INDEX IF NOT EXISTS "auth_group_permissions_group_id_b120cbf9" ON "auth_group_permissions" ("group_id");
CREATE INDEX IF NOT EXISTS "auth_group_permissions_permission_id_84c5c92e" ON "auth_group_permissions" ("permission_id");
CREATE UNIQUE INDEX "auth_permission_content_type_id_codename_01ab375a_uniq" ON "auth_permission" ("content_type_id", "codename");
CREATE INDEX IF NOT EXISTS "auth_permission_content_type_id_2f476e4b" ON "auth_permission" ("content_type_id");
CREATE UNIQUE INDEX "users_user_groups_user_id_group_id_b88eab82_uniq" ON "users_user_groups" ("user_id", "group_id");
CREATE INDEX IF NOT EXISTS "users_user_groups_user_id_5f6f5a90" ON "users_user_groups" ("user_id");
CREATE INDEX IF NOT EXISTS "users_user_groups_group_id_9afc8d0e" ON "users_user_groups" ("group_id");
CREATE UNIQUE INDEX "users_user_user_permissions_user_id_permission_id_43338c45_uniq" ON "users_user_user_permissions" ("user_id", "permission_id");
CREATE INDEX IF NOT EXISTS "users_user_user_permissions_user_id_20aca447" ON "users_user_user_permissions" ("user_id");
CREATE INDEX IF NOT EXISTS "users_user_user_permissions_permission_id_0b93982e" ON "users_user_user_permissions" ("permission_id");
CREATE INDEX IF NOT EXISTS "django_admin_log_content_type_id_c4bce8eb" ON "django_admin_log" ("content_type_id");
CREATE INDEX IF NOT EXISTS "django_admin_log_user_id_c564eba6" ON "django_admin_log" ("user_id");
CREATE INDEX IF NOT EXISTS "django_session_expire_date_a5c62663" ON "django_session" ("expire_date");
CREATE INDEX IF NOT EXISTS "store_truck_details_truck_owner_id_155e372c" ON "store_truck_details" ("truck_owner_id");
CREATE INDEX IF NOT EXISTS "transactions_sub_trip_builty_id_26195045" ON "transactions_sub_trip" ("builty_id");
CREATE INDEX IF NOT EXISTS "transactions_sub_trip_station_from_id_d602b198" ON "transactions_sub_trip" ("station_from_id");
CREATE INDEX IF NOT EXISTS "transactions_sub_trip_station_to_id_fb47cb0b" ON "transactions_sub_trip" ("station_to_id");
CREATE INDEX IF NOT EXISTS "transactions_request_edit_builty_id_17f4ac6b" ON "transactions_request_edit" ("builty_id");
CREATE INDEX IF NOT EXISTS "transactions_request_edit_user_id_296a97e5" ON "transactions_request_edit" ("user_id");
CREATE INDEX IF NOT EXISTS "transactions_ack_builty_id_e9cf4eb9" ON "transactions_ack" ("builty_id");
CREATE INDEX IF NOT EXISTS "store_rate_to_station_id_71b5e0d1" ON "store_rate" ("to_station_id");
CREATE INDEX IF NOT EXISTS "store_rate_from_station_id_cf4de4c2" ON "store_rate" ("from_station_id");
CREATE INDEX IF NOT EXISTS "store_district_office_location_id_def88825" ON "store_district" ("office_location_id");
CREATE INDEX IF NOT EXISTS "users_user_company_id_14799323" ON "users_user" ("company_id");
CREATE INDEX IF NOT EXISTS "users_user_office_location_id_9bf9b0fd" ON "users_user" ("office_location_id");
CREATE INDEX IF NOT EXISTS "store_article_company_name_id_236802e6" ON "store_article" ("company_name_id");
CREATE INDEX IF NOT EXISTS "store_article_consignor_id_170c72fc" ON "store_article" ("consignor_id");
CREATE INDEX IF NOT EXISTS "store_article_office_location_id_216b5e85" ON "store_article" ("office_location_id");
CREATE INDEX IF NOT EXISTS "store_consignor_company_id_9fdf29a0" ON "store_consignor" ("company_id");
CREATE INDEX IF NOT EXISTS "store_consignor_office_location_id_709e205e" ON "store_consignor" ("office_location_id");
CREATE INDEX IF NOT EXISTS "store_onaccount_company_id_8283503d" ON "store_onaccount" ("company_id");
CREATE INDEX IF NOT EXISTS "store_onaccount_office_location_id_d8877177" ON "store_onaccount" ("office_location_id");
CREATE INDEX IF NOT EXISTS "store_station_taluka_id_51032d3b" ON "store_station" ("taluka_id");
CREATE INDEX IF NOT EXISTS "store_station_office_location_id_cc8d1da0" ON "store_station" ("office_location_id");
CREATE INDEX IF NOT EXISTS "store_taluka_district_id_63ffbdb2" ON "store_taluka" ("district_id");
CREATE INDEX IF NOT EXISTS "store_taluka_office_location_id_5a2300b5" ON "store_taluka" ("office_location_id");
CREATE INDEX IF NOT EXISTS "transactions_builty_article_id_9ef4500b" ON "transactions_builty" ("article_id");
CREATE INDEX IF NOT EXISTS "transactions_builty_company_id_e5faf59d" ON "transactions_builty" ("company_id");
CREATE INDEX IF NOT EXISTS "transactions_builty_consignor_id_abafe990" ON "transactions_builty" ("consignor_id");
CREATE INDEX IF NOT EXISTS "transactions_builty_district_id_32c090e4" ON "transactions_builty" ("district_id");
CREATE INDEX IF NOT EXISTS "transactions_builty_onaccount_id_35cc36f3" ON "transactions_builty" ("onaccount_id");
CREATE INDEX IF NOT EXISTS "transactions_builty_petrol_pump_id_9922ae78" ON "transactions_builty" ("petrol_pump_id");
CREATE INDEX IF NOT EXISTS "transactions_builty_station_from_id_0fc95978" ON "transactions_builty" ("station_from_id");
CREATE INDEX IF NOT EXISTS "transactions_builty_station_to_id_8018ef07" ON "transactions_builty" ("station_to_id");
CREATE INDEX IF NOT EXISTS "transactions_builty_taluka_id_3af43376" ON "transactions_builty" ("taluka_id");
CREATE INDEX IF NOT EXISTS "transactions_builty_truck_details_id_7724d30a" ON "transactions_builty" ("truck_details_id");
CREATE INDEX IF NOT EXISTS "transactions_builty_truck_owner_id_74656a52" ON "transactions_builty" ("truck_owner_id");
CREATE INDEX IF NOT EXISTS "transactions_builty_user_id_82211060" ON "transactions_builty" ("user_id");
CREATE TABLE IF NOT EXISTS "store_district" ("id" integer NOT NULL PRIMARY KEY AUTOINCREMENT, "name" varchar(120) NOT NULL UNIQUE, "office_location_id" bigint NOT NULL REFERENCES "store_office_location" ("id") DEFERRABLE INITIALLY DEFERRED);
INSERT INTO "store_district" VALUES(1,'AKOLA',1);
INSERT INTO "store_district" VALUES(3,'BULDHANA',2);
INSERT INTO "store_district" VALUES(4,'HINGNEE H',1);
CREATE UNIQUE INDEX "django_content_type_app_label_model_76bd3d3b_uniq" ON "django_content_type" ("app_label", "model");
CREATE UNIQUE INDEX "auth_group_permissions_group_id_permission_id_0cd325b0_uniq" ON "auth_group_permissions" ("group_id", "permission_id");
CREATE INDEX IF NOT EXISTS "auth_group_permissions_group_id_b120cbf9" ON "auth_group_permissions" ("group_id");
CREATE INDEX IF NOT EXISTS "auth_group_permissions_permission_id_84c5c92e" ON "auth_group_permissions" ("permission_id");
CREATE UNIQUE INDEX "auth_permission_content_type_id_codename_01ab375a_uniq" ON "auth_permission" ("content_type_id", "codename");
CREATE INDEX IF NOT EXISTS "auth_permission_content_type_id_2f476e4b" ON "auth_permission" ("content_type_id");
CREATE UNIQUE INDEX "users_user_groups_user_id_group_id_b88eab82_uniq" ON "users_user_groups" ("user_id", "group_id");
CREATE INDEX IF NOT EXISTS "users_user_groups_user_id_5f6f5a90" ON "users_user_groups" ("user_id");
CREATE INDEX IF NOT EXISTS "users_user_groups_group_id_9afc8d0e" ON "users_user_groups" ("group_id");
CREATE UNIQUE INDEX "users_user_user_permissions_user_id_permission_id_43338c45_uniq" ON "users_user_user_permissions" ("user_id", "permission_id");
CREATE INDEX IF NOT EXISTS "users_user_user_permissions_user_id_20aca447" ON "users_user_user_permissions" ("user_id");
CREATE INDEX IF NOT EXISTS "users_user_user_permissions_permission_id_0b93982e" ON "users_user_user_permissions" ("permission_id");
CREATE INDEX IF NOT EXISTS "django_admin_log_content_type_id_c4bce8eb" ON "django_admin_log" ("content_type_id");
CREATE INDEX IF NOT EXISTS "django_admin_log_user_id_c564eba6" ON "django_admin_log" ("user_id");
CREATE INDEX IF NOT EXISTS "django_session_expire_date_a5c62663" ON "django_session" ("expire_date");
CREATE INDEX IF NOT EXISTS "store_truck_details_truck_owner_id_155e372c" ON "store_truck_details" ("truck_owner_id");
CREATE INDEX IF NOT EXISTS "transactions_sub_trip_builty_id_26195045" ON "transactions_sub_trip" ("builty_id");
CREATE INDEX IF NOT EXISTS "transactions_sub_trip_station_from_id_d602b198" ON "transactions_sub_trip" ("station_from_id");
CREATE INDEX IF NOT EXISTS "transactions_sub_trip_station_to_id_fb47cb0b" ON "transactions_sub_trip" ("station_to_id");
CREATE INDEX IF NOT EXISTS "transactions_request_edit_builty_id_17f4ac6b" ON "transactions_request_edit" ("builty_id");
CREATE INDEX IF NOT EXISTS "transactions_request_edit_user_id_296a97e5" ON "transactions_request_edit" ("user_id");
CREATE INDEX IF NOT EXISTS "transactions_ack_builty_id_e9cf4eb9" ON "transactions_ack" ("builty_id");
CREATE INDEX IF NOT EXISTS "store_rate_to_station_id_71b5e0d1" ON "store_rate" ("to_station_id");
CREATE INDEX IF NOT EXISTS "store_rate_from_station_id_cf4de4c2" ON "store_rate" ("from_station_id");
CREATE INDEX IF NOT EXISTS "store_district_office_location_id_def88825" ON "store_district" ("office_location_id");
CREATE INDEX IF NOT EXISTS "users_user_company_id_14799323" ON "users_user" ("company_id");
CREATE INDEX IF NOT EXISTS "users_user_office_location_id_9bf9b0fd" ON "users_user" ("office_location_id");
CREATE INDEX IF NOT EXISTS "store_article_company_name_id_236802e6" ON "store_article" ("company_name_id");
CREATE INDEX IF NOT EXISTS "store_article_consignor_id_170c72fc" ON "store_article" ("consignor_id");
CREATE INDEX IF NOT EXISTS "store_article_office_location_id_216b5e85" ON "store_article" ("office_location_id");
CREATE INDEX IF NOT EXISTS "store_consignor_company_id_9fdf29a0" ON "store_consignor" ("company_id");
CREATE INDEX IF NOT EXISTS "store_consignor_office_location_id_709e205e" ON "store_consignor" ("office_location_id");
CREATE INDEX IF NOT EXISTS "store_onaccount_company_id_8283503d" ON "store_onaccount" ("company_id");
CREATE INDEX IF NOT EXISTS "store_onaccount_office_location_id_d8877177" ON "store_onaccount" ("office_location_id");
CREATE INDEX IF NOT EXISTS "store_station_taluka_id_51032d3b" ON "store_station" ("taluka_id");
CREATE INDEX IF NOT EXISTS "store_station_office_location_id_cc8d1da0" ON "store_station" ("office_location_id");
CREATE INDEX IF NOT EXISTS "store_taluka_district_id_63ffbdb2" ON "store_taluka" ("district_id");
CREATE INDEX IF NOT EXISTS "store_taluka_office_location_id_5a2300b5" ON "store_taluka" ("office_location_id");
CREATE INDEX IF NOT EXISTS "transactions_builty_article_id_9ef4500b" ON "transactions_builty" ("article_id");
CREATE INDEX IF NOT EXISTS "transactions_builty_company_id_e5faf59d" ON "transactions_builty" ("company_id");
CREATE INDEX IF NOT EXISTS "transactions_builty_consignor_id_abafe990" ON "transactions_builty" ("consignor_id");
CREATE INDEX IF NOT EXISTS "transactions_builty_district_id_32c090e4" ON "transactions_builty" ("district_id");
CREATE INDEX IF NOT EXISTS "transactions_builty_onaccount_id_35cc36f3" ON "transactions_builty" ("onaccount_id");
CREATE INDEX IF NOT EXISTS "transactions_builty_petrol_pump_id_9922ae78" ON "transactions_builty" ("petrol_pump_id");
CREATE INDEX IF NOT EXISTS "transactions_builty_station_from_id_0fc95978" ON "transactions_builty" ("station_from_id");
CREATE INDEX IF NOT EXISTS "transactions_builty_station_to_id_8018ef07" ON "transactions_builty" ("station_to_id");
CREATE INDEX IF NOT EXISTS "transactions_builty_taluka_id_3af43376" ON "transactions_builty" ("taluka_id");
CREATE INDEX IF NOT EXISTS "transactions_builty_truck_details_id_7724d30a" ON "transactions_builty" ("truck_details_id");
CREATE INDEX IF NOT EXISTS "transactions_builty_truck_owner_id_74656a52" ON "transactions_builty" ("truck_owner_id");
CREATE INDEX IF NOT EXISTS "transactions_builty_user_id_82211060" ON "transactions_builty" ("user_id");
CREATE TABLE IF NOT EXISTS "store_driver" ("id" integer NOT NULL PRIMARY KEY AUTOINCREMENT, "name" varchar(120) NOT NULL UNIQUE, "address" varchar(120) NOT NULL UNIQUE, "driving_licence" varchar(120) NOT NULL UNIQUE, "adhar_card" varchar(120) NOT NULL UNIQUE, "mobile_no" integer NOT NULL);
INSERT INTO "store_driver" VALUES(1,'WASIM KHAMGAON MH28BB6111','KHAMGAON','55214965','4014515154422',9834303034);
INSERT INTO "store_driver" VALUES(2,'SHAIKH SABIR MH27BX1149','MALKAPUR','4465466546','33333333333333333',5646512);
CREATE UNIQUE INDEX "django_content_type_app_label_model_76bd3d3b_uniq" ON "django_content_type" ("app_label", "model");
CREATE UNIQUE INDEX "auth_group_permissions_group_id_permission_id_0cd325b0_uniq" ON "auth_group_permissions" ("group_id", "permission_id");
CREATE INDEX IF NOT EXISTS "auth_group_permissions_group_id_b120cbf9" ON "auth_group_permissions" ("group_id");
CREATE INDEX IF NOT EXISTS "auth_group_permissions_permission_id_84c5c92e" ON "auth_group_permissions" ("permission_id");
CREATE UNIQUE INDEX "auth_permission_content_type_id_codename_01ab375a_uniq" ON "auth_permission" ("content_type_id", "codename");
CREATE INDEX IF NOT EXISTS "auth_permission_content_type_id_2f476e4b" ON "auth_permission" ("content_type_id");
CREATE UNIQUE INDEX "users_user_groups_user_id_group_id_b88eab82_uniq" ON "users_user_groups" ("user_id", "group_id");
CREATE INDEX IF NOT EXISTS "users_user_groups_user_id_5f6f5a90" ON "users_user_groups" ("user_id");
CREATE INDEX IF NOT EXISTS "users_user_groups_group_id_9afc8d0e" ON "users_user_groups" ("group_id");
CREATE UNIQUE INDEX "users_user_user_permissions_user_id_permission_id_43338c45_uniq" ON "users_user_user_permissions" ("user_id", "permission_id");
CREATE INDEX IF NOT EXISTS "users_user_user_permissions_user_id_20aca447" ON "users_user_user_permissions" ("user_id");
CREATE INDEX IF NOT EXISTS "users_user_user_permissions_permission_id_0b93982e" ON "users_user_user_permissions" ("permission_id");
CREATE INDEX IF NOT EXISTS "django_admin_log_content_type_id_c4bce8eb" ON "django_admin_log" ("content_type_id");
CREATE INDEX IF NOT EXISTS "django_admin_log_user_id_c564eba6" ON "django_admin_log" ("user_id");
CREATE INDEX IF NOT EXISTS "django_session_expire_date_a5c62663" ON "django_session" ("expire_date");
CREATE INDEX IF NOT EXISTS "store_truck_details_truck_owner_id_155e372c" ON "store_truck_details" ("truck_owner_id");
CREATE INDEX IF NOT EXISTS "transactions_sub_trip_builty_id_26195045" ON "transactions_sub_trip" ("builty_id");
CREATE INDEX IF NOT EXISTS "transactions_sub_trip_station_from_id_d602b198" ON "transactions_sub_trip" ("station_from_id");
CREATE INDEX IF NOT EXISTS "transactions_sub_trip_station_to_id_fb47cb0b" ON "transactions_sub_trip" ("station_to_id");
CREATE INDEX IF NOT EXISTS "transactions_request_edit_builty_id_17f4ac6b" ON "transactions_request_edit" ("builty_id");
CREATE INDEX IF NOT EXISTS "transactions_request_edit_user_id_296a97e5" ON "transactions_request_edit" ("user_id");
CREATE INDEX IF NOT EXISTS "transactions_ack_builty_id_e9cf4eb9" ON "transactions_ack" ("builty_id");
CREATE INDEX IF NOT EXISTS "store_rate_to_station_id_71b5e0d1" ON "store_rate" ("to_station_id");
CREATE INDEX IF NOT EXISTS "store_rate_from_station_id_cf4de4c2" ON "store_rate" ("from_station_id");
CREATE INDEX IF NOT EXISTS "store_district_office_location_id_def88825" ON "store_district" ("office_location_id");
CREATE INDEX IF NOT EXISTS "users_user_company_id_14799323" ON "users_user" ("company_id");
CREATE INDEX IF NOT EXISTS "users_user_office_location_id_9bf9b0fd" ON "users_user" ("office_location_id");
CREATE INDEX IF NOT EXISTS "store_article_company_name_id_236802e6" ON "store_article" ("company_name_id");
CREATE INDEX IF NOT EXISTS "store_article_consignor_id_170c72fc" ON "store_article" ("consignor_id");
CREATE INDEX IF NOT EXISTS "store_article_office_location_id_216b5e85" ON "store_article" ("office_location_id");
CREATE INDEX IF NOT EXISTS "store_consignor_company_id_9fdf29a0" ON "store_consignor" ("company_id");
CREATE INDEX IF NOT EXISTS "store_consignor_office_location_id_709e205e" ON "store_consignor" ("office_location_id");
CREATE INDEX IF NOT EXISTS "store_onaccount_company_id_8283503d" ON "store_onaccount" ("company_id");
CREATE INDEX IF NOT EXISTS "store_onaccount_office_location_id_d8877177" ON "store_onaccount" ("office_location_id");
CREATE INDEX IF NOT EXISTS "store_station_taluka_id_51032d3b" ON "store_station" ("taluka_id");
CREATE INDEX IF NOT EXISTS "store_station_office_location_id_cc8d1da0" ON "store_station" ("office_location_id");
CREATE INDEX IF NOT EXISTS "store_taluka_district_id_63ffbdb2" ON "store_taluka" ("district_id");
CREATE INDEX IF NOT EXISTS "store_taluka_office_location_id_5a2300b5" ON "store_taluka" ("office_location_id");
CREATE INDEX IF NOT EXISTS "transactions_builty_article_id_9ef4500b" ON "transactions_builty" ("article_id");
CREATE INDEX IF NOT EXISTS "transactions_builty_company_id_e5faf59d" ON "transactions_builty" ("company_id");
CREATE INDEX IF NOT EXISTS "transactions_builty_consignor_id_abafe990" ON "transactions_builty" ("consignor_id");
CREATE INDEX IF NOT EXISTS "transactions_builty_district_id_32c090e4" ON "transactions_builty" ("district_id");
CREATE INDEX IF NOT EXISTS "transactions_builty_onaccount_id_35cc36f3" ON "transactions_builty" ("onaccount_id");
CREATE INDEX IF NOT EXISTS "transactions_builty_petrol_pump_id_9922ae78" ON "transactions_builty" ("petrol_pump_id");
CREATE INDEX IF NOT EXISTS "transactions_builty_station_from_id_0fc95978" ON "transactions_builty" ("station_from_id");
CREATE INDEX IF NOT EXISTS "transactions_builty_station_to_id_8018ef07" ON "transactions_builty" ("station_to_id");
CREATE INDEX IF NOT EXISTS "transactions_builty_taluka_id_3af43376" ON "transactions_builty" ("taluka_id");
CREATE INDEX IF NOT EXISTS "transactions_builty_truck_details_id_7724d30a" ON "transactions_builty" ("truck_details_id");
CREATE INDEX IF NOT EXISTS "transactions_builty_truck_owner_id_74656a52" ON "transactions_builty" ("truck_owner_id");
CREATE INDEX IF NOT EXISTS "transactions_builty_user_id_82211060" ON "transactions_builty" ("user_id");
CREATE TABLE IF NOT EXISTS "store_office_location" ("id" integer NOT NULL PRIMARY KEY AUTOINCREMENT, "name" varchar(120) NOT NULL UNIQUE);
INSERT INTO "store_office_location" VALUES(1,'AKOLA');
INSERT INTO "store_office_location" VALUES(2,'KHAMGAON');
INSERT INTO "store_office_location" VALUES(3,'asAs');
INSERT INTO "store_office_location" VALUES(4,'WARDHA');
CREATE UNIQUE INDEX "django_content_type_app_label_model_76bd3d3b_uniq" ON "django_content_type" ("app_label", "model");
CREATE UNIQUE INDEX "auth_group_permissions_group_id_permission_id_0cd325b0_uniq" ON "auth_group_permissions" ("group_id", "permission_id");
CREATE INDEX IF NOT EXISTS "auth_group_permissions_group_id_b120cbf9" ON "auth_group_permissions" ("group_id");
CREATE INDEX IF NOT EXISTS "auth_group_permissions_permission_id_84c5c92e" ON "auth_group_permissions" ("permission_id");
CREATE UNIQUE INDEX "auth_permission_content_type_id_codename_01ab375a_uniq" ON "auth_permission" ("content_type_id", "codename");
CREATE INDEX IF NOT EXISTS "auth_permission_content_type_id_2f476e4b" ON "auth_permission" ("content_type_id");
CREATE UNIQUE INDEX "users_user_groups_user_id_group_id_b88eab82_uniq" ON "users_user_groups" ("user_id", "group_id");
CREATE INDEX IF NOT EXISTS "users_user_groups_user_id_5f6f5a90" ON "users_user_groups" ("user_id");
CREATE INDEX IF NOT EXISTS "users_user_groups_group_id_9afc8d0e" ON "users_user_groups" ("group_id");
CREATE UNIQUE INDEX "users_user_user_permissions_user_id_permission_id_43338c45_uniq" ON "users_user_user_permissions" ("user_id", "permission_id");
CREATE INDEX IF NOT EXISTS "users_user_user_permissions_user_id_20aca447" ON "users_user_user_permissions" ("user_id");
CREATE INDEX IF NOT EXISTS "users_user_user_permissions_permission_id_0b93982e" ON "users_user_user_permissions" ("permission_id");
CREATE INDEX IF NOT EXISTS "django_admin_log_content_type_id_c4bce8eb" ON "django_admin_log" ("content_type_id");
CREATE INDEX IF NOT EXISTS "django_admin_log_user_id_c564eba6" ON "django_admin_log" ("user_id");
CREATE INDEX IF NOT EXISTS "django_session_expire_date_a5c62663" ON "django_session" ("expire_date");
CREATE INDEX IF NOT EXISTS "store_truck_details_truck_owner_id_155e372c" ON "store_truck_details" ("truck_owner_id");
CREATE INDEX IF NOT EXISTS "transactions_sub_trip_builty_id_26195045" ON "transactions_sub_trip" ("builty_id");
CREATE INDEX IF NOT EXISTS "transactions_sub_trip_station_from_id_d602b198" ON "transactions_sub_trip" ("station_from_id");
CREATE INDEX IF NOT EXISTS "transactions_sub_trip_station_to_id_fb47cb0b" ON "transactions_sub_trip" ("station_to_id");
CREATE INDEX IF NOT EXISTS "transactions_request_edit_builty_id_17f4ac6b" ON "transactions_request_edit" ("builty_id");
CREATE INDEX IF NOT EXISTS "transactions_request_edit_user_id_296a97e5" ON "transactions_request_edit" ("user_id");
CREATE INDEX IF NOT EXISTS "transactions_ack_builty_id_e9cf4eb9" ON "transactions_ack" ("builty_id");
CREATE INDEX IF NOT EXISTS "store_rate_to_station_id_71b5e0d1" ON "store_rate" ("to_station_id");
CREATE INDEX IF NOT EXISTS "store_rate_from_station_id_cf4de4c2" ON "store_rate" ("from_station_id");
CREATE INDEX IF NOT EXISTS "store_district_office_location_id_def88825" ON "store_district" ("office_location_id");
CREATE INDEX IF NOT EXISTS "users_user_company_id_14799323" ON "users_user" ("company_id");
CREATE INDEX IF NOT EXISTS "users_user_office_location_id_9bf9b0fd" ON "users_user" ("office_location_id");
CREATE INDEX IF NOT EXISTS "store_article_company_name_id_236802e6" ON "store_article" ("company_name_id");
CREATE INDEX IF NOT EXISTS "store_article_consignor_id_170c72fc" ON "store_article" ("consignor_id");
CREATE INDEX IF NOT EXISTS "store_article_office_location_id_216b5e85" ON "store_article" ("office_location_id");
CREATE INDEX IF NOT EXISTS "store_consignor_company_id_9fdf29a0" ON "store_consignor" ("company_id");
CREATE INDEX IF NOT EXISTS "store_consignor_office_location_id_709e205e" ON "store_consignor" ("office_location_id");
CREATE INDEX IF NOT EXISTS "store_onaccount_company_id_8283503d" ON "store_onaccount" ("company_id");
CREATE INDEX IF NOT EXISTS "store_onaccount_office_location_id_d8877177" ON "store_onaccount" ("office_location_id");
CREATE INDEX IF NOT EXISTS "store_station_taluka_id_51032d3b" ON "store_station" ("taluka_id");
CREATE INDEX IF NOT EXISTS "store_station_office_location_id_cc8d1da0" ON "store_station" ("office_location_id");
CREATE INDEX IF NOT EXISTS "store_taluka_district_id_63ffbdb2" ON "store_taluka" ("district_id");
CREATE INDEX IF NOT EXISTS "store_taluka_office_location_id_5a2300b5" ON "store_taluka" ("office_location_id");
CREATE INDEX IF NOT EXISTS "transactions_builty_article_id_9ef4500b" ON "transactions_builty" ("article_id");
CREATE INDEX IF NOT EXISTS "transactions_builty_company_id_e5faf59d" ON "transactions_builty" ("company_id");
CREATE INDEX IF NOT EXISTS "transactions_builty_consignor_id_abafe990" ON "transactions_builty" ("consignor_id");
CREATE INDEX IF NOT EXISTS "transactions_builty_district_id_32c090e4" ON "transactions_builty" ("district_id");
CREATE INDEX IF NOT EXISTS "transactions_builty_onaccount_id_35cc36f3" ON "transactions_builty" ("onaccount_id");
CREATE INDEX IF NOT EXISTS "transactions_builty_petrol_pump_id_9922ae78" ON "transactions_builty" ("petrol_pump_id");
CREATE INDEX IF NOT EXISTS "transactions_builty_station_from_id_0fc95978" ON "transactions_builty" ("station_from_id");
CREATE INDEX IF NOT EXISTS "transactions_builty_station_to_id_8018ef07" ON "transactions_builty" ("station_to_id");
CREATE INDEX IF NOT EXISTS "transactions_builty_taluka_id_3af43376" ON "transactions_builty" ("taluka_id");
CREATE INDEX IF NOT EXISTS "transactions_builty_truck_details_id_7724d30a" ON "transactions_builty" ("truck_details_id");
CREATE INDEX IF NOT EXISTS "transactions_builty_truck_owner_id_74656a52" ON "transactions_builty" ("truck_owner_id");
CREATE INDEX IF NOT EXISTS "transactions_builty_user_id_82211060" ON "transactions_builty" ("user_id");
CREATE TABLE IF NOT EXISTS "store_onaccount" ("id" integer NOT NULL PRIMARY KEY AUTOINCREMENT, "name" varchar(120) NOT NULL, "company_id" bigint NOT NULL REFERENCES "store_company" ("id") DEFERRABLE INITIALLY DEFERRED, "office_location_id" bigint NULL REFERENCES "store_office_location" ("id") DEFERRABLE INITIALLY DEFERRED);
INSERT INTO "store_onaccount" VALUES(1,'CKK',1,1);
INSERT INTO "store_onaccount" VALUES(2,'KASTURI ENTERPRISES',1,1);
INSERT INTO "store_onaccount" VALUES(3,'KASTURI ENTERPRISES',1,1);
INSERT INTO "store_onaccount" VALUES(4,'KASTURI ENTERPRISES',1,1);
INSERT INTO "store_onaccount" VALUES(5,'KASTURI ENTERPRISES',1,1);
INSERT INTO "store_onaccount" VALUES(6,'ADINATH AGENCY',1,1);
INSERT INTO "store_onaccount" VALUES(7,'GOVIND UDYOG AGENCY',1,1);
INSERT INTO "store_onaccount" VALUES(8,'KEDARKUMAR SAGARKUMAR BAGANI',1,1);
INSERT INTO "store_onaccount" VALUES(9,'CEMENT SALES & H/W AKOLA',1,1);
INSERT INTO "store_onaccount" VALUES(10,'INDRADEEP CONSTRUCTION CO. YAVATMAL',1,1);
INSERT INTO "store_onaccount" VALUES(11,'KEAN HOSPITAL AKOLA',1,1);
INSERT INTO "store_onaccount" VALUES(12,'SHREE VYANKATESH ERIGATION TELHARA',1,1);
INSERT INTO "store_onaccount" VALUES(13,'GAWALI ENTERPRISES BORGAON MANJU',1,1);
INSERT INTO "store_onaccount" VALUES(14,'BAKE BIHARI INFRA SOLUTION AKOLA',1,1);
INSERT INTO "store_onaccount" VALUES(15,'ADINATH AGENCY NANDURA',1,1);
INSERT INTO "store_onaccount" VALUES(16,'VIDARBHA TRADERS MURTIZAPUR',1,1);
INSERT INTO "store_onaccount" VALUES(17,'CHIRANJILAL KAMALKISHORE AKOT',1,1);
INSERT INTO "store_onaccount" VALUES(18,'IMRAN TRADERS AKOLA',1,1);
INSERT INTO "store_onaccount" VALUES(19,'IMRAN TRADERS AKOLA',1,1);
INSERT INTO "store_onaccount" VALUES(20,'SHREEJI SALES CORPORATION AKOLA',1,1);
INSERT INTO "store_onaccount" VALUES(21,'JAI AGENCY MANA',1,1);
INSERT INTO "store_onaccount" VALUES(22,'SHUBHAM H/W KATEPURNA',1,1);
INSERT INTO "store_onaccount" VALUES(23,'ADINATH AGENCY NANDURA',1,2);
INSERT INTO "store_onaccount" VALUES(24,'BHAGYODAY TRADERS SHEGAON',1,2);
INSERT INTO "store_onaccount" VALUES(25,'BHAVANI HARDWARE SHEGAON',1,2);
INSERT INTO "store_onaccount" VALUES(26,'SHRI BAJARANG TRADERS KHAMGAON',1,2);
INSERT INTO "store_onaccount" VALUES(27,'SHRI TRADERS SHEGAON',1,2);
INSERT INTO "store_onaccount" VALUES(28,'SHRI RAM ENGINEERING & H/W NIMBA',1,1);
INSERT INTO "store_onaccount" VALUES(29,'CEMENT HOUSE CHIKHALI',1,2);
INSERT INTO "store_onaccount" VALUES(30,'JAIKISAN BUILDING MATERIAL KHAMGAON',1,2);
INSERT INTO "store_onaccount" VALUES(31,'SHRI BALAJI TRADERS SHEGAON',1,2);
INSERT INTO "store_onaccount" VALUES(32,'AGRAWAL CEMENT KHAMGAON',1,2);
INSERT INTO "store_onaccount" VALUES(33,'SUDARSHAN BUILDING MATERIAL KHAMGAON',1,2);
INSERT INTO "store_onaccount" VALUES(34,'KALAMB SALES CORPORATION BARSHITAKLI',1,1);
INSERT INTO "store_onaccount" VALUES(35,'MALLAWAT TRADING COMPANY DEULGAON RAJA',1,2);
INSERT INTO "store_onaccount" VALUES(36,'CEMENT HOUSE BULDHANA',1,2);
INSERT INTO "store_onaccount" VALUES(37,'CEMENT HOUSE MOTALA',1,2);
INSERT INTO "store_onaccount" VALUES(38,'OSWAL STEEL BULDHANA',1,2);
INSERT INTO "store_onaccount" VALUES(39,'KRUSHNA TRADERS BULDHANA',1,2);
INSERT INTO "store_onaccount" VALUES(40,'KRISHNA AGENCY MEHKAR',1,2);
INSERT INTO "store_onaccount" VALUES(41,'PRAKASH STEEL BULDHANA',1,2);
INSERT INTO "store_onaccount" VALUES(42,'AJANTA TRADRS MALKAPUR',1,2);
INSERT INTO "store_onaccount" VALUES(43,'BHARAT STEEL CORP. MALKAPUR',1,2);
INSERT INTO "store_onaccount" VALUES(44,'SAVAJI & SONS CHIKHALI',1,2);
INSERT INTO "store_onaccount" VALUES(45,'VAIBAV TRADERS ASALGAON',1,2);
INSERT INTO "store_onaccount" VALUES(46,'KRISHNAKRUPA SALES WARWAT',1,2);
INSERT INTO "store_onaccount" VALUES(47,'TAWARI TRADERS ASALGAON',1,2);
INSERT INTO "store_onaccount" VALUES(48,'GAJANAN KIRANA SHOP MANGRUL NAVGHARE',1,2);
INSERT INTO "store_onaccount" VALUES(49,'SHRI GAJANAN TILES J. JAMOD',1,2);
INSERT INTO "store_onaccount" VALUES(50,'GANESH TRADERS CHOHTTA',1,1);
INSERT INTO "store_onaccount" VALUES(51,'KHETAN TRADING COMPANY AKOLA',1,1);
INSERT INTO "store_onaccount" VALUES(52,'BALAJI H/W KUTASA',1,1);
INSERT INTO "store_onaccount" VALUES(53,'NAVATRE H/W CHOHATTA BAZAR',1,1);
INSERT INTO "store_onaccount" VALUES(54,'PIYUSH H/W PANAJ',1,1);
INSERT INTO "store_onaccount" VALUES(55,'SONAL AGRO SERVICE CENTRE WADEGAON',1,1);
INSERT INTO "store_onaccount" VALUES(56,'UTKARSH BUILDING MATERIAL KHANDVI',1,2);
INSERT INTO "store_onaccount" VALUES(57,'SANSKRUTI CONSTRUCTION',1,1);
INSERT INTO "store_onaccount" VALUES(58,'LAXMI H/W AKOT',1,1);
INSERT INTO "store_onaccount" VALUES(59,'NAWALKISHOR MITTAL & SONS JALAMB',1,2);
INSERT INTO "store_onaccount" VALUES(60,'TULJAI HARDWARE SHEGAON',1,2);
INSERT INTO "store_onaccount" VALUES(61,'SANSKRUTI CONSTATION DEULGAON RAJA',1,2);
INSERT INTO "store_onaccount" VALUES(62,'VIDERBHA TRADERS MURTIZAPUR',1,1);
INSERT INTO "store_onaccount" VALUES(63,'ABS CEMENT STRUCTURALS COMPANY BULDHANA',1,2);
INSERT INTO "store_onaccount" VALUES(64,'JANTA TRADERS KOTHALI',1,2);
INSERT INTO "store_onaccount" VALUES(65,'JANTA TRADERS DHAD',1,2);
INSERT INTO "store_onaccount" VALUES(66,'AMBIKA H/W DEULGAON MAHI',1,2);
INSERT INTO "store_onaccount" VALUES(67,'SANT NAGRI MULTISPECIALITY SHEGAON',1,2);
INSERT INTO "store_onaccount" VALUES(68,'SANSKRUTI CONSTRUCTION DEULGAON RAJA',1,2);
INSERT INTO "store_onaccount" VALUES(69,'PRIYA HARDWARE SANGRAMPUR',1,2);
INSERT INTO "store_onaccount" VALUES(70,'VISHAD TRADERS JANEPHAL',1,2);
INSERT INTO "store_onaccount" VALUES(71,'SHREE TRADERS JAMOD',1,2);
INSERT INTO "store_onaccount" VALUES(72,'BHADRAMAROTI TRADERS LONAR',1,2);
CREATE UNIQUE INDEX "django_content_type_app_label_model_76bd3d3b_uniq" ON "django_content_type" ("app_label", "model");
CREATE UNIQUE INDEX "auth_group_permissions_group_id_permission_id_0cd325b0_uniq" ON "auth_group_permissions" ("group_id", "permission_id");
CREATE INDEX IF NOT EXISTS "auth_group_permissions_group_id_b120cbf9" ON "auth_group_permissions" ("group_id");
CREATE INDEX IF NOT EXISTS "auth_group_permissions_permission_id_84c5c92e" ON "auth_group_permissions" ("permission_id");
CREATE UNIQUE INDEX "auth_permission_content_type_id_codename_01ab375a_uniq" ON "auth_permission" ("content_type_id", "codename");
CREATE INDEX IF NOT EXISTS "auth_permission_content_type_id_2f476e4b" ON "auth_permission" ("content_type_id");
CREATE UNIQUE INDEX "users_user_groups_user_id_group_id_b88eab82_uniq" ON "users_user_groups" ("user_id", "group_id");
CREATE INDEX IF NOT EXISTS "users_user_groups_user_id_5f6f5a90" ON "users_user_groups" ("user_id");
CREATE INDEX IF NOT EXISTS "users_user_groups_group_id_9afc8d0e" ON "users_user_groups" ("group_id");
CREATE UNIQUE INDEX "users_user_user_permissions_user_id_permission_id_43338c45_uniq" ON "users_user_user_permissions" ("user_id", "permission_id");
CREATE INDEX IF NOT EXISTS "users_user_user_permissions_user_id_20aca447" ON "users_user_user_permissions" ("user_id");
CREATE INDEX IF NOT EXISTS "users_user_user_permissions_permission_id_0b93982e" ON "users_user_user_permissions" ("permission_id");
CREATE INDEX IF NOT EXISTS "django_admin_log_content_type_id_c4bce8eb" ON "django_admin_log" ("content_type_id");
CREATE INDEX IF NOT EXISTS "django_admin_log_user_id_c564eba6" ON "django_admin_log" ("user_id");
CREATE INDEX IF NOT EXISTS "django_session_expire_date_a5c62663" ON "django_session" ("expire_date");
CREATE INDEX IF NOT EXISTS "store_truck_details_truck_owner_id_155e372c" ON "store_truck_details" ("truck_owner_id");
CREATE INDEX IF NOT EXISTS "transactions_sub_trip_builty_id_26195045" ON "transactions_sub_trip" ("builty_id");
CREATE INDEX IF NOT EXISTS "transactions_sub_trip_station_from_id_d602b198" ON "transactions_sub_trip" ("station_from_id");
CREATE INDEX IF NOT EXISTS "transactions_sub_trip_station_to_id_fb47cb0b" ON "transactions_sub_trip" ("station_to_id");
CREATE INDEX IF NOT EXISTS "transactions_request_edit_builty_id_17f4ac6b" ON "transactions_request_edit" ("builty_id");
CREATE INDEX IF NOT EXISTS "transactions_request_edit_user_id_296a97e5" ON "transactions_request_edit" ("user_id");
CREATE INDEX IF NOT EXISTS "transactions_ack_builty_id_e9cf4eb9" ON "transactions_ack" ("builty_id");
CREATE INDEX IF NOT EXISTS "store_rate_to_station_id_71b5e0d1" ON "store_rate" ("to_station_id");
CREATE INDEX IF NOT EXISTS "store_rate_from_station_id_cf4de4c2" ON "store_rate" ("from_station_id");
CREATE INDEX IF NOT EXISTS "store_district_office_location_id_def88825" ON "store_district" ("office_location_id");
CREATE INDEX IF NOT EXISTS "users_user_company_id_14799323" ON "users_user" ("company_id");
CREATE INDEX IF NOT EXISTS "users_user_office_location_id_9bf9b0fd" ON "users_user" ("office_location_id");
CREATE INDEX IF NOT EXISTS "store_article_company_name_id_236802e6" ON "store_article" ("company_name_id");
CREATE INDEX IF NOT EXISTS "store_article_consignor_id_170c72fc" ON "store_article" ("consignor_id");
CREATE INDEX IF NOT EXISTS "store_article_office_location_id_216b5e85" ON "store_article" ("office_location_id");
CREATE INDEX IF NOT EXISTS "store_consignor_company_id_9fdf29a0" ON "store_consignor" ("company_id");
CREATE INDEX IF NOT EXISTS "store_consignor_office_location_id_709e205e" ON "store_consignor" ("office_location_id");
CREATE INDEX IF NOT EXISTS "store_onaccount_company_id_8283503d" ON "store_onaccount" ("company_id");
CREATE INDEX IF NOT EXISTS "store_onaccount_office_location_id_d8877177" ON "store_onaccount" ("office_location_id");
CREATE INDEX IF NOT EXISTS "store_station_taluka_id_51032d3b" ON "store_station" ("taluka_id");
CREATE INDEX IF NOT EXISTS "store_station_office_location_id_cc8d1da0" ON "store_station" ("office_location_id");
CREATE INDEX IF NOT EXISTS "store_taluka_district_id_63ffbdb2" ON "store_taluka" ("district_id");
CREATE INDEX IF NOT EXISTS "store_taluka_office_location_id_5a2300b5" ON "store_taluka" ("office_location_id");
CREATE INDEX IF NOT EXISTS "transactions_builty_article_id_9ef4500b" ON "transactions_builty" ("article_id");
CREATE INDEX IF NOT EXISTS "transactions_builty_company_id_e5faf59d" ON "transactions_builty" ("company_id");
CREATE INDEX IF NOT EXISTS "transactions_builty_consignor_id_abafe990" ON "transactions_builty" ("consignor_id");
CREATE INDEX IF NOT EXISTS "transactions_builty_district_id_32c090e4" ON "transactions_builty" ("district_id");
CREATE INDEX IF NOT EXISTS "transactions_builty_onaccount_id_35cc36f3" ON "transactions_builty" ("onaccount_id");
CREATE INDEX IF NOT EXISTS "transactions_builty_petrol_pump_id_9922ae78" ON "transactions_builty" ("petrol_pump_id");
CREATE INDEX IF NOT EXISTS "transactions_builty_station_from_id_0fc95978" ON "transactions_builty" ("station_from_id");
CREATE INDEX IF NOT EXISTS "transactions_builty_station_to_id_8018ef07" ON "transactions_builty" ("station_to_id");
CREATE INDEX IF NOT EXISTS "transactions_builty_taluka_id_3af43376" ON "transactions_builty" ("taluka_id");
CREATE INDEX IF NOT EXISTS "transactions_builty_truck_details_id_7724d30a" ON "transactions_builty" ("truck_details_id");
CREATE INDEX IF NOT EXISTS "transactions_builty_truck_owner_id_74656a52" ON "transactions_builty" ("truck_owner_id");
CREATE INDEX IF NOT EXISTS "transactions_builty_user_id_82211060" ON "transactions_builty" ("user_id");
CREATE TABLE IF NOT EXISTS "store_petrol_pump" ("id" integer NOT NULL PRIMARY KEY AUTOINCREMENT, "name" varchar(120) NOT NULL UNIQUE);
INSERT INTO "store_petrol_pump" VALUES(1,'Sati Servo Midc Akola');
INSERT INTO "store_petrol_pump" VALUES(2,'Simrat Servo Centre');
INSERT INTO "store_petrol_pump" VALUES(3,'Hari Auto Service');
CREATE UNIQUE INDEX "django_content_type_app_label_model_76bd3d3b_uniq" ON "django_content_type" ("app_label", "model");
CREATE UNIQUE INDEX "auth_group_permissions_group_id_permission_id_0cd325b0_uniq" ON "auth_group_permissions" ("group_id", "permission_id");
CREATE INDEX IF NOT EXISTS "auth_group_permissions_group_id_b120cbf9" ON "auth_group_permissions" ("group_id");
CREATE INDEX IF NOT EXISTS "auth_group_permissions_permission_id_84c5c92e" ON "auth_group_permissions" ("permission_id");
CREATE UNIQUE INDEX "auth_permission_content_type_id_codename_01ab375a_uniq" ON "auth_permission" ("content_type_id", "codename");
CREATE INDEX IF NOT EXISTS "auth_permission_content_type_id_2f476e4b" ON "auth_permission" ("content_type_id");
CREATE UNIQUE INDEX "users_user_groups_user_id_group_id_b88eab82_uniq" ON "users_user_groups" ("user_id", "group_id");
CREATE INDEX IF NOT EXISTS "users_user_groups_user_id_5f6f5a90" ON "users_user_groups" ("user_id");
CREATE INDEX IF NOT EXISTS "users_user_groups_group_id_9afc8d0e" ON "users_user_groups" ("group_id");
CREATE UNIQUE INDEX "users_user_user_permissions_user_id_permission_id_43338c45_uniq" ON "users_user_user_permissions" ("user_id", "permission_id");
CREATE INDEX IF NOT EXISTS "users_user_user_permissions_user_id_20aca447" ON "users_user_user_permissions" ("user_id");
CREATE INDEX IF NOT EXISTS "users_user_user_permissions_permission_id_0b93982e" ON "users_user_user_permissions" ("permission_id");
CREATE INDEX IF NOT EXISTS "django_admin_log_content_type_id_c4bce8eb" ON "django_admin_log" ("content_type_id");
CREATE INDEX IF NOT EXISTS "django_admin_log_user_id_c564eba6" ON "django_admin_log" ("user_id");
CREATE INDEX IF NOT EXISTS "django_session_expire_date_a5c62663" ON "django_session" ("expire_date");
CREATE INDEX IF NOT EXISTS "store_truck_details_truck_owner_id_155e372c" ON "store_truck_details" ("truck_owner_id");
CREATE INDEX IF NOT EXISTS "transactions_sub_trip_builty_id_26195045" ON "transactions_sub_trip" ("builty_id");
CREATE INDEX IF NOT EXISTS "transactions_sub_trip_station_from_id_d602b198" ON "transactions_sub_trip" ("station_from_id");
CREATE INDEX IF NOT EXISTS "transactions_sub_trip_station_to_id_fb47cb0b" ON "transactions_sub_trip" ("station_to_id");
CREATE INDEX IF NOT EXISTS "transactions_request_edit_builty_id_17f4ac6b" ON "transactions_request_edit" ("builty_id");
CREATE INDEX IF NOT EXISTS "transactions_request_edit_user_id_296a97e5" ON "transactions_request_edit" ("user_id");
CREATE INDEX IF NOT EXISTS "transactions_ack_builty_id_e9cf4eb9" ON "transactions_ack" ("builty_id");
CREATE INDEX IF NOT EXISTS "store_rate_to_station_id_71b5e0d1" ON "store_rate" ("to_station_id");
CREATE INDEX IF NOT EXISTS "store_rate_from_station_id_cf4de4c2" ON "store_rate" ("from_station_id");
CREATE INDEX IF NOT EXISTS "store_district_office_location_id_def88825" ON "store_district" ("office_location_id");
CREATE INDEX IF NOT EXISTS "users_user_company_id_14799323" ON "users_user" ("company_id");
CREATE INDEX IF NOT EXISTS "users_user_office_location_id_9bf9b0fd" ON "users_user" ("office_location_id");
CREATE INDEX IF NOT EXISTS "store_article_company_name_id_236802e6" ON "store_article" ("company_name_id");
CREATE INDEX IF NOT EXISTS "store_article_consignor_id_170c72fc" ON "store_article" ("consignor_id");
CREATE INDEX IF NOT EXISTS "store_article_office_location_id_216b5e85" ON "store_article" ("office_location_id");
CREATE INDEX IF NOT EXISTS "store_consignor_company_id_9fdf29a0" ON "store_consignor" ("company_id");
CREATE INDEX IF NOT EXISTS "store_consignor_office_location_id_709e205e" ON "store_consignor" ("office_location_id");
CREATE INDEX IF NOT EXISTS "store_onaccount_company_id_8283503d" ON "store_onaccount" ("company_id");
CREATE INDEX IF NOT EXISTS "store_onaccount_office_location_id_d8877177" ON "store_onaccount" ("office_location_id");
CREATE INDEX IF NOT EXISTS "store_station_taluka_id_51032d3b" ON "store_station" ("taluka_id");
CREATE INDEX IF NOT EXISTS "store_station_office_location_id_cc8d1da0" ON "store_station" ("office_location_id");
CREATE INDEX IF NOT EXISTS "store_taluka_district_id_63ffbdb2" ON "store_taluka" ("district_id");
CREATE INDEX IF NOT EXISTS "store_taluka_office_location_id_5a2300b5" ON "store_taluka" ("office_location_id");
CREATE INDEX IF NOT EXISTS "transactions_builty_article_id_9ef4500b" ON "transactions_builty" ("article_id");
CREATE INDEX IF NOT EXISTS "transactions_builty_company_id_e5faf59d" ON "transactions_builty" ("company_id");
CREATE INDEX IF NOT EXISTS "transactions_builty_consignor_id_abafe990" ON "transactions_builty" ("consignor_id");
CREATE INDEX IF NOT EXISTS "transactions_builty_district_id_32c090e4" ON "transactions_builty" ("district_id");
CREATE INDEX IF NOT EXISTS "transactions_builty_onaccount_id_35cc36f3" ON "transactions_builty" ("onaccount_id");
CREATE INDEX IF NOT EXISTS "transactions_builty_petrol_pump_id_9922ae78" ON "transactions_builty" ("petrol_pump_id");
CREATE INDEX IF NOT EXISTS "transactions_builty_station_from_id_0fc95978" ON "transactions_builty" ("station_from_id");
CREATE INDEX IF NOT EXISTS "transactions_builty_station_to_id_8018ef07" ON "transactions_builty" ("station_to_id");
CREATE INDEX IF NOT EXISTS "transactions_builty_taluka_id_3af43376" ON "transactions_builty" ("taluka_id");
CREATE INDEX IF NOT EXISTS "transactions_builty_truck_details_id_7724d30a" ON "transactions_builty" ("truck_details_id");
CREATE INDEX IF NOT EXISTS "transactions_builty_truck_owner_id_74656a52" ON "transactions_builty" ("truck_owner_id");
CREATE INDEX IF NOT EXISTS "transactions_builty_user_id_82211060" ON "transactions_builty" ("user_id");
CREATE TABLE IF NOT EXISTS "store_rate" ("id" integer NOT NULL PRIMARY KEY AUTOINCREMENT, "company_rate" integer NOT NULL, "to_station_id" bigint NOT NULL REFERENCES "store_station" ("id") DEFERRABLE INITIALLY DEFERRED, "from_station_id" bigint NOT NULL REFERENCES "store_station" ("id") DEFERRABLE INITIALLY DEFERRED);
CREATE UNIQUE INDEX "django_content_type_app_label_model_76bd3d3b_uniq" ON "django_content_type" ("app_label", "model");
CREATE UNIQUE INDEX "auth_group_permissions_group_id_permission_id_0cd325b0_uniq" ON "auth_group_permissions" ("group_id", "permission_id");
CREATE INDEX IF NOT EXISTS "auth_group_permissions_group_id_b120cbf9" ON "auth_group_permissions" ("group_id");
CREATE INDEX IF NOT EXISTS "auth_group_permissions_permission_id_84c5c92e" ON "auth_group_permissions" ("permission_id");
CREATE UNIQUE INDEX "auth_permission_content_type_id_codename_01ab375a_uniq" ON "auth_permission" ("content_type_id", "codename");
CREATE INDEX IF NOT EXISTS "auth_permission_content_type_id_2f476e4b" ON "auth_permission" ("content_type_id");
CREATE UNIQUE INDEX "users_user_groups_user_id_group_id_b88eab82_uniq" ON "users_user_groups" ("user_id", "group_id");
CREATE INDEX IF NOT EXISTS "users_user_groups_user_id_5f6f5a90" ON "users_user_groups" ("user_id");
CREATE INDEX IF NOT EXISTS "users_user_groups_group_id_9afc8d0e" ON "users_user_groups" ("group_id");
CREATE UNIQUE INDEX "users_user_user_permissions_user_id_permission_id_43338c45_uniq" ON "users_user_user_permissions" ("user_id", "permission_id");
CREATE INDEX IF NOT EXISTS "users_user_user_permissions_user_id_20aca447" ON "users_user_user_permissions" ("user_id");
CREATE INDEX IF NOT EXISTS "users_user_user_permissions_permission_id_0b93982e" ON "users_user_user_permissions" ("permission_id");
CREATE INDEX IF NOT EXISTS "django_admin_log_content_type_id_c4bce8eb" ON "django_admin_log" ("content_type_id");
CREATE INDEX IF NOT EXISTS "django_admin_log_user_id_c564eba6" ON "django_admin_log" ("user_id");
CREATE INDEX IF NOT EXISTS "django_session_expire_date_a5c62663" ON "django_session" ("expire_date");
CREATE INDEX IF NOT EXISTS "store_truck_details_truck_owner_id_155e372c" ON "store_truck_details" ("truck_owner_id");
CREATE INDEX IF NOT EXISTS "transactions_sub_trip_builty_id_26195045" ON "transactions_sub_trip" ("builty_id");
CREATE INDEX IF NOT EXISTS "transactions_sub_trip_station_from_id_d602b198" ON "transactions_sub_trip" ("station_from_id");
CREATE INDEX IF NOT EXISTS "transactions_sub_trip_station_to_id_fb47cb0b" ON "transactions_sub_trip" ("station_to_id");
CREATE INDEX IF NOT EXISTS "transactions_request_edit_builty_id_17f4ac6b" ON "transactions_request_edit" ("builty_id");
CREATE INDEX IF NOT EXISTS "transactions_request_edit_user_id_296a97e5" ON "transactions_request_edit" ("user_id");
CREATE INDEX IF NOT EXISTS "transactions_ack_builty_id_e9cf4eb9" ON "transactions_ack" ("builty_id");
CREATE INDEX IF NOT EXISTS "store_rate_to_station_id_71b5e0d1" ON "store_rate" ("to_station_id");
CREATE INDEX IF NOT EXISTS "store_rate_from_station_id_cf4de4c2" ON "store_rate" ("from_station_id");
CREATE INDEX IF NOT EXISTS "store_district_office_location_id_def88825" ON "store_district" ("office_location_id");
CREATE INDEX IF NOT EXISTS "users_user_company_id_14799323" ON "users_user" ("company_id");
CREATE INDEX IF NOT EXISTS "users_user_office_location_id_9bf9b0fd" ON "users_user" ("office_location_id");
CREATE INDEX IF NOT EXISTS "store_article_company_name_id_236802e6" ON "store_article" ("company_name_id");
CREATE INDEX IF NOT EXISTS "store_article_consignor_id_170c72fc" ON "store_article" ("consignor_id");
CREATE INDEX IF NOT EXISTS "store_article_office_location_id_216b5e85" ON "store_article" ("office_location_id");
CREATE INDEX IF NOT EXISTS "store_consignor_company_id_9fdf29a0" ON "store_consignor" ("company_id");
CREATE INDEX IF NOT EXISTS "store_consignor_office_location_id_709e205e" ON "store_consignor" ("office_location_id");
CREATE INDEX IF NOT EXISTS "store_onaccount_company_id_8283503d" ON "store_onaccount" ("company_id");
CREATE INDEX IF NOT EXISTS "store_onaccount_office_location_id_d8877177" ON "store_onaccount" ("office_location_id");
CREATE INDEX IF NOT EXISTS "store_station_taluka_id_51032d3b" ON "store_station" ("taluka_id");
CREATE INDEX IF NOT EXISTS "store_station_office_location_id_cc8d1da0" ON "store_station" ("office_location_id");
CREATE INDEX IF NOT EXISTS "store_taluka_district_id_63ffbdb2" ON "store_taluka" ("district_id");
CREATE INDEX IF NOT EXISTS "store_taluka_office_location_id_5a2300b5" ON "store_taluka" ("office_location_id");
CREATE INDEX IF NOT EXISTS "transactions_builty_article_id_9ef4500b" ON "transactions_builty" ("article_id");
CREATE INDEX IF NOT EXISTS "transactions_builty_company_id_e5faf59d" ON "transactions_builty" ("company_id");
CREATE INDEX IF NOT EXISTS "transactions_builty_consignor_id_abafe990" ON "transactions_builty" ("consignor_id");
CREATE INDEX IF NOT EXISTS "transactions_builty_district_id_32c090e4" ON "transactions_builty" ("district_id");
CREATE INDEX IF NOT EXISTS "transactions_builty_onaccount_id_35cc36f3" ON "transactions_builty" ("onaccount_id");
CREATE INDEX IF NOT EXISTS "transactions_builty_petrol_pump_id_9922ae78" ON "transactions_builty" ("petrol_pump_id");
CREATE INDEX IF NOT EXISTS "transactions_builty_station_from_id_0fc95978" ON "transactions_builty" ("station_from_id");
CREATE INDEX IF NOT EXISTS "transactions_builty_station_to_id_8018ef07" ON "transactions_builty" ("station_to_id");
CREATE INDEX IF NOT EXISTS "transactions_builty_taluka_id_3af43376" ON "transactions_builty" ("taluka_id");
CREATE INDEX IF NOT EXISTS "transactions_builty_truck_details_id_7724d30a" ON "transactions_builty" ("truck_details_id");
CREATE INDEX IF NOT EXISTS "transactions_builty_truck_owner_id_74656a52" ON "transactions_builty" ("truck_owner_id");
CREATE INDEX IF NOT EXISTS "transactions_builty_user_id_82211060" ON "transactions_builty" ("user_id");
CREATE TABLE IF NOT EXISTS "store_station" ("id" integer NOT NULL PRIMARY KEY AUTOINCREMENT, "name" varchar(120) NOT NULL UNIQUE, "taluka_id" bigint NOT NULL REFERENCES "store_taluka" ("id") DEFERRABLE INITIALLY DEFERRED, "office_location_id" bigint NULL REFERENCES "store_office_location" ("id") DEFERRABLE INITIALLY DEFERRED);
INSERT INTO "store_station" VALUES(1,'AKOLA RAILHEAD1a',1,1);
INSERT INTO "store_station" VALUES(2,'ADGAON',1,1);
INSERT INTO "store_station" VALUES(3,'TELHARA',1,1);
INSERT INTO "store_station" VALUES(4,'AKOT',2,1);
INSERT INTO "store_station" VALUES(5,'KHAMGAON1',1,1);
INSERT INTO "store_station" VALUES(7,'KATEPURNA',6,1);
INSERT INTO "store_station" VALUES(8,'KANSHIVNI',6,1);
INSERT INTO "store_station" VALUES(9,'PARAS',3,1);
INSERT INTO "store_station" VALUES(10,'MURTIZAPUR',6,1);
INSERT INTO "store_station" VALUES(12,'WADEGAON',3,1);
INSERT INTO "store_station" VALUES(15,'KUTASA',2,1);
INSERT INTO "store_station" VALUES(17,'SHIVNI GODOWN',7,1);
INSERT INTO "store_station" VALUES(18,'DANAPUR',29,1);
INSERT INTO "store_station" VALUES(19,'TALEGAON',1,1);
INSERT INTO "store_station" VALUES(20,'AKOLA GODOWN',7,1);
INSERT INTO "store_station" VALUES(21,'WADALI DESHMUKH',27,1);
INSERT INTO "store_station" VALUES(22,'NIMBA',35,1);
INSERT INTO "store_station" VALUES(23,'AKOLA TQ',7,1);
INSERT INTO "store_station" VALUES(24,'BHAMBERI',1,1);
INSERT INTO "store_station" VALUES(25,'ADSUL',1,1);
INSERT INTO "store_station" VALUES(26,'UKALI',1,1);
INSERT INTO "store_station" VALUES(27,'JAMTHI',19,1);
INSERT INTO "store_station" VALUES(28,'WARU BIHADE',1,1);
INSERT INTO "store_station" VALUES(31,'PATHARDI',1,1);
INSERT INTO "store_station" VALUES(32,'BALAPUR',3,1);
INSERT INTO "store_station" VALUES(33,'MANA',18,1);
INSERT INTO "store_station" VALUES(34,'PATUR NANDAPUR',6,1);
INSERT INTO "store_station" VALUES(35,'MAHAN',30,1);
INSERT INTO "store_station" VALUES(36,'KURUM',19,1);
INSERT INTO "store_station" VALUES(37,'SAUNDALA',28,1);
INSERT INTO "store_station" VALUES(38,'CHANNI',37,1);
INSERT INTO "store_station" VALUES(39,'KARLA T',1,1);
INSERT INTO "store_station" VALUES(41,'PATUR',4,1);
INSERT INTO "store_station" VALUES(42,'CHOHATTA BAZAR',39,1);
INSERT INTO "store_station" VALUES(43,'HINGNEE H',52,1);
INSERT INTO "store_station" VALUES(44,'JANORI K',53,1);
INSERT INTO "store_station" VALUES(45,'KASUR K',53,1);
INSERT INTO "store_station" VALUES(46,'BABULGAON',37,1);
INSERT INTO "store_station" VALUES(47,'MALSUR',37,1);
INSERT INTO "store_station" VALUES(48,'KHAMGAON RAILHEAD',44,2);
INSERT INTO "store_station" VALUES(49,'Sakharkherda',55,2);
INSERT INTO "store_station" VALUES(50,'WADNER BHOALJI',57,2);
INSERT INTO "store_station" VALUES(51,'CHANDUR DISWA',57,2);
INSERT INTO "store_station" VALUES(52,'NANDURA',58,2);
INSERT INTO "store_station" VALUES(53,'NIMGAON',58,2);
INSERT INTO "store_station" VALUES(54,'DUSARBEED',63,2);
INSERT INTO "store_station" VALUES(55,'KHAMGAON GODOWN',66,2);
INSERT INTO "store_station" VALUES(56,'UNDRI',43,2);
INSERT INTO "store_station" VALUES(57,'NARVEL',71,2);
INSERT INTO "store_station" VALUES(58,'PANAJ P',24,1);
INSERT INTO "store_station" VALUES(59,'SHIVPUR W .D',27,1);
INSERT INTO "store_station" VALUES(60,'SAWARA W.D',27,1);
INSERT INTO "store_station" VALUES(61,'SONORI M',6,1);
INSERT INTO "store_station" VALUES(62,'NARVEL D',70,2);
INSERT INTO "store_station" VALUES(63,'JAMOD',51,2);
INSERT INTO "store_station" VALUES(64,'WAZZAR',45,2);
INSERT INTO "store_station" VALUES(65,'KHANDVI',51,2);
INSERT INTO "store_station" VALUES(66,'DEULGAON.RAJA',48,1);
INSERT INTO "store_station" VALUES(67,'BORDI',2,1);
INSERT INTO "store_station" VALUES(68,'ASEGAON',27,1);
INSERT INTO "store_station" VALUES(69,'SHEGAON',56,2);
INSERT INTO "store_station" VALUES(70,'SUTALA',44,2);
INSERT INTO "store_station" VALUES(71,'PALSOBADE',6,1);
INSERT INTO "store_station" VALUES(72,'KANJARA',44,2);
INSERT INTO "store_station" VALUES(73,'JALAMB',56,2);
INSERT INTO "store_station" VALUES(74,'AWAR',44,2);
INSERT INTO "store_station" VALUES(75,'ASALGAON',51,2);
INSERT INTO "store_station" VALUES(76,'UTHAVLI PRAKALP',46,2);
INSERT INTO "store_station" VALUES(77,'HINGNA S',45,2);
INSERT INTO "store_station" VALUES(78,'ALAMPUR',50,2);
INSERT INTO "store_station" VALUES(79,'CHIKHALI',43,2);
INSERT INTO "store_station" VALUES(80,'BHENDWAL',51,2);
INSERT INTO "store_station" VALUES(81,'MOTALA',61,2);
INSERT INTO "store_station" VALUES(82,'HIWARKHED',36,1);
INSERT INTO "store_station" VALUES(83,'DEULGAON RAJA',48,2);
INSERT INTO "store_station" VALUES(84,'BULDHANA',72,2);
INSERT INTO "store_station" VALUES(85,'SHAHAPUR',45,2);
INSERT INTO "store_station" VALUES(86,'KHERDA S',56,2);
INSERT INTO "store_station" VALUES(87,'LAKHANWADA',73,2);
INSERT INTO "store_station" VALUES(88,'MOMINABAD',57,2);
INSERT INTO "store_station" VALUES(89,'JAIPUR LANDE',44,2);
INSERT INTO "store_station" VALUES(90,'GHATPURI',44,2);
INSERT INTO "store_station" VALUES(91,'WADGAON WANDE',74,2);
INSERT INTO "store_station" VALUES(92,'WARWAT',74,2);
INSERT INTO "store_station" VALUES(93,'SAVNA',43,2);
INSERT INTO "store_station" VALUES(94,'KOTHALI',61,2);
INSERT INTO "store_station" VALUES(95,'DHAD',75,2);
INSERT INTO "store_station" VALUES(96,'SHEKAPUR',75,2);
INSERT INTO "store_station" VALUES(97,'MERA BUZRUK',76,2);
INSERT INTO "store_station" VALUES(98,'DEULGAON MAHI',68,2);
INSERT INTO "store_station" VALUES(99,'SULTANPUR',77,2);
INSERT INTO "store_station" VALUES(100,'MOHLAI',75,2);
INSERT INTO "store_station" VALUES(101,'PARADH',6,1);
INSERT INTO "store_station" VALUES(102,'SUNGAON',51,2);
INSERT INTO "store_station" VALUES(103,'ROHANA',66,2);
INSERT INTO "store_station" VALUES(104,'GAWANDALA',45,2);
INSERT INTO "store_station" VALUES(105,'SANGRAMPUR',74,2);
INSERT INTO "store_station" VALUES(106,'AMBETAKLI',45,2);
INSERT INTO "store_station" VALUES(107,'KARATWADI',43,2);
INSERT INTO "store_station" VALUES(108,'PATURDA FATA',74,2);
INSERT INTO "store_station" VALUES(109,'JANEPHAL',46,2);
INSERT INTO "store_station" VALUES(110,'BORI ADGAON',45,2);
INSERT INTO "store_station" VALUES(111,'SHELGAON MUKUND',50,2);
INSERT INTO "store_station" VALUES(112,'PAHURJIRA',44,2);
INSERT INTO "store_station" VALUES(113,'JALGAON JAMOD',51,2);
INSERT INTO "store_station" VALUES(114,'MASRUL',75,2);
INSERT INTO "store_station" VALUES(115,'SINDKHED RAJA',78,2);
INSERT INTO "store_station" VALUES(116,'PIMPRI GAWALI',57,2);
INSERT INTO "store_station" VALUES(117,'DUSARBID',78,2);
CREATE UNIQUE INDEX "django_content_type_app_label_model_76bd3d3b_uniq" ON "django_content_type" ("app_label", "model");
CREATE UNIQUE INDEX "auth_group_permissions_group_id_permission_id_0cd325b0_uniq" ON "auth_group_permissions" ("group_id", "permission_id");
CREATE INDEX IF NOT EXISTS "auth_group_permissions_group_id_b120cbf9" ON "auth_group_permissions" ("group_id");
CREATE INDEX IF NOT EXISTS "auth_group_permissions_permission_id_84c5c92e" ON "auth_group_permissions" ("permission_id");
CREATE UNIQUE INDEX "auth_permission_content_type_id_codename_01ab375a_uniq" ON "auth_permission" ("content_type_id", "codename");
CREATE INDEX IF NOT EXISTS "auth_permission_content_type_id_2f476e4b" ON "auth_permission" ("content_type_id");
CREATE UNIQUE INDEX "users_user_groups_user_id_group_id_b88eab82_uniq" ON "users_user_groups" ("user_id", "group_id");
CREATE INDEX IF NOT EXISTS "users_user_groups_user_id_5f6f5a90" ON "users_user_groups" ("user_id");
CREATE INDEX IF NOT EXISTS "users_user_groups_group_id_9afc8d0e" ON "users_user_groups" ("group_id");
CREATE UNIQUE INDEX "users_user_user_permissions_user_id_permission_id_43338c45_uniq" ON "users_user_user_permissions" ("user_id", "permission_id");
CREATE INDEX IF NOT EXISTS "users_user_user_permissions_user_id_20aca447" ON "users_user_user_permissions" ("user_id");
CREATE INDEX IF NOT EXISTS "users_user_user_permissions_permission_id_0b93982e" ON "users_user_user_permissions" ("permission_id");
CREATE INDEX IF NOT EXISTS "django_admin_log_content_type_id_c4bce8eb" ON "django_admin_log" ("content_type_id");
CREATE INDEX IF NOT EXISTS "django_admin_log_user_id_c564eba6" ON "django_admin_log" ("user_id");
CREATE INDEX IF NOT EXISTS "django_session_expire_date_a5c62663" ON "django_session" ("expire_date");
CREATE INDEX IF NOT EXISTS "store_truck_details_truck_owner_id_155e372c" ON "store_truck_details" ("truck_owner_id");
CREATE INDEX IF NOT EXISTS "transactions_sub_trip_builty_id_26195045" ON "transactions_sub_trip" ("builty_id");
CREATE INDEX IF NOT EXISTS "transactions_sub_trip_station_from_id_d602b198" ON "transactions_sub_trip" ("station_from_id");
CREATE INDEX IF NOT EXISTS "transactions_sub_trip_station_to_id_fb47cb0b" ON "transactions_sub_trip" ("station_to_id");
CREATE INDEX IF NOT EXISTS "transactions_request_edit_builty_id_17f4ac6b" ON "transactions_request_edit" ("builty_id");
CREATE INDEX IF NOT EXISTS "transactions_request_edit_user_id_296a97e5" ON "transactions_request_edit" ("user_id");
CREATE INDEX IF NOT EXISTS "transactions_ack_builty_id_e9cf4eb9" ON "transactions_ack" ("builty_id");
CREATE INDEX IF NOT EXISTS "store_rate_to_station_id_71b5e0d1" ON "store_rate" ("to_station_id");
CREATE INDEX IF NOT EXISTS "store_rate_from_station_id_cf4de4c2" ON "store_rate" ("from_station_id");
CREATE INDEX IF NOT EXISTS "store_district_office_location_id_def88825" ON "store_district" ("office_location_id");
CREATE INDEX IF NOT EXISTS "users_user_company_id_14799323" ON "users_user" ("company_id");
CREATE INDEX IF NOT EXISTS "users_user_office_location_id_9bf9b0fd" ON "users_user" ("office_location_id");
CREATE INDEX IF NOT EXISTS "store_article_company_name_id_236802e6" ON "store_article" ("company_name_id");
CREATE INDEX IF NOT EXISTS "store_article_consignor_id_170c72fc" ON "store_article" ("consignor_id");
CREATE INDEX IF NOT EXISTS "store_article_office_location_id_216b5e85" ON "store_article" ("office_location_id");
CREATE INDEX IF NOT EXISTS "store_consignor_company_id_9fdf29a0" ON "store_consignor" ("company_id");
CREATE INDEX IF NOT EXISTS "store_consignor_office_location_id_709e205e" ON "store_consignor" ("office_location_id");
CREATE INDEX IF NOT EXISTS "store_onaccount_company_id_8283503d" ON "store_onaccount" ("company_id");
CREATE INDEX IF NOT EXISTS "store_onaccount_office_location_id_d8877177" ON "store_onaccount" ("office_location_id");
CREATE INDEX IF NOT EXISTS "store_station_taluka_id_51032d3b" ON "store_station" ("taluka_id");
CREATE INDEX IF NOT EXISTS "store_station_office_location_id_cc8d1da0" ON "store_station" ("office_location_id");
CREATE INDEX IF NOT EXISTS "store_taluka_district_id_63ffbdb2" ON "store_taluka" ("district_id");
CREATE INDEX IF NOT EXISTS "store_taluka_office_location_id_5a2300b5" ON "store_taluka" ("office_location_id");
CREATE INDEX IF NOT EXISTS "transactions_builty_article_id_9ef4500b" ON "transactions_builty" ("article_id");
CREATE INDEX IF NOT EXISTS "transactions_builty_company_id_e5faf59d" ON "transactions_builty" ("company_id");
CREATE INDEX IF NOT EXISTS "transactions_builty_consignor_id_abafe990" ON "transactions_builty" ("consignor_id");
CREATE INDEX IF NOT EXISTS "transactions_builty_district_id_32c090e4" ON "transactions_builty" ("district_id");
CREATE INDEX IF NOT EXISTS "transactions_builty_onaccount_id_35cc36f3" ON "transactions_builty" ("onaccount_id");
CREATE INDEX IF NOT EXISTS "transactions_builty_petrol_pump_id_9922ae78" ON "transactions_builty" ("petrol_pump_id");
CREATE INDEX IF NOT EXISTS "transactions_builty_station_from_id_0fc95978" ON "transactions_builty" ("station_from_id");
CREATE INDEX IF NOT EXISTS "transactions_builty_station_to_id_8018ef07" ON "transactions_builty" ("station_to_id");
CREATE INDEX IF NOT EXISTS "transactions_builty_taluka_id_3af43376" ON "transactions_builty" ("taluka_id");
CREATE INDEX IF NOT EXISTS "transactions_builty_truck_details_id_7724d30a" ON "transactions_builty" ("truck_details_id");
CREATE INDEX IF NOT EXISTS "transactions_builty_truck_owner_id_74656a52" ON "transactions_builty" ("truck_owner_id");
CREATE INDEX IF NOT EXISTS "transactions_builty_user_id_82211060" ON "transactions_builty" ("user_id");
CREATE TABLE IF NOT EXISTS "store_taluka" ("id" integer NOT NULL PRIMARY KEY AUTOINCREMENT, "name" varchar(120) NOT NULL UNIQUE, "district_id" bigint NOT NULL REFERENCES "store_district" ("id") DEFERRABLE INITIALLY DEFERRED, "office_location_id" bigint NULL REFERENCES "store_office_location" ("id") DEFERRABLE INITIALLY DEFERRED);
INSERT INTO "store_taluka" VALUES(1,'TELHARA',1,1);
INSERT INTO "store_taluka" VALUES(2,'AKOT',1,1);
INSERT INTO "store_taluka" VALUES(3,'BALAPUR',1,1);
INSERT INTO "store_taluka" VALUES(4,'PATUR',1,1);
INSERT INTO "store_taluka" VALUES(5,'BARSITAKLI',1,1);
INSERT INTO "store_taluka" VALUES(6,'MURTIZAPUR',1,1);
INSERT INTO "store_taluka" VALUES(7,'AKOLA TQ',1,1);
INSERT INTO "store_taluka" VALUES(18,'MANA',1,1);
INSERT INTO "store_taluka" VALUES(19,'KURUM',1,1);
INSERT INTO "store_taluka" VALUES(24,'PANAJ',1,1);
INSERT INTO "store_taluka" VALUES(27,'WADALI.DESHMUKH',1,1);
INSERT INTO "store_taluka" VALUES(28,'SAUNDALA',1,1);
INSERT INTO "store_taluka" VALUES(29,'DANAPUR',1,1);
INSERT INTO "store_taluka" VALUES(30,'MAHAN',1,1);
INSERT INTO "store_taluka" VALUES(35,'NIMBA',1,1);
INSERT INTO "store_taluka" VALUES(36,'HIWARKHED',1,1);
INSERT INTO "store_taluka" VALUES(37,'MALSUR',1,1);
INSERT INTO "store_taluka" VALUES(38,'BORGAON.MANJU',1,1);
INSERT INTO "store_taluka" VALUES(39,'CHOTTA.BAZAR',1,1);
INSERT INTO "store_taluka" VALUES(40,'ADGAON',1,1);
INSERT INTO "store_taluka" VALUES(41,'MIDC',1,1);
INSERT INTO "store_taluka" VALUES(43,'CHIKHALI',3,2);
INSERT INTO "store_taluka" VALUES(44,'KHAMGAON',3,2);
INSERT INTO "store_taluka" VALUES(45,'SHAHAPUR',3,2);
INSERT INTO "store_taluka" VALUES(46,'MEHKAR',3,NULL);
INSERT INTO "store_taluka" VALUES(47,'SINDHKEDRAJA',3,NULL);
INSERT INTO "store_taluka" VALUES(48,'DEULGAON RAJA',3,2);
INSERT INTO "store_taluka" VALUES(49,'WARWAT',3,2);
INSERT INTO "store_taluka" VALUES(50,'SHELGAON MUKUND',3,2);
INSERT INTO "store_taluka" VALUES(51,'JALGAON JAMOD',3,2);
INSERT INTO "store_taluka" VALUES(52,'HINGNEE H',1,1);
INSERT INTO "store_taluka" VALUES(53,'KAJIKHED',1,1);
INSERT INTO "store_taluka" VALUES(55,'SAKHARKHERDA',3,NULL);
INSERT INTO "store_taluka" VALUES(56,'SHEGAON',3,2);
INSERT INTO "store_taluka" VALUES(57,'MALKAPUR',3,2);
INSERT INTO "store_taluka" VALUES(58,'NANDURA',3,2);
INSERT INTO "store_taluka" VALUES(59,'DAHAD',3,NULL);
INSERT INTO "store_taluka" VALUES(60,'CHANDOL',3,2);
INSERT INTO "store_taluka" VALUES(61,'MOTALA',3,2);
INSERT INTO "store_taluka" VALUES(62,'SAKARKHERDA',3,2);
INSERT INTO "store_taluka" VALUES(63,'MANASGAON',3,NULL);
INSERT INTO "store_taluka" VALUES(64,'JAMOD',3,2);
INSERT INTO "store_taluka" VALUES(65,'KHAMGAON JAMOD',3,2);
INSERT INTO "store_taluka" VALUES(66,'KHAMGAON TQ',3,2);
INSERT INTO "store_taluka" VALUES(67,'DONGAON',3,2);
INSERT INTO "store_taluka" VALUES(68,'DEULGAON MAHI',3,2);
INSERT INTO "store_taluka" VALUES(69,'MERA BUJURG',3,NULL);
INSERT INTO "store_taluka" VALUES(70,'DHAMANGAON BADE',3,2);
INSERT INTO "store_taluka" VALUES(71,'DASARKHED',3,2);
INSERT INTO "store_taluka" VALUES(72,'BULDHANA',3,2);
INSERT INTO "store_taluka" VALUES(73,'LAKHANWADA',3,2);
INSERT INTO "store_taluka" VALUES(74,'SANGRAMPUR',3,2);
INSERT INTO "store_taluka" VALUES(75,'DHAD',3,2);
INSERT INTO "store_taluka" VALUES(76,'MERA BUZRUK',3,2);
INSERT INTO "store_taluka" VALUES(77,'LONAR',3,2);
INSERT INTO "store_taluka" VALUES(78,'SINDKHED RAJA',3,2);
CREATE UNIQUE INDEX "django_content_type_app_label_model_76bd3d3b_uniq" ON "django_content_type" ("app_label", "model");
CREATE UNIQUE INDEX "auth_group_permissions_group_id_permission_id_0cd325b0_uniq" ON "auth_group_permissions" ("group_id", "permission_id");
CREATE INDEX IF NOT EXISTS "auth_group_permissions_group_id_b120cbf9" ON "auth_group_permissions" ("group_id");
CREATE INDEX IF NOT EXISTS "auth_group_permissions_permission_id_84c5c92e" ON "auth_group_permissions" ("permission_id");
CREATE UNIQUE INDEX "auth_permission_content_type_id_codename_01ab375a_uniq" ON "auth_permission" ("content_type_id", "codename");
CREATE INDEX IF NOT EXISTS "auth_permission_content_type_id_2f476e4b" ON "auth_permission" ("content_type_id");
CREATE UNIQUE INDEX "users_user_groups_user_id_group_id_b88eab82_uniq" ON "users_user_groups" ("user_id", "group_id");
CREATE INDEX IF NOT EXISTS "users_user_groups_user_id_5f6f5a90" ON "users_user_groups" ("user_id");
CREATE INDEX IF NOT EXISTS "users_user_groups_group_id_9afc8d0e" ON "users_user_groups" ("group_id");
CREATE UNIQUE INDEX "users_user_user_permissions_user_id_permission_id_43338c45_uniq" ON "users_user_user_permissions" ("user_id", "permission_id");
CREATE INDEX IF NOT EXISTS "users_user_user_permissions_user_id_20aca447" ON "users_user_user_permissions" ("user_id");
CREATE INDEX IF NOT EXISTS "users_user_user_permissions_permission_id_0b93982e" ON "users_user_user_permissions" ("permission_id");
CREATE INDEX IF NOT EXISTS "django_admin_log_content_type_id_c4bce8eb" ON "django_admin_log" ("content_type_id");
CREATE INDEX IF NOT EXISTS "django_admin_log_user_id_c564eba6" ON "django_admin_log" ("user_id");
CREATE INDEX IF NOT EXISTS "django_session_expire_date_a5c62663" ON "django_session" ("expire_date");
CREATE INDEX IF NOT EXISTS "store_truck_details_truck_owner_id_155e372c" ON "store_truck_details" ("truck_owner_id");
CREATE INDEX IF NOT EXISTS "transactions_sub_trip_builty_id_26195045" ON "transactions_sub_trip" ("builty_id");
CREATE INDEX IF NOT EXISTS "transactions_sub_trip_station_from_id_d602b198" ON "transactions_sub_trip" ("station_from_id");
CREATE INDEX IF NOT EXISTS "transactions_sub_trip_station_to_id_fb47cb0b" ON "transactions_sub_trip" ("station_to_id");
CREATE INDEX IF NOT EXISTS "transactions_request_edit_builty_id_17f4ac6b" ON "transactions_request_edit" ("builty_id");
CREATE INDEX IF NOT EXISTS "transactions_request_edit_user_id_296a97e5" ON "transactions_request_edit" ("user_id");
CREATE INDEX IF NOT EXISTS "transactions_ack_builty_id_e9cf4eb9" ON "transactions_ack" ("builty_id");
CREATE INDEX IF NOT EXISTS "store_rate_to_station_id_71b5e0d1" ON "store_rate" ("to_station_id");
CREATE INDEX IF NOT EXISTS "store_rate_from_station_id_cf4de4c2" ON "store_rate" ("from_station_id");
CREATE INDEX IF NOT EXISTS "store_district_office_location_id_def88825" ON "store_district" ("office_location_id");
CREATE INDEX IF NOT EXISTS "users_user_company_id_14799323" ON "users_user" ("company_id");
CREATE INDEX IF NOT EXISTS "users_user_office_location_id_9bf9b0fd" ON "users_user" ("office_location_id");
CREATE INDEX IF NOT EXISTS "store_article_company_name_id_236802e6" ON "store_article" ("company_name_id");
CREATE INDEX IF NOT EXISTS "store_article_consignor_id_170c72fc" ON "store_article" ("consignor_id");
CREATE INDEX IF NOT EXISTS "store_article_office_location_id_216b5e85" ON "store_article" ("office_location_id");
CREATE INDEX IF NOT EXISTS "store_consignor_company_id_9fdf29a0" ON "store_consignor" ("company_id");
CREATE INDEX IF NOT EXISTS "store_consignor_office_location_id_709e205e" ON "store_consignor" ("office_location_id");
CREATE INDEX IF NOT EXISTS "store_onaccount_company_id_8283503d" ON "store_onaccount" ("company_id");
CREATE INDEX IF NOT EXISTS "store_onaccount_office_location_id_d8877177" ON "store_onaccount" ("office_location_id");
CREATE INDEX IF NOT EXISTS "store_station_taluka_id_51032d3b" ON "store_station" ("taluka_id");
CREATE INDEX IF NOT EXISTS "store_station_office_location_id_cc8d1da0" ON "store_station" ("office_location_id");
CREATE INDEX IF NOT EXISTS "store_taluka_district_id_63ffbdb2" ON "store_taluka" ("district_id");
CREATE INDEX IF NOT EXISTS "store_taluka_office_location_id_5a2300b5" ON "store_taluka" ("office_location_id");
CREATE INDEX IF NOT EXISTS "transactions_builty_article_id_9ef4500b" ON "transactions_builty" ("article_id");
CREATE INDEX IF NOT EXISTS "transactions_builty_company_id_e5faf59d" ON "transactions_builty" ("company_id");
CREATE INDEX IF NOT EXISTS "transactions_builty_consignor_id_abafe990" ON "transactions_builty" ("consignor_id");
CREATE INDEX IF NOT EXISTS "transactions_builty_district_id_32c090e4" ON "transactions_builty" ("district_id");
CREATE INDEX IF NOT EXISTS "transactions_builty_onaccount_id_35cc36f3" ON "transactions_builty" ("onaccount_id");
CREATE INDEX IF NOT EXISTS "transactions_builty_petrol_pump_id_9922ae78" ON "transactions_builty" ("petrol_pump_id");
CREATE INDEX IF NOT EXISTS "transactions_builty_station_from_id_0fc95978" ON "transactions_builty" ("station_from_id");
CREATE INDEX IF NOT EXISTS "transactions_builty_station_to_id_8018ef07" ON "transactions_builty" ("station_to_id");
CREATE INDEX IF NOT EXISTS "transactions_builty_taluka_id_3af43376" ON "transactions_builty" ("taluka_id");
CREATE INDEX IF NOT EXISTS "transactions_builty_truck_details_id_7724d30a" ON "transactions_builty" ("truck_details_id");
CREATE INDEX IF NOT EXISTS "transactions_builty_truck_owner_id_74656a52" ON "transactions_builty" ("truck_owner_id");
CREATE INDEX IF NOT EXISTS "transactions_builty_user_id_82211060" ON "transactions_builty" ("user_id");
CREATE TABLE IF NOT EXISTS "store_truck_details" ("id" integer NOT NULL PRIMARY KEY AUTOINCREMENT, "truck_number" varchar(120) NOT NULL UNIQUE, "insurance_number" varchar(120) NULL UNIQUE, "permit_number" varchar(120) NULL UNIQUE, "puc_number" varchar(120) NULL UNIQUE, "fitness" varchar(120) NULL, "truck_owner_id" bigint NOT NULL REFERENCES "store_truck_owner" ("id") DEFERRABLE INITIALLY DEFERRED);
INSERT INTO "store_truck_details" VALUES(1,'MH30L2820',NULL,NULL,NULL,NULL,1);
INSERT INTO "store_truck_details" VALUES(2,'MH30L3745',NULL,NULL,NULL,NULL,1);
INSERT INTO "store_truck_details" VALUES(3,'MH30L4124',NULL,NULL,NULL,NULL,1);
INSERT INTO "store_truck_details" VALUES(4,'MH30L4767',NULL,NULL,NULL,NULL,1);
INSERT INTO "store_truck_details" VALUES(5,'MH30L4684',NULL,NULL,NULL,NULL,1);
INSERT INTO "store_truck_details" VALUES(6,'MH18AA1945',NULL,NULL,NULL,NULL,1);
INSERT INTO "store_truck_details" VALUES(7,'MH18AA7034',NULL,NULL,NULL,NULL,1);
INSERT INTO "store_truck_details" VALUES(8,'MH30AB1400',NULL,NULL,NULL,NULL,1);
INSERT INTO "store_truck_details" VALUES(9,'MH37J8090',NULL,NULL,NULL,NULL,1);
INSERT INTO "store_truck_details" VALUES(10,'MH30AB3075',NULL,NULL,NULL,NULL,1);
INSERT INTO "store_truck_details" VALUES(11,'MH30AB4597',NULL,NULL,NULL,NULL,1);
INSERT INTO "store_truck_details" VALUES(12,'MH30AV0646',NULL,NULL,NULL,NULL,1);
INSERT INTO "store_truck_details" VALUES(13,'MH30AV0067',NULL,NULL,NULL,NULL,1);
INSERT INTO "store_truck_details" VALUES(14,'MH40Y3464',NULL,NULL,NULL,NULL,1);
INSERT INTO "store_truck_details" VALUES(15,'MH30L0985',NULL,NULL,NULL,NULL,1);
INSERT INTO "store_truck_details" VALUES(16,'MH30L0983',NULL,NULL,NULL,NULL,1);
INSERT INTO "store_truck_details" VALUES(17,'MH30L0564',NULL,NULL,NULL,NULL,1);
INSERT INTO "store_truck_details" VALUES(18,'MH30L0563',NULL,NULL,NULL,NULL,1);
INSERT INTO "store_truck_details" VALUES(19,'MH19Z5155',NULL,NULL,NULL,NULL,2);
INSERT INTO "store_truck_details" VALUES(20,'MH30AV4099',NULL,NULL,NULL,NULL,4);
INSERT INTO "store_truck_details" VALUES(21,'MH31CQ6893',NULL,NULL,NULL,NULL,5);
INSERT INTO "store_truck_details" VALUES(22,'MH30AB2917',NULL,NULL,NULL,NULL,5);
INSERT INTO "store_truck_details" VALUES(23,'MH40CD4595',NULL,NULL,NULL,NULL,6);
INSERT INTO "store_truck_details" VALUES(24,'MH30AB2426',NULL,NULL,NULL,NULL,6);
INSERT INTO "store_truck_details" VALUES(25,'MH30AV1144',NULL,NULL,NULL,NULL,5);
INSERT INTO "store_truck_details" VALUES(26,'MH30AB2536',NULL,NULL,NULL,NULL,7);
INSERT INTO "store_truck_details" VALUES(27,'MP09HG9955',NULL,NULL,NULL,NULL,8);
INSERT INTO "store_truck_details" VALUES(28,'MH30AB1065',NULL,NULL,NULL,NULL,9);
INSERT INTO "store_truck_details" VALUES(29,'MH30BD3486',NULL,NULL,NULL,NULL,10);
INSERT INTO "store_truck_details" VALUES(30,'MH40BL1511',NULL,NULL,NULL,NULL,11);
INSERT INTO "store_truck_details" VALUES(31,'MH12EF3699',NULL,NULL,NULL,NULL,12);
INSERT INTO "store_truck_details" VALUES(32,'MH31CQ4993',NULL,NULL,NULL,NULL,13);
INSERT INTO "store_truck_details" VALUES(33,'TS15UA2466',NULL,NULL,NULL,NULL,14);
INSERT INTO "store_truck_details" VALUES(34,'MH27X1245',NULL,NULL,NULL,NULL,15);
INSERT INTO "store_truck_details" VALUES(35,'MH04CU7457',NULL,NULL,NULL,NULL,14);
INSERT INTO "store_truck_details" VALUES(36,'MH40N4457',NULL,NULL,NULL,NULL,5);
INSERT INTO "store_truck_details" VALUES(37,'MH30AB0691',NULL,NULL,NULL,NULL,16);
INSERT INTO "store_truck_details" VALUES(38,'MH30AB4099',NULL,NULL,NULL,NULL,4);
INSERT INTO "store_truck_details" VALUES(39,'MH27BX6317',NULL,NULL,NULL,NULL,17);
INSERT INTO "store_truck_details" VALUES(40,'MH30AV1122',NULL,NULL,NULL,NULL,18);
INSERT INTO "store_truck_details" VALUES(41,'MH30BD9927',NULL,NULL,NULL,NULL,18);
INSERT INTO "store_truck_details" VALUES(42,'MH27C0927',NULL,NULL,NULL,NULL,18);
INSERT INTO "store_truck_details" VALUES(43,'MH28B8558',NULL,NULL,NULL,NULL,18);
INSERT INTO "store_truck_details" VALUES(44,'MH19 Z 7896',NULL,NULL,NULL,NULL,19);
INSERT INTO "store_truck_details" VALUES(45,'MH30L1190',NULL,NULL,NULL,NULL,22);
INSERT INTO "store_truck_details" VALUES(46,'MH31CB6716',NULL,NULL,NULL,NULL,23);
INSERT INTO "store_truck_details" VALUES(47,'MH04FP0619',NULL,NULL,NULL,NULL,24);
INSERT INTO "store_truck_details" VALUES(48,'MH28 BB 3497',NULL,NULL,NULL,NULL,25);
INSERT INTO "store_truck_details" VALUES(49,'MH30 AB 0963',NULL,NULL,NULL,NULL,26);
INSERT INTO "store_truck_details" VALUES(50,'MP09 HG 4778',NULL,NULL,NULL,NULL,31);
INSERT INTO "store_truck_details" VALUES(51,'MH19 CY 6260',NULL,NULL,NULL,NULL,31);
INSERT INTO "store_truck_details" VALUES(52,'MH28AB8900',NULL,NULL,NULL,NULL,32);
INSERT INTO "store_truck_details" VALUES(53,'MH13R3937',NULL,NULL,NULL,NULL,33);
INSERT INTO "store_truck_details" VALUES(54,'MH30BD0694',NULL,NULL,NULL,NULL,17);
INSERT INTO "store_truck_details" VALUES(55,'MH31CB2571',NULL,NULL,NULL,NULL,34);
INSERT INTO "store_truck_details" VALUES(56,'MH04F3851',NULL,NULL,NULL,NULL,35);
INSERT INTO "store_truck_details" VALUES(57,'MH19Z3476',NULL,NULL,NULL,NULL,36);
INSERT INTO "store_truck_details" VALUES(58,'MH27BX1149',NULL,NULL,NULL,NULL,37);
INSERT INTO "store_truck_details" VALUES(59,'MH19CY8389',NULL,NULL,NULL,NULL,38);
INSERT INTO "store_truck_details" VALUES(60,'MH04CP9012',NULL,NULL,NULL,NULL,39);
INSERT INTO "store_truck_details" VALUES(61,'MH28BB9100',NULL,NULL,NULL,NULL,32);
INSERT INTO "store_truck_details" VALUES(62,'MH04FD0854',NULL,NULL,NULL,NULL,40);
INSERT INTO "store_truck_details" VALUES(63,'MH28BB2045',NULL,NULL,NULL,NULL,41);
INSERT INTO "store_truck_details" VALUES(64,'MH28BB3845',NULL,NULL,NULL,NULL,42);
INSERT INTO "store_truck_details" VALUES(65,'MH28AB7433',NULL,NULL,NULL,NULL,42);
INSERT INTO "store_truck_details" VALUES(66,'MG32B9333',NULL,NULL,NULL,NULL,43);
INSERT INTO "store_truck_details" VALUES(67,'MH04FU0787',NULL,NULL,NULL,NULL,44);
INSERT INTO "store_truck_details" VALUES(68,'MH17T8808',NULL,NULL,NULL,NULL,45);
INSERT INTO "store_truck_details" VALUES(69,'MH26AD0992',NULL,NULL,NULL,NULL,46);
INSERT INTO "store_truck_details" VALUES(70,'MH40BG5035',NULL,NULL,NULL,NULL,47);
INSERT INTO "store_truck_details" VALUES(71,'MH28B6440',NULL,NULL,NULL,NULL,49);
INSERT INTO "store_truck_details" VALUES(72,'MH28B6441',NULL,NULL,NULL,NULL,49);
INSERT INTO "store_truck_details" VALUES(73,'MH04DR4185',NULL,NULL,NULL,NULL,50);
INSERT INTO "store_truck_details" VALUES(74,'MH40Y8734',NULL,NULL,NULL,NULL,51);
INSERT INTO "store_truck_details" VALUES(75,'MH28BT2130',NULL,NULL,NULL,NULL,52);
INSERT INTO "store_truck_details" VALUES(76,'MH04FP6251',NULL,NULL,NULL,NULL,53);
INSERT INTO "store_truck_details" VALUES(77,'MH38D0967',NULL,NULL,NULL,NULL,54);
INSERT INTO "store_truck_details" VALUES(78,'MH15FE7723',NULL,NULL,NULL,NULL,55);
INSERT INTO "store_truck_details" VALUES(79,'MH19 Z 4812',NULL,NULL,NULL,NULL,47);
INSERT INTO "store_truck_details" VALUES(80,'MH37B2129',NULL,NULL,NULL,NULL,56);
INSERT INTO "store_truck_details" VALUES(81,'MH04 DS 4589',NULL,NULL,NULL,NULL,3);
INSERT INTO "store_truck_details" VALUES(82,'MH43FU8148',NULL,NULL,NULL,NULL,50);
INSERT INTO "store_truck_details" VALUES(83,'MH04CP3619',NULL,NULL,NULL,NULL,57);
INSERT INTO "store_truck_details" VALUES(84,'MH28B8967',NULL,NULL,NULL,NULL,50);
INSERT INTO "store_truck_details" VALUES(85,'MH21X2911',NULL,NULL,NULL,NULL,58);
INSERT INTO "store_truck_details" VALUES(86,'MH48T8112',NULL,NULL,NULL,NULL,59);
CREATE UNIQUE INDEX "django_content_type_app_label_model_76bd3d3b_uniq" ON "django_content_type" ("app_label", "model");
CREATE UNIQUE INDEX "auth_group_permissions_group_id_permission_id_0cd325b0_uniq" ON "auth_group_permissions" ("group_id", "permission_id");
CREATE INDEX IF NOT EXISTS "auth_group_permissions_group_id_b120cbf9" ON "auth_group_permissions" ("group_id");
CREATE INDEX IF NOT EXISTS "auth_group_permissions_permission_id_84c5c92e" ON "auth_group_permissions" ("permission_id");
CREATE UNIQUE INDEX "auth_permission_content_type_id_codename_01ab375a_uniq" ON "auth_permission" ("content_type_id", "codename");
CREATE INDEX IF NOT EXISTS "auth_permission_content_type_id_2f476e4b" ON "auth_permission" ("content_type_id");
CREATE UNIQUE INDEX "users_user_groups_user_id_group_id_b88eab82_uniq" ON "users_user_groups" ("user_id", "group_id");
CREATE INDEX IF NOT EXISTS "users_user_groups_user_id_5f6f5a90" ON "users_user_groups" ("user_id");
CREATE INDEX IF NOT EXISTS "users_user_groups_group_id_9afc8d0e" ON "users_user_groups" ("group_id");
CREATE UNIQUE INDEX "users_user_user_permissions_user_id_permission_id_43338c45_uniq" ON "users_user_user_permissions" ("user_id", "permission_id");
CREATE INDEX IF NOT EXISTS "users_user_user_permissions_user_id_20aca447" ON "users_user_user_permissions" ("user_id");
CREATE INDEX IF NOT EXISTS "users_user_user_permissions_permission_id_0b93982e" ON "users_user_user_permissions" ("permission_id");
CREATE INDEX IF NOT EXISTS "django_admin_log_content_type_id_c4bce8eb" ON "django_admin_log" ("content_type_id");
CREATE INDEX IF NOT EXISTS "django_admin_log_user_id_c564eba6" ON "django_admin_log" ("user_id");
CREATE INDEX IF NOT EXISTS "django_session_expire_date_a5c62663" ON "django_session" ("expire_date");
CREATE INDEX IF NOT EXISTS "store_truck_details_truck_owner_id_155e372c" ON "store_truck_details" ("truck_owner_id");
CREATE INDEX IF NOT EXISTS "transactions_sub_trip_builty_id_26195045" ON "transactions_sub_trip" ("builty_id");
CREATE INDEX IF NOT EXISTS "transactions_sub_trip_station_from_id_d602b198" ON "transactions_sub_trip" ("station_from_id");
CREATE INDEX IF NOT EXISTS "transactions_sub_trip_station_to_id_fb47cb0b" ON "transactions_sub_trip" ("station_to_id");
CREATE INDEX IF NOT EXISTS "transactions_request_edit_builty_id_17f4ac6b" ON "transactions_request_edit" ("builty_id");
CREATE INDEX IF NOT EXISTS "transactions_request_edit_user_id_296a97e5" ON "transactions_request_edit" ("user_id");
CREATE INDEX IF NOT EXISTS "transactions_ack_builty_id_e9cf4eb9" ON "transactions_ack" ("builty_id");
CREATE INDEX IF NOT EXISTS "store_rate_to_station_id_71b5e0d1" ON "store_rate" ("to_station_id");
CREATE INDEX IF NOT EXISTS "store_rate_from_station_id_cf4de4c2" ON "store_rate" ("from_station_id");
CREATE INDEX IF NOT EXISTS "store_district_office_location_id_def88825" ON "store_district" ("office_location_id");
CREATE INDEX IF NOT EXISTS "users_user_company_id_14799323" ON "users_user" ("company_id");
CREATE INDEX IF NOT EXISTS "users_user_office_location_id_9bf9b0fd" ON "users_user" ("office_location_id");
CREATE INDEX IF NOT EXISTS "store_article_company_name_id_236802e6" ON "store_article" ("company_name_id");
CREATE INDEX IF NOT EXISTS "store_article_consignor_id_170c72fc" ON "store_article" ("consignor_id");
CREATE INDEX IF NOT EXISTS "store_article_office_location_id_216b5e85" ON "store_article" ("office_location_id");
CREATE INDEX IF NOT EXISTS "store_consignor_company_id_9fdf29a0" ON "store_consignor" ("company_id");
CREATE INDEX IF NOT EXISTS "store_consignor_office_location_id_709e205e" ON "store_consignor" ("office_location_id");
CREATE INDEX IF NOT EXISTS "store_onaccount_company_id_8283503d" ON "store_onaccount" ("company_id");
CREATE INDEX IF NOT EXISTS "store_onaccount_office_location_id_d8877177" ON "store_onaccount" ("office_location_id");
CREATE INDEX IF NOT EXISTS "store_station_taluka_id_51032d3b" ON "store_station" ("taluka_id");
CREATE INDEX IF NOT EXISTS "store_station_office_location_id_cc8d1da0" ON "store_station" ("office_location_id");
CREATE INDEX IF NOT EXISTS "store_taluka_district_id_63ffbdb2" ON "store_taluka" ("district_id");
CREATE INDEX IF NOT EXISTS "store_taluka_office_location_id_5a2300b5" ON "store_taluka" ("office_location_id");
CREATE INDEX IF NOT EXISTS "transactions_builty_article_id_9ef4500b" ON "transactions_builty" ("article_id");
CREATE INDEX IF NOT EXISTS "transactions_builty_company_id_e5faf59d" ON "transactions_builty" ("company_id");
CREATE INDEX IF NOT EXISTS "transactions_builty_consignor_id_abafe990" ON "transactions_builty" ("consignor_id");
CREATE INDEX IF NOT EXISTS "transactions_builty_district_id_32c090e4" ON "transactions_builty" ("district_id");
CREATE INDEX IF NOT EXISTS "transactions_builty_onaccount_id_35cc36f3" ON "transactions_builty" ("onaccount_id");
CREATE INDEX IF NOT EXISTS "transactions_builty_petrol_pump_id_9922ae78" ON "transactions_builty" ("petrol_pump_id");
CREATE INDEX IF NOT EXISTS "transactions_builty_station_from_id_0fc95978" ON "transactions_builty" ("station_from_id");
CREATE INDEX IF NOT EXISTS "transactions_builty_station_to_id_8018ef07" ON "transactions_builty" ("station_to_id");
CREATE INDEX IF NOT EXISTS "transactions_builty_taluka_id_3af43376" ON "transactions_builty" ("taluka_id");
CREATE INDEX IF NOT EXISTS "transactions_builty_truck_details_id_7724d30a" ON "transactions_builty" ("truck_details_id");
CREATE INDEX IF NOT EXISTS "transactions_builty_truck_owner_id_74656a52" ON "transactions_builty" ("truck_owner_id");
CREATE INDEX IF NOT EXISTS "transactions_builty_user_id_82211060" ON "transactions_builty" ("user_id");
CREATE TABLE IF NOT EXISTS "store_truck_owner" ("id" integer NOT NULL PRIMARY KEY AUTOINCREMENT, "mobile_number" integer NULL, "address" varchar(120) NULL, "bank_acc" integer NULL, "pan_card" varchar(120) NULL, "owner_name" varchar(120) NULL);
INSERT INTO "store_truck_owner" VALUES(1,1,'1',1,'1','Sahani Goods Transport');
INSERT INTO "store_truck_owner" VALUES(2,9970001366,NULL,NULL,NULL,'Shaikh Razique Shaikh Razzaque');
INSERT INTO "store_truck_owner" VALUES(3,NULL,NULL,NULL,NULL,'ratik');
INSERT INTO "store_truck_owner" VALUES(4,NULL,NULL,NULL,NULL,'VIJAY RAMESH MALUSAR');
INSERT INTO "store_truck_owner" VALUES(5,NULL,NULL,NULL,NULL,'DINESH SHALIGRAM CHANDAN');
INSERT INTO "store_truck_owner" VALUES(6,NULL,NULL,NULL,NULL,'SAYEED TANVEER SAYEED TAJUDDIN');
INSERT INTO "store_truck_owner" VALUES(7,NULL,NULL,NULL,NULL,'RIZWAN KHAN NASIR KHAN AKOLA');
INSERT INTO "store_truck_owner" VALUES(8,NULL,NULL,NULL,NULL,'WASEEM KHAN YUSUF KHAN AKOLA');
INSERT INTO "store_truck_owner" VALUES(9,NULL,NULL,NULL,NULL,'NISAR AHMAD SHABBIR AHMAD');
INSERT INTO "store_truck_owner" VALUES(10,NULL,NULL,NULL,NULL,'RUPESH SHRINATH YADAV AKOLA');
INSERT INTO "store_truck_owner" VALUES(11,NULL,NULL,NULL,NULL,'MOHAMMAD RIZWAN SHAIKH RAHMAN AKOLA');
INSERT INTO "store_truck_owner" VALUES(12,NULL,NULL,NULL,NULL,'SAYED MUJEEBUDDIN SAYEDARIFUDDIN AKOLA');
INSERT INTO "store_truck_owner" VALUES(13,NULL,NULL,NULL,NULL,'ABDUL SATTAR ABDUL GAFUR AKOLA');
INSERT INTO "store_truck_owner" VALUES(14,NULL,NULL,NULL,NULL,'ALIYAR KHAN MOTI KHAN AKOLA');
INSERT INTO "store_truck_owner" VALUES(15,NULL,NULL,NULL,NULL,'CHANDRAKANT GANGADHAR PEDGAONKAR AKOLA');
INSERT INTO "store_truck_owner" VALUES(16,9823272498,NULL,NULL,NULL,'DEEPCHAND MULCHAND BAGRECHA AKOLA');
INSERT INTO "store_truck_owner" VALUES(17,NULL,NULL,NULL,NULL,'AMAJADKHAN MOTI KHAN AKOLA');
INSERT INTO "store_truck_owner" VALUES(18,8888065858,NULL,NULL,NULL,'DHIRAJKUMAR DAMODHARJI PADIYA TELHARA');
INSERT INTO "store_truck_owner" VALUES(19,8208580073,'MALKAPUR',NULL,NULL,'SEKH NISIR SEKH RASHID MALKAPUR');
INSERT INTO "store_truck_owner" VALUES(20,NULL,NULL,NULL,NULL,'demo truck');
INSERT INTO "store_truck_owner" VALUES(21,NULL,NULL,NULL,NULL,'demo');
INSERT INTO "store_truck_owner" VALUES(22,NULL,NULL,NULL,NULL,'SAMIR KHAN SAHEB KHA AKOT');
INSERT INTO "store_truck_owner" VALUES(23,NULL,NULL,NULL,NULL,'ABDUL HAMID ABDUL AZIZ SHAIKH AKOLA');
INSERT INTO "store_truck_owner" VALUES(24,NULL,NULL,NULL,NULL,'JAVED ALI SAIYUSUF ALI AKOT');
INSERT INTO "store_truck_owner" VALUES(25,NULL,'BULDHANA',NULL,NULL,'SHAIKH SHABBIR SHAIKHHUSSAIN BULDHANA');
INSERT INTO "store_truck_owner" VALUES(26,9850379642,'KHAMGAON',NULL,NULL,'SURESH SARAP KHAMGAON');
INSERT INTO "store_truck_owner" VALUES(27,NULL,'AKOT',NULL,'KLPPS6452A','JAVED ALI SAIYUSUF ALI AKOT');
INSERT INTO "store_truck_owner" VALUES(28,NULL,'AKOT',NULL,'KLPPS6452A','JAVED ALI SAIYUSUF ALI AKOT');
INSERT INTO "store_truck_owner" VALUES(29,NULL,'AKOT',NULL,'DCIPS6683A','SAMIR KHAN SAHEB KHA AKOT');
INSERT INTO "store_truck_owner" VALUES(30,NULL,'AKOLA',NULL,'ALXPA2181Q','ABDUL HAMID ABDUL AZIZ SHAIKH AKOLA');
INSERT INTO "store_truck_owner" VALUES(31,NULL,'KHANDVI',NULL,'LDHPS3505D','PARMESHWAR DAULAT SONONE KHANDVI');
INSERT INTO "store_truck_owner" VALUES(32,9529224183,'Khamgaon',NULL,'BLWPM9645R','RAVINDRA SAHADEO MAHALE');
INSERT INTO "store_truck_owner" VALUES(33,NULL,'DEULGAON.RAJA',NULL,'BTIPK0433M','AMEERKHAN SHAHAJKHAN');
INSERT INTO "store_truck_owner" VALUES(34,8999476725,'KHAMGAON',NULL,'AVYPN8735A','PANKAJ DINESH NETKE KHAMGAON');
INSERT INTO "store_truck_owner" VALUES(35,NULL,'KHAMGAON',NULL,NULL,'XYZ');
INSERT INTO "store_truck_owner" VALUES(36,9850032325,'KHAMGAON',NULL,'FXFPS6019L','SHAIKH MAZHAR SHAIKH ASGAR KHAMGAON');
INSERT INTO "store_truck_owner" VALUES(37,NULL,'MALKAPUR',NULL,'GLGPS6450H','SHAIKH SHABBIR SHAIKH HUSSAIN');
INSERT INTO "store_truck_owner" VALUES(38,9730000034,'KHAMGAON',NULL,'HBGPD2925F','YOGESH ANANDRAO DESHMUKH KHAMGAON');
INSERT INTO "store_truck_owner" VALUES(39,NULL,'KHAMGAON',NULL,NULL,'XYZ');
INSERT INTO "store_truck_owner" VALUES(40,9096965570,'KHAMGAON',NULL,'CUWPD6881N','VIVEK SUNIL RAO DESHMUKH');
INSERT INTO "store_truck_owner" VALUES(41,9881308130,NULL,NULL,'CGGPS0692N','RAVINDRA A SHINDE KHAMGAON');
INSERT INTO "store_truck_owner" VALUES(42,9527301498,NULL,NULL,'AEJPW2958Q','PRAKASH SHALIGRAM WAKODE SHEGAON');
INSERT INTO "store_truck_owner" VALUES(43,9309780129,'KHAMGAON',NULL,'CEEPM3931A','WASIM YASIN MOHAMMAD');
INSERT INTO "store_truck_owner" VALUES(44,9561947084,'KHAMGAON',NULL,'BTOPR1965H','AMIR KHAN RAFIQUE KHAN KHAMGAON');
INSERT INTO "store_truck_owner" VALUES(45,7263852268,'KHAMGAON',NULL,'BNMPL0283N','GAUTTAM LAXMAN LANDAGE');
INSERT INTO "store_truck_owner" VALUES(46,9822463284,NULL,NULL,NULL,'MOHAMMAD ARBAZ MOHAMMAD ARIF');
INSERT INTO "store_truck_owner" VALUES(47,8149100950,'KHAMGAON',NULL,'ASHWINKUMAR RAJENDRA DHANLOBHE KHAMGAON','ASHWINKUMAR RAJENDRA DHANLOBHE KHAMGAON');
INSERT INTO "store_truck_owner" VALUES(48,NULL,NULL,NULL,NULL,'VINAY AGRAWAL');
INSERT INTO "store_truck_owner" VALUES(49,NULL,'BULDHANA',NULL,'BPZPA2829E','VINAY AGRAWAL BILDHANA');
INSERT INTO "store_truck_owner" VALUES(50,NULL,'KHAMGAON',NULL,NULL,'XYZ');
INSERT INTO "store_truck_owner" VALUES(51,NULL,'CHIKHALI',NULL,'KRSPS8411L','SHAIKH SOHIL SHAIKH ZAMIR CHIKHALI');
INSERT INTO "store_truck_owner" VALUES(52,9960460419,'PIMPALGAON RAJA',NULL,'ABQPZ0174K','MOHD ZAKIR PIMPALGAON RAJA');
INSERT INTO "store_truck_owner" VALUES(53,9604665626,NULL,NULL,'DNSPP8826D','INDRISKHA SARFARAJAKHA PATHAN D.MAHI');
INSERT INTO "store_truck_owner" VALUES(54,8329646212,'LONAR',NULL,'FJDPS1360G','KAISARALI SAKAVATALI SIDDIQUI LONAR');
INSERT INTO "store_truck_owner" VALUES(55,9022651362,'DHAD',NULL,'FCMPP7922K','BHAGWAT DNYADEO PADOL DHAD');
INSERT INTO "store_truck_owner" VALUES(56,9975869599,'KHAMGAON',NULL,'JLKPK2340R','AJAY BHAGWAN KIRKALE KHAMGAON');
INSERT INTO "store_truck_owner" VALUES(57,7387427578,'KHAMGAON',NULL,'CGSPC2042Q','SIDDHESH UKHARDA CHOKHANDE KHAMGAON');
INSERT INTO "store_truck_owner" VALUES(58,NULL,'LONAR',NULL,'AGGPH7468B','ABRAR HASAN LONAR');
INSERT INTO "store_truck_owner" VALUES(59,7218014509,'MALKAPUR',NULL,'CZEPM6062P','FIROZABI GULAM MOHAMMAD MALKAPUR');
CREATE UNIQUE INDEX "django_content_type_app_label_model_76bd3d3b_uniq" ON "django_content_type" ("app_label", "model");
CREATE UNIQUE INDEX "auth_group_permissions_group_id_permission_id_0cd325b0_uniq" ON "auth_group_permissions" ("group_id", "permission_id");
CREATE INDEX IF NOT EXISTS "auth_group_permissions_group_id_b120cbf9" ON "auth_group_permissions" ("group_id");
CREATE INDEX IF NOT EXISTS "auth_group_permissions_permission_id_84c5c92e" ON "auth_group_permissions" ("permission_id");
CREATE UNIQUE INDEX "auth_permission_content_type_id_codename_01ab375a_uniq" ON "auth_permission" ("content_type_id", "codename");
CREATE INDEX IF NOT EXISTS "auth_permission_content_type_id_2f476e4b" ON "auth_permission" ("content_type_id");
CREATE UNIQUE INDEX "users_user_groups_user_id_group_id_b88eab82_uniq" ON "users_user_groups" ("user_id", "group_id");
CREATE INDEX IF NOT EXISTS "users_user_groups_user_id_5f6f5a90" ON "users_user_groups" ("user_id");
CREATE INDEX IF NOT EXISTS "users_user_groups_group_id_9afc8d0e" ON "users_user_groups" ("group_id");
CREATE UNIQUE INDEX "users_user_user_permissions_user_id_permission_id_43338c45_uniq" ON "users_user_user_permissions" ("user_id", "permission_id");
CREATE INDEX IF NOT EXISTS "users_user_user_permissions_user_id_20aca447" ON "users_user_user_permissions" ("user_id");
CREATE INDEX IF NOT EXISTS "users_user_user_permissions_permission_id_0b93982e" ON "users_user_user_permissions" ("permission_id");
CREATE INDEX IF NOT EXISTS "django_admin_log_content_type_id_c4bce8eb" ON "django_admin_log" ("content_type_id");
CREATE INDEX IF NOT EXISTS "django_admin_log_user_id_c564eba6" ON "django_admin_log" ("user_id");
CREATE INDEX IF NOT EXISTS "django_session_expire_date_a5c62663" ON "django_session" ("expire_date");
CREATE INDEX IF NOT EXISTS "store_truck_details_truck_owner_id_155e372c" ON "store_truck_details" ("truck_owner_id");
CREATE INDEX IF NOT EXISTS "transactions_sub_trip_builty_id_26195045" ON "transactions_sub_trip" ("builty_id");
CREATE INDEX IF NOT EXISTS "transactions_sub_trip_station_from_id_d602b198" ON "transactions_sub_trip" ("station_from_id");
CREATE INDEX IF NOT EXISTS "transactions_sub_trip_station_to_id_fb47cb0b" ON "transactions_sub_trip" ("station_to_id");
CREATE INDEX IF NOT EXISTS "transactions_request_edit_builty_id_17f4ac6b" ON "transactions_request_edit" ("builty_id");
CREATE INDEX IF NOT EXISTS "transactions_request_edit_user_id_296a97e5" ON "transactions_request_edit" ("user_id");
CREATE INDEX IF NOT EXISTS "transactions_ack_builty_id_e9cf4eb9" ON "transactions_ack" ("builty_id");
CREATE INDEX IF NOT EXISTS "store_rate_to_station_id_71b5e0d1" ON "store_rate" ("to_station_id");
CREATE INDEX IF NOT EXISTS "store_rate_from_station_id_cf4de4c2" ON "store_rate" ("from_station_id");
CREATE INDEX IF NOT EXISTS "store_district_office_location_id_def88825" ON "store_district" ("office_location_id");
CREATE INDEX IF NOT EXISTS "users_user_company_id_14799323" ON "users_user" ("company_id");
CREATE INDEX IF NOT EXISTS "users_user_office_location_id_9bf9b0fd" ON "users_user" ("office_location_id");
CREATE INDEX IF NOT EXISTS "store_article_company_name_id_236802e6" ON "store_article" ("company_name_id");
CREATE INDEX IF NOT EXISTS "store_article_consignor_id_170c72fc" ON "store_article" ("consignor_id");
CREATE INDEX IF NOT EXISTS "store_article_office_location_id_216b5e85" ON "store_article" ("office_location_id");
CREATE INDEX IF NOT EXISTS "store_consignor_company_id_9fdf29a0" ON "store_consignor" ("company_id");
CREATE INDEX IF NOT EXISTS "store_consignor_office_location_id_709e205e" ON "store_consignor" ("office_location_id");
CREATE INDEX IF NOT EXISTS "store_onaccount_company_id_8283503d" ON "store_onaccount" ("company_id");
CREATE INDEX IF NOT EXISTS "store_onaccount_office_location_id_d8877177" ON "store_onaccount" ("office_location_id");
CREATE INDEX IF NOT EXISTS "store_station_taluka_id_51032d3b" ON "store_station" ("taluka_id");
CREATE INDEX IF NOT EXISTS "store_station_office_location_id_cc8d1da0" ON "store_station" ("office_location_id");
CREATE INDEX IF NOT EXISTS "store_taluka_district_id_63ffbdb2" ON "store_taluka" ("district_id");
CREATE INDEX IF NOT EXISTS "store_taluka_office_location_id_5a2300b5" ON "store_taluka" ("office_location_id");
CREATE INDEX IF NOT EXISTS "transactions_builty_article_id_9ef4500b" ON "transactions_builty" ("article_id");
CREATE INDEX IF NOT EXISTS "transactions_builty_company_id_e5faf59d" ON "transactions_builty" ("company_id");
CREATE INDEX IF NOT EXISTS "transactions_builty_consignor_id_abafe990" ON "transactions_builty" ("consignor_id");
CREATE INDEX IF NOT EXISTS "transactions_builty_district_id_32c090e4" ON "transactions_builty" ("district_id");
CREATE INDEX IF NOT EXISTS "transactions_builty_onaccount_id_35cc36f3" ON "transactions_builty" ("onaccount_id");
CREATE INDEX IF NOT EXISTS "transactions_builty_petrol_pump_id_9922ae78" ON "transactions_builty" ("petrol_pump_id");
CREATE INDEX IF NOT EXISTS "transactions_builty_station_from_id_0fc95978" ON "transactions_builty" ("station_from_id");
CREATE INDEX IF NOT EXISTS "transactions_builty_station_to_id_8018ef07" ON "transactions_builty" ("station_to_id");
CREATE INDEX IF NOT EXISTS "transactions_builty_taluka_id_3af43376" ON "transactions_builty" ("taluka_id");
CREATE INDEX IF NOT EXISTS "transactions_builty_truck_details_id_7724d30a" ON "transactions_builty" ("truck_details_id");
CREATE INDEX IF NOT EXISTS "transactions_builty_truck_owner_id_74656a52" ON "transactions_builty" ("truck_owner_id");
CREATE INDEX IF NOT EXISTS "transactions_builty_user_id_82211060" ON "transactions_builty" ("user_id");
CREATE TABLE IF NOT EXISTS "transactions_ack" ("id" integer NOT NULL PRIMARY KEY AUTOINCREMENT, "challan_number" varchar(50) NOT NULL, "builty_id" bigint NOT NULL REFERENCES "transactions_builty" ("id") DEFERRABLE INITIALLY DEFERRED, "challan_date" date NULL);
INSERT INTO "transactions_ack" VALUES(2,'8320434428',20,'2023-04-02');
INSERT INTO "transactions_ack" VALUES(3,'8320434429',21,'2023-04-02');
INSERT INTO "transactions_ack" VALUES(4,'8320434440',23,'2023-04-04');
INSERT INTO "transactions_ack" VALUES(5,'8320434439',24,'2023-04-04');
INSERT INTO "transactions_ack" VALUES(6,'8320434562',46,'2023-04-05');
INSERT INTO "transactions_ack" VALUES(7,'8320434579',53,'2023-04-05');
INSERT INTO "transactions_ack" VALUES(8,'8320434642',78,'2023-04-05');
INSERT INTO "transactions_ack" VALUES(9,'8320434603',59,'2023-04-06');
INSERT INTO "transactions_ack" VALUES(10,'8320434601',60,'2023-04-06');
INSERT INTO "transactions_ack" VALUES(11,'8320434628',70,'2023-04-06');
INSERT INTO "transactions_ack" VALUES(12,'8320434629',71,'2023-04-06');
INSERT INTO "transactions_ack" VALUES(13,'8320434655',85,'2023-04-06');
INSERT INTO "transactions_ack" VALUES(14,'8320434654',86,'2023-04-06');
INSERT INTO "transactions_ack" VALUES(15,'8320434676',88,'2023-04-06');
INSERT INTO "transactions_ack" VALUES(16,'8320434565',47,'2023-04-06');
INSERT INTO "transactions_ack" VALUES(17,'8320434596',54,'2023-04-07');
INSERT INTO "transactions_ack" VALUES(18,'8320434620',67,'2023-04-07');
INSERT INTO "transactions_ack" VALUES(19,'8320434633',73,'2023-04-07');
INSERT INTO "transactions_ack" VALUES(20,'8320434587',55,'2023-04-08');
INSERT INTO "transactions_ack" VALUES(21,'8320434657',84,'2023-04-08');
INSERT INTO "transactions_ack" VALUES(22,'8320434925',106,'2023-04-09');
INSERT INTO "transactions_ack" VALUES(23,'8320434926',107,'2023-04-09');
INSERT INTO "transactions_ack" VALUES(24,'8320434948',110,'2023-04-09');
INSERT INTO "transactions_ack" VALUES(25,'8320434949',111,'2023-04-09');
INSERT INTO "transactions_ack" VALUES(26,'8320434582',58,'2023-04-10');
INSERT INTO "transactions_ack" VALUES(27,'8320435019',132,'2023-04-10');
CREATE UNIQUE INDEX "django_content_type_app_label_model_76bd3d3b_uniq" ON "django_content_type" ("app_label", "model");
CREATE UNIQUE INDEX "auth_group_permissions_group_id_permission_id_0cd325b0_uniq" ON "auth_group_permissions" ("group_id", "permission_id");
CREATE INDEX IF NOT EXISTS "auth_group_permissions_group_id_b120cbf9" ON "auth_group_permissions" ("group_id");
CREATE INDEX IF NOT EXISTS "auth_group_permissions_permission_id_84c5c92e" ON "auth_group_permissions" ("permission_id");
CREATE UNIQUE INDEX "auth_permission_content_type_id_codename_01ab375a_uniq" ON "auth_permission" ("content_type_id", "codename");
CREATE INDEX IF NOT EXISTS "auth_permission_content_type_id_2f476e4b" ON "auth_permission" ("content_type_id");
CREATE UNIQUE INDEX "users_user_groups_user_id_group_id_b88eab82_uniq" ON "users_user_groups" ("user_id", "group_id");
CREATE INDEX IF NOT EXISTS "users_user_groups_user_id_5f6f5a90" ON "users_user_groups" ("user_id");
CREATE INDEX IF NOT EXISTS "users_user_groups_group_id_9afc8d0e" ON "users_user_groups" ("group_id");
CREATE UNIQUE INDEX "users_user_user_permissions_user_id_permission_id_43338c45_uniq" ON "users_user_user_permissions" ("user_id", "permission_id");
CREATE INDEX IF NOT EXISTS "users_user_user_permissions_user_id_20aca447" ON "users_user_user_permissions" ("user_id");
CREATE INDEX IF NOT EXISTS "users_user_user_permissions_permission_id_0b93982e" ON "users_user_user_permissions" ("permission_id");
CREATE INDEX IF NOT EXISTS "django_admin_log_content_type_id_c4bce8eb" ON "django_admin_log" ("content_type_id");
CREATE INDEX IF NOT EXISTS "django_admin_log_user_id_c564eba6" ON "django_admin_log" ("user_id");
CREATE INDEX IF NOT EXISTS "django_session_expire_date_a5c62663" ON "django_session" ("expire_date");
CREATE INDEX IF NOT EXISTS "store_truck_details_truck_owner_id_155e372c" ON "store_truck_details" ("truck_owner_id");
CREATE INDEX IF NOT EXISTS "transactions_sub_trip_builty_id_26195045" ON "transactions_sub_trip" ("builty_id");
CREATE INDEX IF NOT EXISTS "transactions_sub_trip_station_from_id_d602b198" ON "transactions_sub_trip" ("station_from_id");
CREATE INDEX IF NOT EXISTS "transactions_sub_trip_station_to_id_fb47cb0b" ON "transactions_sub_trip" ("station_to_id");
CREATE INDEX IF NOT EXISTS "transactions_request_edit_builty_id_17f4ac6b" ON "transactions_request_edit" ("builty_id");
CREATE INDEX IF NOT EXISTS "transactions_request_edit_user_id_296a97e5" ON "transactions_request_edit" ("user_id");
CREATE INDEX IF NOT EXISTS "transactions_ack_builty_id_e9cf4eb9" ON "transactions_ack" ("builty_id");
CREATE INDEX IF NOT EXISTS "store_rate_to_station_id_71b5e0d1" ON "store_rate" ("to_station_id");
CREATE INDEX IF NOT EXISTS "store_rate_from_station_id_cf4de4c2" ON "store_rate" ("from_station_id");
CREATE INDEX IF NOT EXISTS "store_district_office_location_id_def88825" ON "store_district" ("office_location_id");
CREATE INDEX IF NOT EXISTS "users_user_company_id_14799323" ON "users_user" ("company_id");
CREATE INDEX IF NOT EXISTS "users_user_office_location_id_9bf9b0fd" ON "users_user" ("office_location_id");
CREATE INDEX IF NOT EXISTS "store_article_company_name_id_236802e6" ON "store_article" ("company_name_id");
CREATE INDEX IF NOT EXISTS "store_article_consignor_id_170c72fc" ON "store_article" ("consignor_id");
CREATE INDEX IF NOT EXISTS "store_article_office_location_id_216b5e85" ON "store_article" ("office_location_id");
CREATE INDEX IF NOT EXISTS "store_consignor_company_id_9fdf29a0" ON "store_consignor" ("company_id");
CREATE INDEX IF NOT EXISTS "store_consignor_office_location_id_709e205e" ON "store_consignor" ("office_location_id");
CREATE INDEX IF NOT EXISTS "store_onaccount_company_id_8283503d" ON "store_onaccount" ("company_id");
CREATE INDEX IF NOT EXISTS "store_onaccount_office_location_id_d8877177" ON "store_onaccount" ("office_location_id");
CREATE INDEX IF NOT EXISTS "store_station_taluka_id_51032d3b" ON "store_station" ("taluka_id");
CREATE INDEX IF NOT EXISTS "store_station_office_location_id_cc8d1da0" ON "store_station" ("office_location_id");
CREATE INDEX IF NOT EXISTS "store_taluka_district_id_63ffbdb2" ON "store_taluka" ("district_id");
CREATE INDEX IF NOT EXISTS "store_taluka_office_location_id_5a2300b5" ON "store_taluka" ("office_location_id");
CREATE INDEX IF NOT EXISTS "transactions_builty_article_id_9ef4500b" ON "transactions_builty" ("article_id");
CREATE INDEX IF NOT EXISTS "transactions_builty_company_id_e5faf59d" ON "transactions_builty" ("company_id");
CREATE INDEX IF NOT EXISTS "transactions_builty_consignor_id_abafe990" ON "transactions_builty" ("consignor_id");
CREATE INDEX IF NOT EXISTS "transactions_builty_district_id_32c090e4" ON "transactions_builty" ("district_id");
CREATE INDEX IF NOT EXISTS "transactions_builty_onaccount_id_35cc36f3" ON "transactions_builty" ("onaccount_id");
CREATE INDEX IF NOT EXISTS "transactions_builty_petrol_pump_id_9922ae78" ON "transactions_builty" ("petrol_pump_id");
CREATE INDEX IF NOT EXISTS "transactions_builty_station_from_id_0fc95978" ON "transactions_builty" ("station_from_id");
CREATE INDEX IF NOT EXISTS "transactions_builty_station_to_id_8018ef07" ON "transactions_builty" ("station_to_id");
CREATE INDEX IF NOT EXISTS "transactions_builty_taluka_id_3af43376" ON "transactions_builty" ("taluka_id");
CREATE INDEX IF NOT EXISTS "transactions_builty_truck_details_id_7724d30a" ON "transactions_builty" ("truck_details_id");
CREATE INDEX IF NOT EXISTS "transactions_builty_truck_owner_id_74656a52" ON "transactions_builty" ("truck_owner_id");
CREATE INDEX IF NOT EXISTS "transactions_builty_user_id_82211060" ON "transactions_builty" ("user_id");
CREATE TABLE IF NOT EXISTS "transactions_builty" ("id" integer NOT NULL PRIMARY KEY AUTOINCREMENT, "builty_no" varchar(50) NOT NULL, "DC_date" date NOT NULL, "consignee" varchar(50) NOT NULL, "delivery_no" real NOT NULL, "mobile_no" real NULL, "ex_for" varchar(50) NOT NULL, "mode" varchar(50) NOT NULL, "note" varchar(50) NULL, "rate" real NOT NULL, "mt" real NOT NULL, "freight" real NOT NULL, "less_advance" real NOT NULL, "less_tds" real NULL, "balance" real NOT NULL, "diesel" real NOT NULL, "editable" bool NOT NULL, "deleted" bool NOT NULL, "article_id" bigint NOT NULL REFERENCES "store_article" ("id") DEFERRABLE INITIALLY DEFERRED, "company_id" bigint NOT NULL REFERENCES "store_company" ("id") DEFERRABLE INITIALLY DEFERRED, "consignor_id" bigint NOT NULL REFERENCES "store_consignor" ("id") DEFERRABLE INITIALLY DEFERRED, "district_id" bigint NOT NULL REFERENCES "store_district" ("id") DEFERRABLE INITIALLY DEFERRED, "onaccount_id" bigint NOT NULL REFERENCES "store_onaccount" ("id") DEFERRABLE INITIALLY DEFERRED, "petrol_pump_id" bigint NULL REFERENCES "store_petrol_pump" ("id") DEFERRABLE INITIALLY DEFERRED, "station_from_id" bigint NOT NULL REFERENCES "store_station" ("id") DEFERRABLE INITIALLY DEFERRED, "station_to_id" bigint NOT NULL REFERENCES "store_station" ("id") DEFERRABLE INITIALLY DEFERRED, "taluka_id" bigint NOT NULL REFERENCES "store_taluka" ("id") DEFERRABLE INITIALLY DEFERRED, "truck_details_id" bigint NOT NULL REFERENCES "store_truck_details" ("id") DEFERRABLE INITIALLY DEFERRED, "truck_owner_id" bigint NOT NULL REFERENCES "store_truck_owner" ("id") DEFERRABLE INITIALLY DEFERRED, "user_id" bigint NOT NULL REFERENCES "users_user" ("id") DEFERRABLE INITIALLY DEFERRED, "bags" integer NOT NULL);
INSERT INTO "transactions_builty" VALUES(20,'UTCL-1','2023-04-01','sumit provision',6320533650.0,NULL,'for','cash',NULL,0.0,15.4,0.0,2650.0,0.0,0.0,45.0,0,0,1,1,1,1,8,3,17,18,29,4,1,3,308);
INSERT INTO "transactions_builty" VALUES(21,'UTCL-2','2023-04-01','sumit provision',6320533649.0,NULL,'for','cash',NULL,0.0,9.6,0.0,0.0,0.0,0.0,0.0,0,0,3,1,1,1,8,NULL,17,18,29,4,1,3,192);
INSERT INTO "transactions_builty" VALUES(22,'UTCL-3','2023-04-01','MAHALAXMI PROVISIN',6320533906.0,NULL,'for','cash',NULL,0.0,17.0,0.0,1800.0,0.0,0.0,32.0,0,0,1,1,1,1,8,1,17,19,1,16,1,3,340);
INSERT INTO "transactions_builty" VALUES(23,'UTCL-4','2023-04-01','SHRI RAJCEMENT SALES',6320533886.0,NULL,'for','online',NULL,440.0,13.0,5720.0,9000.0,0.0,-3280.0,0.0,0,0,1,1,1,1,9,NULL,20,21,27,20,4,3,260);
INSERT INTO "transactions_builty" VALUES(24,'UTCL-5','2023-04-01','SHRI RAJ CEMENT SALES',6320533887.0,NULL,'for','cash',NULL,440.0,10.0,4400.0,0.0,0.0,4400.0,0.0,0,0,1,1,1,1,9,NULL,20,21,27,20,4,3,200);
INSERT INTO "transactions_builty" VALUES(25,'UTCL-6','2023-04-01','INDRADEEP CONSTRUCTION COM.',6320533901.0,NULL,'for','cash',NULL,0.0,25.0,0.0,2900.0,0.0,-2900.0,25.0,0,0,1,1,1,1,10,3,20,22,35,2,1,3,500);
INSERT INTO "transactions_builty" VALUES(26,'UTCL-7','2023-04-01','KESAN HOSPITAL',6320533902.0,NULL,'for','online',NULL,150.0,23.0,3450.0,2000.0,0.0,1450.0,0.0,0,0,1,1,1,1,11,NULL,17,23,7,21,5,3,460);
INSERT INTO "transactions_builty" VALUES(27,'UTCL-8','2023-04-02','SUMIT PROVISION',6320533968.0,NULL,'for','cash',NULL,0.0,12.0,0.0,1900.0,0.0,0.0,38.0,0,0,1,1,1,1,12,3,17,24,1,17,1,3,240);
INSERT INTO "transactions_builty" VALUES(28,'UTCL-9','2023-04-02','SANT GAJANAN CEMENT DEPO',6320533969.0,NULL,'for','cash',NULL,0.0,5.0,0.0,0.0,0.0,0.0,0.0,0,0,1,1,1,1,12,NULL,17,25,1,17,1,3,100);
INSERT INTO "transactions_builty" VALUES(29,'UTCL-10','2023-04-02','KEDRAKUMAR SAGARKUMAR BAGANI',6320533977.0,NULL,'for','cash',NULL,0.0,13.0,0.0,2550.0,0.0,0.0,5.0,0,0,1,1,1,1,8,1,17,3,1,3,1,3,260);
INSERT INTO "transactions_builty" VALUES(30,'UTCL-11','2023-04-02','KRUSHNA H/W',6320533978.0,NULL,'for','cash',NULL,0.0,10.0,0.0,0.0,0.0,0.0,52.0,0,0,1,1,1,1,8,1,17,26,1,3,1,3,200);
INSERT INTO "transactions_builty" VALUES(31,'UTCL-12','2023-04-02','NARAYAN H/W',6320533986.0,NULL,'for','cash',NULL,0.0,23.0,0.0,2730.0,0.0,0.0,43.0,0,0,1,1,1,1,13,3,1,4,2,4,1,3,460);
INSERT INTO "transactions_builty" VALUES(32,'UTCL-13','2023-04-02','RAMPRABHAKAR JAISINGHPURE',6320533989.0,NULL,'for','cash',NULL,0.0,23.0,0.0,2680.0,0.0,0.0,38.0,0,0,1,1,1,1,14,3,1,27,19,6,1,3,460);
INSERT INTO "transactions_builty" VALUES(39,'UTCL-14','2023-04-02','MEERA CEMENT AGENCY',6320533991.0,NULL,'for','cash',NULL,0.0,10.0,0.0,2680.0,0.0,0.0,50.0,0,0,1,1,1,1,12,3,1,28,1,2,1,3,200);
INSERT INTO "transactions_builty" VALUES(41,'UTCL-15','2023-04-02','SHREE VYANKATESH ERIGATION',6320533990.0,NULL,'for','cash',NULL,0.0,13.0,0.0,0.0,0.0,0.0,0.0,0,0,1,1,1,1,12,NULL,1,3,1,2,1,3,260);
INSERT INTO "transactions_builty" VALUES(42,'UTCL-16','2023-04-02','VIDARBHA TRADERS',6320533983.0,NULL,'for','cash',NULL,0.0,23.0,0.0,3990.0,0.0,0.0,40.0,0,0,1,1,1,1,16,3,1,10,6,12,1,3,460);
INSERT INTO "transactions_builty" VALUES(43,'UTCL-17','2023-04-02','AMOL H/W',6320533984.0,NULL,'for','cash',NULL,0.0,12.0,0.0,2190.0,0.0,0.0,45.0,0,0,1,1,1,1,17,2,1,31,1,16,1,3,240);
INSERT INTO "transactions_builty" VALUES(44,'UTCL-18','2023-04-02','AMOL H/W',6320533985.0,NULL,'for','cash',NULL,0.0,5.0,0.0,0.0,0.0,0.0,0.0,0,0,3,1,1,1,17,NULL,1,31,1,16,1,3,100);
INSERT INTO "transactions_builty" VALUES(45,'UTCL-19','2023-04-03','NEW SAHIL ENTERPRISES',6320534102.0,NULL,'for','online',NULL,350.0,23.0,0.0,6000.0,0.0,-6000.0,0.0,0,0,1,1,1,1,18,NULL,1,32,3,25,5,3,460);
INSERT INTO "transactions_builty" VALUES(46,'UTCL-20','2023-04-03','RAUNAK STEEL',6320534134.0,NULL,'for','online',NULL,150.0,32.0,4800.0,0.0,0.0,4800.0,0.0,0,0,1,1,1,1,19,NULL,1,23,7,24,6,3,640);
INSERT INTO "transactions_builty" VALUES(47,'UTCL-21','2023-04-03','RADHASWAMI BUILDING MATERIAL',6320534132.0,NULL,'for','online',NULL,150.0,32.0,4800.0,0.0,0.0,4800.0,0.0,0,0,1,1,1,1,20,NULL,1,23,7,23,6,3,640);
INSERT INTO "transactions_builty" VALUES(48,'UTCL-22','2023-04-03','VIDARBHA TRADERS',6320534152.0,NULL,'for','cash',NULL,0.0,9.0,0.0,0.0,0.0,0.0,0.0,0,0,1,1,1,1,16,NULL,1,10,6,12,1,3,180);
INSERT INTO "transactions_builty" VALUES(49,'UTCL-23','2023-04-03','JAI AGENCY',6320534104.0,NULL,'for','cash',NULL,0.0,30.0,0.0,3450.0,0.0,0.0,45.0,0,0,1,1,1,1,21,3,1,33,18,4,1,3,600);
INSERT INTO "transactions_builty" VALUES(53,'UTCL-24','2023-04-03','SHUBHAM H/W',6320534098.0,NULL,'for','online',NULL,330.0,30.0,0.0,8900.0,0.0,-8900.0,0.0,0,0,1,1,1,1,22,NULL,1,7,6,26,7,3,600);
INSERT INTO "transactions_builty" VALUES(54,'UTCL-25','2023-04-03','Y.D. SHARMA',6320534096.0,NULL,'for','online',NULL,340.0,25.0,8500.0,7000.0,0.0,1500.0,0.0,0,0,1,1,1,1,7,NULL,1,10,6,28,9,3,500);
INSERT INTO "transactions_builty" VALUES(55,'UTCL-26','2023-04-03','NEW SAHIL ENTERPRISE',6320534105.0,NULL,'for','online',NULL,350.0,30.0,10500.0,9000.0,0.0,1500.0,0.0,0,0,1,1,1,1,18,NULL,1,32,3,27,8,3,600);
INSERT INTO "transactions_builty" VALUES(56,'UTCL-27','2023-04-03','SHUBHAM H/W',6320534177.0,NULL,'for','cash',NULL,0.0,10.0,0.0,2680.0,0.0,0.0,30.0,0,0,1,1,1,1,22,3,1,7,6,1,1,3,200);
INSERT INTO "transactions_builty" VALUES(57,'UTCL-28','2023-04-03','AARIF MUSA',6320534093.0,NULL,'for','cash',NULL,0.0,13.0,0.0,0.0,0.0,0.0,0.0,0,0,1,1,1,1,7,NULL,1,34,6,1,1,3,260);
INSERT INTO "transactions_builty" VALUES(58,'UTCL-29','2023-04-03','SHRI RAM ENGINEERING & H/W',632053497.0,NULL,'for','online',NULL,350.0,23.0,8050.0,7000.0,0.0,1050.0,0.0,0,0,1,1,1,1,28,NULL,1,22,35,29,10,3,460);
INSERT INTO "transactions_builty" VALUES(59,'UTCL-30','2023-04-03','ASHOK BISE - JAMVASU',6320534167.0,NULL,'for','online',NULL,360.0,15.0,5400.0,7000.0,0.0,-1600.0,0.0,0,0,1,1,1,1,34,NULL,1,35,30,30,11,3,300);
INSERT INTO "transactions_builty" VALUES(60,'UTCL-31','2023-04-03','ASHOK BISE - JAMVASU',6320534168.0,NULL,'for','online',NULL,360.0,8.0,2880.0,0.0,0.0,2880.0,0.0,0,0,3,1,1,1,34,NULL,1,35,30,30,11,3,160);
INSERT INTO "transactions_builty" VALUES(61,'UTCL-32','2023-04-03','BAKE BIHARI INFRA',6320534171.0,NULL,'for','online',NULL,150.0,25.0,3750.0,0.0,0.0,3750.0,0.0,0,0,1,1,1,1,14,NULL,1,23,7,22,5,3,500);
INSERT INTO "transactions_builty" VALUES(62,'UTCL-33','2023-04-03','HINDUSTAN CONSTRUCTION',6320534163.0,NULL,'for','online',NULL,150.0,23.0,3450.0,0.0,0.0,3450.0,0.0,0,0,1,1,1,1,14,NULL,1,23,7,21,5,3,460);
INSERT INTO "transactions_builty" VALUES(63,'UTCL-34','2023-04-03','SARVDNYA TRADERS',6320534092.0,NULL,'for','cash',NULL,0.0,23.0,0.0,2910.0,0.0,0.0,45.0,0,0,1,1,1,1,7,3,1,36,19,6,1,3,460);
INSERT INTO "transactions_builty" VALUES(64,'UTCL-35','2023-04-03','KAKAD SAHEB',6320533987.0,NULL,'for','cash',NULL,0.0,7.0,0.0,2020.0,0.0,0.0,45.0,0,0,1,1,1,1,12,3,1,37,28,17,1,3,140);
INSERT INTO "transactions_builty" VALUES(65,'UTCL-36','2023-04-03','VANSH H/W',6320533988.0,NULL,'for','cash',NULL,0.0,5.0,0.0,0.0,0.0,0.0,0.0,0,0,1,1,1,1,12,NULL,1,37,28,17,1,3,100);
INSERT INTO "transactions_builty" VALUES(66,'UTCL-37','2023-04-03','VANSH H/W',6320533992.0,NULL,'for','cash',NULL,0.0,5.0,0.0,0.0,0.0,0.0,0.0,0,0,3,1,1,1,12,NULL,1,37,28,17,1,3,100);
INSERT INTO "transactions_builty" VALUES(67,'UTCL-38','2023-04-03','SHIVAM SALES',6320534188.0,NULL,'for','online',NULL,380.0,25.0,9500.0,8000.0,0.0,1500.0,0.0,0,0,1,1,1,1,18,NULL,1,38,37,31,12,3,500);
INSERT INTO "transactions_builty" VALUES(68,'UTCL-39','2023-04-03','RADHESHYAM BHARATE',6320534148.0,NULL,'for','cash',NULL,0.0,13.0,0.0,2020.0,0.0,0.0,42.0,0,0,1,1,1,1,2,3,1,39,1,15,1,3,260);
INSERT INTO "transactions_builty" VALUES(69,'UTCL-40','2023-04-03','RADHESHYAM BHARATE',6320534149.0,NULL,'for','cash',NULL,0.0,4.0,0.0,0.0,0.0,0.0,0.0,0,0,3,1,1,1,2,NULL,1,39,1,15,1,3,80);
INSERT INTO "transactions_builty" VALUES(70,'UTCL-41','2023-04-03','SOPHI TILES',6320534103.0,NULL,'for','online',NULL,350.0,23.0,8050.0,7000.0,0.0,1050.0,0.0,0,0,1,1,1,1,18,NULL,1,32,3,32,13,3,460);
INSERT INTO "transactions_builty" VALUES(71,'UTCL-42','2023-04-03','SOPHI TILES',6320534211.0,NULL,'for','online',NULL,350.0,2.0,700.0,0.0,0.0,700.0,0.0,0,0,1,1,1,1,18,NULL,1,32,3,32,13,3,40);
INSERT INTO "transactions_builty" VALUES(72,'UTCL-43','2023-04-03','GANESH TRADERS',6320534113.0,NULL,'for','online',NULL,400.0,26.0,10400.0,9000.0,0.0,-9000.0,0.0,0,0,1,1,1,1,50,NULL,1,42,39,33,14,3,520);
INSERT INTO "transactions_builty" VALUES(73,'UTCL-44','2023-04-03','SAHU AGENCY',6320534165.0,NULL,'for','online',NULL,150.0,25.0,0.0,0.0,0.0,0.0,0.0,0,0,1,1,1,1,14,NULL,1,23,7,34,15,3,500);
INSERT INTO "transactions_builty" VALUES(74,'UTCL-45','2023-04-03','MOHAMMAD FARQUE',6320534169.0,NULL,'for','cash',NULL,0.0,30.0,0.0,3990.0,0.0,0.0,47.0,0,0,1,1,1,1,7,3,1,36,19,12,1,3,600);
INSERT INTO "transactions_builty" VALUES(75,'UTCL-46','2023-04-03','RAKESH PATIL',6320534214.0,NULL,'for','cash',NULL,0.0,2.0,0.0,0.0,0.0,0.0,0.0,0,0,1,1,1,1,7,NULL,1,36,19,12,1,3,40);
INSERT INTO "transactions_builty" VALUES(76,'UTCL-47','2023-04-03','ASHTIKAR TRADERS',6320534170.0,NULL,'for','cash',NULL,0.0,23.0,0.0,2910.0,0.0,0.0,38.0,0,0,1,1,1,1,7,3,1,33,18,2,1,3,460);
INSERT INTO "transactions_builty" VALUES(77,'UTCL-48','2023-04-03','SHIVAM SALES',6320534189.0,NULL,'for','cash',NULL,0.0,32.0,0.0,3670.0,0.0,0.0,0.0,0,0,1,1,1,1,18,3,1,38,37,10,1,3,640);
INSERT INTO "transactions_builty" VALUES(78,'UTCL-49','2023-04-03','RAUNAK STEEL & H/W',6320534200.0,NULL,'for','online',NULL,200.0,30.0,6000.0,0.0,0.0,6000.0,0.0,0,0,1,1,1,1,18,NULL,1,41,4,35,14,3,600);
INSERT INTO "transactions_builty" VALUES(79,'UTCL-50','2023-04-03','HARIOM TRADERS',6320534201.0,NULL,'for','online',NULL,150.0,25.0,0.0,0.0,0.0,0.0,0.0,0,0,1,1,1,1,51,NULL,1,23,7,36,5,3,500);
INSERT INTO "transactions_builty" VALUES(80,'UTCL-51','2023-04-03','NILESH WELDING WORK SHOP',96320534218.0,NULL,'for','cash',NULL,0.0,17.0,0.0,1970.0,0.0,0.0,32.0,0,0,1,1,1,1,12,3,1,18,29,16,1,3,340);
INSERT INTO "transactions_builty" VALUES(81,'UTCL-52','2023-04-03','CHITE SAHEB',6320534207.0,NULL,'for','cash',NULL,0.0,5.0,0.0,1860.0,0.0,0.0,35.0,0,0,1,1,1,1,12,3,1,3,1,18,1,3,100);
INSERT INTO "transactions_builty" VALUES(82,'UTCL-53','2023-04-03','SUMIT PROVISION',6320534208.0,NULL,'for','cash',NULL,0.0,6.0,0.0,0.0,0.0,0.0,0.0,0,0,1,1,1,1,12,NULL,1,24,1,18,1,3,120);
INSERT INTO "transactions_builty" VALUES(83,'UTCL-54','2023-04-03','SUMIT PROVISION',6320534209.0,NULL,'for','cash',NULL,0.0,5.0,0.0,0.0,0.0,0.0,0.0,0,0,3,1,1,1,12,NULL,1,24,1,18,1,3,100);
INSERT INTO "transactions_builty" VALUES(84,'UTCL-55','2023-04-03','GOVIND UDYOG AGENCY',6320534111.0,NULL,'for','online',NULL,350.0,7.5,2625.0,0.0,0.0,2625.0,0.0,0,0,3,1,1,1,7,NULL,1,10,6,37,16,3,150);
INSERT INTO "transactions_builty" VALUES(85,'UTCL-56','2023-04-03','DAMODAR KIRANA',6320534215.0,NULL,'for','online',NULL,420.0,15.0,6300.0,8000.0,0.0,-1700.0,0.0,0,0,1,1,1,1,17,NULL,1,21,27,38,4,3,300);
INSERT INTO "transactions_builty" VALUES(86,'UTCL-57','2023-04-03','NILESH K S K - SAWARA',6320534216.0,NULL,'for','online',NULL,0.0,8.0,0.0,0.0,0.0,0.0,0.0,0,0,1,1,1,1,17,NULL,1,21,27,38,4,3,160);
INSERT INTO "transactions_builty" VALUES(87,'UTCL-58','2023-04-03','MEENA KHAN',6320534226.0,NULL,'for','cash',NULL,0.0,23.0,0.0,2910.0,0.0,0.0,39.0,0,0,1,1,1,1,16,3,1,36,19,3,1,3,460);
INSERT INTO "transactions_builty" VALUES(88,'UTCL-59','2023-04-04','BALAJI H/W - KUTASA',6320534271.0,NULL,'for','online',NULL,400.0,30.0,12000.0,10000.0,0.0,2000.0,0.0,0,0,1,1,1,1,52,NULL,1,21,27,39,17,3,600);
INSERT INTO "transactions_builty" VALUES(89,'UTCL-60','2023-04-04','NISAR KHAN - BHATORI',6320534272.0,NULL,'for','cash',NULL,0.0,23.0,0.0,2910.0,0.0,0.0,30.0,0,0,1,1,1,1,7,3,1,33,18,6,1,3,460);
INSERT INTO "transactions_builty" VALUES(90,'UTCL-61','2023-04-04','VIABHAV KORDE',6320534332.0,NULL,'for','online',NULL,450.0,19.0,8550.0,10000.0,0.0,-10000.0,0.0,0,0,1,1,1,1,8,NULL,1,43,52,40,18,3,380);
INSERT INTO "transactions_builty" VALUES(91,'UTCL-62','2023-04-04','VAIBHAV KORDE',6320534339.0,NULL,'for','online',NULL,450.0,2.0,900.0,0.0,0.0,900.0,0.0,0,0,1,1,1,1,8,NULL,1,43,52,40,18,3,40);
INSERT INTO "transactions_builty" VALUES(92,'UTCL-63','2023-04-04','VAIBHAV KORDE',6320534337.0,NULL,'for','online',NULL,450.0,4.0,1800.0,0.0,0.0,1800.0,0.0,0,0,3,1,1,1,8,NULL,1,43,52,40,18,3,80);
INSERT INTO "transactions_builty" VALUES(93,'UTCL-64','2023-04-05','NAVATRE H/W',6320534454.0,NULL,'for','cash',NULL,0.0,32.0,0.0,4040.0,0.0,0.0,0.0,0,0,1,1,1,1,53,3,1,42,39,9,1,3,640);
INSERT INTO "transactions_builty" VALUES(94,'UTCL-65','2023-04-05','NAYANDEV AMBALKAR',6320534421.0,NULL,'for','cash',NULL,0.0,23.0,0.0,2680.0,0.0,0.0,0.0,0,0,1,1,1,1,8,3,1,18,29,10,1,3,460);
INSERT INTO "transactions_builty" VALUES(95,'UTCL-66','2023-04-05','GAJANAN KAKAD',6320534483.0,NULL,'for','cash',NULL,0.0,11.0,0.0,2030.0,0.0,0.0,36.0,0,0,1,1,1,1,12,3,1,37,28,17,1,3,220);
INSERT INTO "transactions_builty" VALUES(96,'UTCL-67','2023-04-05','GAJANAN KAKAD',6320534484.0,NULL,'for','cash',NULL,0.0,6.0,0.0,0.0,0.0,0.0,0.0,0,0,3,1,1,1,12,NULL,1,37,28,17,1,3,120);
INSERT INTO "transactions_builty" VALUES(97,'UTCL-68','2023-04-05','MAHRSHI WALMIKI H/W',6320534491.0,NULL,'for','cash',NULL,0.0,17.0,0.0,1970.0,0.0,0.0,22.0,0,0,1,1,1,1,28,3,1,44,53,16,1,3,340);
INSERT INTO "transactions_builty" VALUES(98,'UTCL-69','2023-04-05','AKASH FATHE',6320534439.0,NULL,'for','cash',NULL,0.0,17.0,0.0,1970.0,0.0,0.0,23.0,0,0,1,1,1,1,28,3,1,45,53,15,1,3,340);
INSERT INTO "transactions_builty" VALUES(99,'UTCL-70','2023-04-05','P.S TRADERS C/O PANKAJ BHAKRE',6320534492.0,NULL,'for','cash',NULL,0.0,23.0,0.0,2680.0,0.0,0.0,25.0,0,0,1,1,1,1,18,3,1,47,37,6,1,3,460);
INSERT INTO "transactions_builty" VALUES(100,'UTCL-71','2023-04-05','GOVIND UDYOG AGENCY',6320534516.0,NULL,'for','cash',NULL,0.0,23.0,0.0,3990.0,0.0,0.0,40.0,0,0,1,1,1,1,7,2,1,10,6,12,1,3,460);
INSERT INTO "transactions_builty" VALUES(101,'UTCL-72','2023-04-05','GOVIND UDYOG AGENCY',6320534521.0,NULL,'for','cash',NULL,0.0,9.0,0.0,0.0,0.0,0.0,0.0,0,0,1,1,1,1,7,NULL,1,10,6,12,1,3,180);
INSERT INTO "transactions_builty" VALUES(102,'UTCL-KHAM-1','2023-04-01','MAHAJAN SIR',6320533890.0,NULL,'for','cash',NULL,400.0,30.0,0.0,11000.0,0.0,1000.0,0.0,0,0,9,1,3,3,43,NULL,48,57,71,44,19,2,600);
INSERT INTO "transactions_builty" VALUES(103,'UTCL-73','2023-04-06','AMOL H/W',6320534546.0,NULL,'for','cash',NULL,0.0,10.0,0.0,2020.0,0.0,0.0,35.0,0,0,1,1,1,1,17,3,1,31,1,18,1,3,200);
INSERT INTO "transactions_builty" VALUES(104,'UTCL-74','2023-04-06','AMOL H/W',6320534545.0,NULL,'for','cash',NULL,0.0,6.0,0.0,0.0,0.0,0.0,0.0,0,0,3,1,1,1,17,NULL,1,31,1,18,1,3,120);
INSERT INTO "transactions_builty" VALUES(105,'UTCL-75','2023-04-06','GANESH TRADERS',6320534581.0,NULL,'for','cash',NULL,0.0,32.0,0.0,4040.0,0.0,0.0,55.0,0,0,1,1,1,1,50,3,1,42,39,9,1,3,640);
INSERT INTO "transactions_builty" VALUES(106,'UTCL-76','2023-04-06','PIYUSH H/W',6320534599.0,NULL,'for','online',NULL,400.0,10.0,4000.0,5800.0,0.0,-1800.0,0.0,0,0,3,1,1,1,54,NULL,1,58,24,45,22,3,200);
INSERT INTO "transactions_builty" VALUES(107,'UTCL-77','2023-04-06','PIYUSH H/W',6320534600.0,NULL,'for','online',NULL,400.0,7.0,2800.0,0.0,0.0,2800.0,0.0,0,0,1,1,1,1,54,NULL,1,58,24,45,22,3,140);
INSERT INTO "transactions_builty" VALUES(108,'UTCL-78','2023-04-06','SONAL AGRO SERVICE CENTRE',6320534543.0,NULL,'for','cash',NULL,350.0,17.0,5950.0,7000.0,0.0,-1050.0,0.0,0,0,3,1,1,1,55,NULL,1,12,3,46,23,3,340);
INSERT INTO "transactions_builty" VALUES(109,'UTCL-79','2023-04-06','SONAL AGRO SERVICE',6320534598.0,NULL,'for','cash',NULL,350.0,6.0,2100.0,0.0,0.0,2100.0,0.0,0,0,1,1,1,1,55,NULL,1,12,3,46,23,3,120);
INSERT INTO "transactions_builty" VALUES(110,'UTCL-80','2023-04-06','MAHADEV MANDIR',6320534541.0,NULL,'for','online',NULL,400.0,12.0,4800.0,5800.0,0.0,-1000.0,0.0,0,0,1,1,1,1,17,NULL,1,59,27,47,24,3,240);
INSERT INTO "transactions_builty" VALUES(111,'UTCL-81','2023-04-06','NILESH K S K',6320534542.0,NULL,'for','online',NULL,400.0,5.0,2000.0,0.0,0.0,2000.0,0.0,0,0,1,1,1,1,17,NULL,1,60,27,47,24,3,100);
INSERT INTO "transactions_builty" VALUES(112,'UTCL-82','2023-04-06','SHREE  VYANKATESH ERIGATION',6320534651.0,NULL,'for','cash',NULL,0.0,7.0,0.0,2070.0,0.0,0.0,37.0,0,0,1,1,1,1,12,3,1,3,1,15,1,3,140);
INSERT INTO "transactions_builty" VALUES(113,'UTCL-83','2023-04-06','SHREE VYANKATESH ERIGATION',6320534625.0,NULL,'for','cash',NULL,0.0,6.0,0.0,0.0,0.0,0.0,0.0,0,0,3,1,1,1,12,NULL,1,3,1,15,1,3,120);
INSERT INTO "transactions_builty" VALUES(114,'UTCL-84','2023-04-06','SHREE VYANKATESH ERIGATION',6320534652.0,NULL,'for','cash',NULL,0.0,4.0,0.0,0.0,0.0,0.0,0.0,0,0,3,1,1,1,12,NULL,1,3,1,15,1,3,80);
INSERT INTO "transactions_builty" VALUES(115,'UTCL-85','2023-04-06','RAJESH PAWAR',6320534622.0,NULL,'for','cash',NULL,0.0,23.0,0.0,2910.0,0.0,0.0,30.0,0,0,1,1,1,1,7,3,1,33,18,2,1,3,460);
INSERT INTO "transactions_builty" VALUES(116,'UTCL-86','2023-04-06','SHIRAJ THEKEDAR',6320534627.0,NULL,'for','cash',NULL,0.0,30.0,0.0,3750.0,0.0,0.0,35.0,0,0,1,1,1,1,13,3,1,61,6,4,1,3,600);
INSERT INTO "transactions_builty" VALUES(117,'UTCL-KHAM-2','2023-04-01','MAHAJAN SIR',6320533891.0,NULL,'for','online',NULL,400.0,30.0,12000.0,11000.0,0.0,1000.0,0.0,0,0,9,1,3,3,43,NULL,48,62,70,48,25,2,600);
INSERT INTO "transactions_builty" VALUES(118,'UTCL-KHAM-3','2023-04-01','GOVIND TRADERS',6320533670.0,NULL,'for','online',NULL,400.0,13.0,5200.0,5500.0,0.0,-300.0,0.0,0,0,9,1,3,3,30,NULL,48,63,51,49,26,2,260);
INSERT INTO "transactions_builty" VALUES(119,'UTCL-KHAM-4','2023-04-01','GOVIND TRADERS',6320533671.0,NULL,'for','online',NULL,400.0,5.0,2000.0,0.0,0.0,2000.0,0.0,0,0,10,1,3,3,30,NULL,48,63,51,49,26,2,100);
INSERT INTO "transactions_builty" VALUES(120,'UTCL-KHAM-5','2023-04-01','ANIL PADWAL',6320533898.0,NULL,'for','cash',NULL,0.0,10.0,0.0,1300.0,0.0,0.0,0.0,0,0,9,1,3,3,32,NULL,48,64,45,14,1,2,200);
INSERT INTO "transactions_builty" VALUES(121,'UTCL-KHAM-6','2023-04-01','UTKARSH B. M.',6320533902.0,NULL,'for','online',NULL,380.0,30.0,11400.0,10000.0,0.0,1400.0,0.0,0,0,9,1,3,3,56,NULL,48,65,51,50,31,2,600);
INSERT INTO "transactions_builty" VALUES(122,'UTCL-KHAM-7','2023-04-01','UTKARSH B.M.',6320533905.0,NULL,'for','online',NULL,380.0,30.0,11400.0,10000.0,0.0,1400.0,0.0,0,0,9,1,3,3,56,NULL,48,65,51,51,31,2,600);
INSERT INTO "transactions_builty" VALUES(123,'UTCL-KHAM-8','2023-04-01','AKASH KULSUNDER',6320533897.0,NULL,'for','cash',NULL,330.0,25.0,8250.0,8000.0,0.0,250.0,0.0,0,0,1,1,3,3,30,NULL,48,56,43,52,32,2,500);
INSERT INTO "transactions_builty" VALUES(124,'UTCL-KHAM-9','2023-04-01','AKASH KULSUNDER',6320533904.0,NULL,'for','cash',NULL,330.0,5.0,1650.0,0.0,0.0,1650.0,0.0,0,0,3,1,3,3,30,NULL,48,56,43,52,32,2,100);
INSERT INTO "transactions_builty" VALUES(125,'UTCL-87','2023-04-07','MUKTAI H/W',6320534672.0,NULL,'for','cash',NULL,0.0,23.0,0.0,2810.0,0.0,0.0,42.0,0,0,1,1,1,1,58,3,1,67,2,10,1,3,460);
INSERT INTO "transactions_builty" VALUES(126,'UTCL-KHAM-10','2023-04-01','SANSKRUTI CONSTRUCTION',6320533494.0,NULL,'for','cash',NULL,550.0,20.0,11000.0,10000.0,0.0,1000.0,0.0,0,0,4,1,3,3,57,NULL,66,66,48,53,33,2,400);
INSERT INTO "transactions_builty" VALUES(127,'UTCL-88','2023-04-07','ORANGE ELETICAL WORKS',6320534671.0,NULL,'for','cash',NULL,0.0,23.0,0.0,2730.0,0.0,0.0,35.0,0,0,1,1,1,1,58,3,1,68,27,6,1,3,460);
INSERT INTO "transactions_builty" VALUES(128,'UTCL-89','2023-04-07','PRAKASH GEDAM',6320534674.0,NULL,'for','cash',NULL,0.0,17.0,0.0,2190.0,0.0,0.0,37.0,0,0,1,1,1,1,17,3,1,21,27,17,1,3,340);
INSERT INTO "transactions_builty" VALUES(129,'UTCL-KHAM-11','2023-04-01','SHRI BALAJI TRADERS',6320533795.0,NULL,'for','online',NULL,270.0,20.0,5400.0,4000.0,0.0,1400.0,0.0,0,0,9,1,3,3,31,NULL,48,69,56,55,34,2,400);
INSERT INTO "transactions_builty" VALUES(130,'UTCL-KHAM-12','2023-04-01','SHRI BALAJI TRADERS',6320533954.0,NULL,'for','cash',NULL,270.0,3.0,810.0,0.0,0.0,810.0,0.0,0,0,10,1,3,3,31,NULL,48,69,56,55,34,2,60);
INSERT INTO "transactions_builty" VALUES(131,'UTCL-KHAM-13','2023-04-01','SHRI MADHUBAN INDASTRIES',6320533909.0,NULL,'for','cash',NULL,200.0,10.0,2000.0,1300.0,0.0,-1300.0,0.0,0,0,9,1,3,3,32,NULL,48,70,44,14,1,2,200);
INSERT INTO "transactions_builty" VALUES(132,'UTCL-90','2023-04-07','RAVI BHAU DHOKE',6320534700.0,NULL,'for','online',NULL,320.0,17.0,5440.0,3500.0,0.0,1940.0,0.0,0,0,1,1,1,1,13,NULL,1,71,6,54,17,3,340);
INSERT INTO "transactions_builty" VALUES(133,'UTCL-91','2023-04-07','SHUBHAM H/W',6320534699.0,NULL,'for','cash',NULL,0.0,28.0,0.0,3450.0,0.0,0.0,30.0,0,0,1,1,1,1,22,3,1,7,6,1,1,3,560);
INSERT INTO "transactions_builty" VALUES(134,'UTCL-92','2023-04-07','SHREE VYANKATESH ERIGATION',6320534714.0,NULL,'for','cash',NULL,0.0,23.0,0.0,2680.0,0.0,0.0,45.0,0,0,1,1,1,1,12,3,1,3,1,4,1,3,460);
INSERT INTO "transactions_builty" VALUES(135,'UTCL-93','2023-04-07','AKSHAY CEMENT & BUILDING MATERIYAL',6320534729.0,NULL,'for','online',NULL,300.0,23.0,6900.0,5500.0,0.0,-5500.0,0.0,0,0,1,1,1,1,34,NULL,1,35,30,46,23,3,460);
INSERT INTO "transactions_builty" VALUES(136,'UTCL-94','2023-04-07','ASTIKAR TRADERS',6320534730.0,NULL,'for','cash',NULL,0.0,23.0,0.0,4000.0,0.0,0.0,40.0,0,0,1,1,1,1,7,3,1,33,18,12,1,3,460);
INSERT INTO "transactions_builty" VALUES(137,'UTCL-95','2023-04-07','ASHTIKAR TRADERS',6320534743.0,NULL,'for','cash',NULL,0.0,9.0,0.0,0.0,0.0,0.0,0.0,0,0,1,1,1,1,7,NULL,1,33,18,12,1,3,180);
INSERT INTO "transactions_builty" VALUES(138,'UTCL-KHAM-14','2023-04-01','RAJENDRA NIMKARDE',632053.0,NULL,'for','online',NULL,300.0,5.0,1500.0,1000.0,0.0,500.0,0.0,0,0,9,1,3,3,30,NULL,48,72,44,56,35,2,100);
INSERT INTO "transactions_builty" VALUES(139,'UTCL-KHAM-15','2023-04-01','SANJAY H/W',6320533938.0,NULL,'for','online',NULL,290.0,30.0,8700.0,9000.0,0.0,-300.0,0.0,0,0,9,1,3,3,23,NULL,48,52,58,58,37,2,600);
INSERT INTO "transactions_builty" VALUES(140,'UTCL-KHAM-16','2023-04-01','SANJAY H/W',3620533939.0,NULL,'for','online',NULL,290.0,5.0,1450.0,0.0,0.0,1450.0,0.0,0,0,9,1,3,3,23,NULL,48,52,58,58,37,2,100);
INSERT INTO "transactions_builty" VALUES(141,'UTCL-KHAM-17','2023-04-01','NAWALKISHOR MITTAL',3620533625.0,NULL,'for','online',NULL,260.0,20.0,5200.0,3800.0,0.0,1400.0,0.0,0,0,12,1,3,3,59,NULL,48,73,56,59,38,2,400);
INSERT INTO "transactions_builty" VALUES(142,'UTCL-KHAM-18','2023-04-01','BHAGWAT GAWANDE',6320533941.0,NULL,'for','online',NULL,300.0,5.0,1500.0,1000.0,0.0,500.0,0.0,0,0,9,1,3,3,30,NULL,48,74,44,60,39,2,100);
INSERT INTO "transactions_builty" VALUES(143,'UTCL-KHAM-19','2023-04-01','VAIBHAV TRADERS',6320533944.0,NULL,'for','online',NULL,380.0,5.0,1900.0,4500.0,0.0,-2600.0,0.0,0,0,10,1,3,3,45,NULL,48,75,51,61,32,2,100);
INSERT INTO "transactions_builty" VALUES(144,'UTCL-KHAM-20','2023-04-01','VAIBHAV TRADERS',6320533946.0,NULL,'for','online',NULL,380.0,13.0,4940.0,0.0,0.0,4940.0,0.0,0,0,9,1,3,3,45,NULL,48,75,51,61,32,2,260);
INSERT INTO "transactions_builty" VALUES(145,'UTCL-KHAM-21','2023-04-01','P.D.UKARDE',6320533945.0,NULL,'for','online',NULL,400.0,10.0,4000.0,0.0,0.0,4000.0,0.0,0,0,9,1,3,3,30,NULL,48,76,46,62,40,2,200);
INSERT INTO "transactions_builty" VALUES(146,'UTCL-KHAM-22','2023-04-01','TULJAI H/W',6320533936.0,NULL,'for','cash',NULL,270.0,15.0,4050.0,3000.0,0.0,1050.0,0.0,0,0,9,1,3,3,60,NULL,48,69,56,63,41,2,300);
INSERT INTO "transactions_builty" VALUES(147,'UTCL-KHAM-23','2023-04-01','BHAVANI H/W',6320533948.0,NULL,'for','online',NULL,280.0,10.0,2800.0,2000.0,0.0,800.0,0.0,0,0,9,1,3,3,25,NULL,48,69,56,64,42,2,200);
INSERT INTO "transactions_builty" VALUES(148,'UTCL-KHAM-24','2023-04-01','BHAVANI H/W',6320533949.0,NULL,'for','online',NULL,280.0,16.0,4480.0,3500.0,0.0,980.0,0.0,0,0,9,1,3,3,25,NULL,48,69,56,65,42,2,320);
INSERT INTO "transactions_builty" VALUES(149,'UTCL-KHAM-25','2023-04-01','AYUSH H/W',6320533947.0,NULL,'for','cash',NULL,420.0,2.0,840.0,8000.0,0.0,-7160.0,0.0,0,0,9,1,3,3,30,NULL,48,49,55,66,43,2,40);
INSERT INTO "transactions_builty" VALUES(150,'UTCL-KHAM-26','2023-04-01','OM DAHI BHAT',6320533950.0,NULL,'for','online',NULL,320.0,5.0,1600.0,1000.0,0.0,600.0,0.0,0,0,9,1,3,3,32,NULL,48,77,45,67,44,2,100);
INSERT INTO "transactions_builty" VALUES(151,'UTCL-KHAM-27','2023-04-02','NAWALKISHOR MITTAL',6320533956.0,NULL,'for','online',NULL,280.0,20.0,5600.0,5500.0,0.0,100.0,0.0,0,0,12,1,3,3,59,NULL,48,73,56,55,34,2,400);
INSERT INTO "transactions_builty" VALUES(152,'UTCL-KHAM-28','2023-04-02','GURUKRUPA H/W',6320533957.0,NULL,'for','online',NULL,320.0,5.0,1600.0,1000.0,0.0,600.0,0.0,0,0,9,1,3,3,30,NULL,48,78,50,68,45,2,100);
INSERT INTO "transactions_builty" VALUES(153,'UTCL-KHAM-29','2023-04-02','SAVAJI & SONS',6320533604.0,NULL,'for','online',NULL,420.0,10.0,4200.0,6000.0,0.0,-1800.0,0.0,0,0,10,1,3,3,44,NULL,48,79,43,69,46,2,200);
INSERT INTO "transactions_builty" VALUES(154,'UTCL-KHAM-30','2023-04-02','SAVAJI & SONS',6320533605.0,NULL,'for','online',NULL,420.0,10.0,4200.0,0.0,0.0,4200.0,0.0,0,0,10,1,3,3,44,NULL,48,79,43,69,46,2,200);
INSERT INTO "transactions_builty" VALUES(155,'UTCL-KHAM-31','2023-04-02','SHIVKRUPA H/W',6320533993.0,NULL,'for','online',NULL,370.0,15.0,5550.0,4300.0,0.0,1250.0,0.0,0,0,9,1,3,3,30,NULL,80,80,51,63,41,2,300);
INSERT INTO "transactions_builty" VALUES(156,'UTCL-KHAM-32','2023-04-02','TAWARI TRADERS',6320534001.0,NULL,'for','cash',NULL,380.0,13.0,4940.0,5700.0,0.0,-760.0,0.0,0,0,9,1,3,3,47,NULL,48,75,51,59,38,2,260);
INSERT INTO "transactions_builty" VALUES(157,'UTCL-KHAM-33','2023-04-02','VISHAL PATIL',6320533995.0,NULL,'for','online',NULL,380.0,7.0,2660.0,0.0,0.0,2660.0,0.0,0,0,9,1,3,3,45,NULL,48,75,51,59,38,2,140);
INSERT INTO "transactions_builty" VALUES(158,'UTCL-KHAM-34','2023-04-02','MAULI TRADERS',6320534022.0,NULL,'for','online',NULL,320.0,5.0,1600.0,1000.0,0.0,600.0,0.0,0,0,9,1,3,3,30,NULL,48,73,56,68,45,2,100);
INSERT INTO "transactions_builty" VALUES(159,'UTCL-KHAM-35','2023-04-02','SHRI BALAJI TRADERS',6320534044.0,NULL,'for','online',NULL,0.0,10.0,0.0,1900.0,0.0,0.0,0.0,0,0,9,1,3,3,31,NULL,48,69,56,14,1,2,200);
INSERT INTO "transactions_builty" VALUES(160,'UTCL-KHAM-36','2023-04-02','SHRI BALAJI TRADERS',6320534058.0,NULL,'for','cash',NULL,0.0,1.0,0.0,0.0,0.0,0.0,0.0,0,0,9,1,3,3,31,NULL,48,69,56,14,1,2,20);
INSERT INTO "transactions_builty" VALUES(161,'UTCL-KHAM-37','2023-04-02','SHRI BALAJI TRADERS',632053.0,NULL,'for','cash',NULL,0.0,5.0,0.0,0.0,0.0,0.0,0.0,0,0,9,1,3,3,31,NULL,48,69,56,14,1,2,100);
INSERT INTO "transactions_builty" VALUES(162,'UTCL-KHAM-38','2023-04-02','CEMENT HOUSE MOTALA',6320533960.0,NULL,'for','cash',NULL,370.0,10.0,3700.0,8000.0,0.0,-4300.0,0.0,0,0,9,1,3,3,37,NULL,48,81,61,66,43,2,200);
INSERT INTO "transactions_builty" VALUES(163,'UTCL-KHAM-39','2023-04-02','CEMENT HOUSE MOTALA',6320533961.0,NULL,'for','online',NULL,370.0,15.0,5550.0,0.0,0.0,5550.0,0.0,0,0,9,1,3,3,37,NULL,48,81,61,66,43,2,300);
INSERT INTO "transactions_builty" VALUES(164,'UTCL-KHAM-40','2023-04-02','CEMENT HOUSE MOTALA',6320534023.0,NULL,'for','online',NULL,370.0,3.0,1110.0,0.0,0.0,1110.0,0.0,0,0,9,1,3,3,37,NULL,48,81,61,66,43,2,60);
INSERT INTO "transactions_builty" VALUES(165,'UTCL-96','2023-04-08','KASTURI ENTERPRISES',6320534797.0,NULL,'for','cash',NULL,0.0,17.0,0.0,1800.0,0.0,0.0,45.0,0,0,1,1,1,1,2,1,17,82,36,16,1,3,340);
INSERT INTO "transactions_builty" VALUES(166,'UTCL-KHAM-41','2023-04-02','SANSKRUTI CONSTRATION',6320534060.0,NULL,'for','cash',NULL,0.0,30.0,0.0,3600.0,0.0,0.0,0.0,0,0,11,1,3,3,61,NULL,48,83,48,10,1,2,600);
INSERT INTO "transactions_builty" VALUES(167,'UTCL-KHAM-42','2023-04-02','NAWALKISHOR MITTAL',6320533957.0,NULL,'for','online',NULL,280.0,28.0,7840.0,7000.0,0.0,840.0,0.0,0,0,12,1,3,3,59,NULL,48,73,56,70,47,2,560);
INSERT INTO "transactions_builty" VALUES(168,'UTCL-97','2023-04-08','VIDARBHA TRADERS',6320534798.0,NULL,'for','cash',NULL,0.0,17.0,0.0,2020.0,0.0,0.0,27.0,0,0,1,1,1,1,62,1,17,10,6,15,1,3,340);
INSERT INTO "transactions_builty" VALUES(169,'UTCL-KHAM-43','2023-04-02','ABS CEMENT STRUCTURALS COMPANY BULDHANA',6320534064.0,NULL,'for','online',NULL,0.0,23.0,0.0,2930.0,0.0,0.0,0.0,0,0,11,1,3,3,63,NULL,48,84,72,5,1,2,460);
INSERT INTO "transactions_builty" VALUES(170,'UTCL-KHAM-44','2023-04-02','ABS CEMENT STRUCTURALS COMPANY BULDHANA',6320534065.0,NULL,'for','cash',NULL,0.0,23.0,0.0,2930.0,0.0,0.0,0.0,0,0,11,1,3,3,63,NULL,48,84,72,11,1,2,460);
INSERT INTO "transactions_builty" VALUES(171,'UTCL-KHAM-45','2023-04-02','ABS CEMENT STRUCTURALS COMPANY BULDHANA',6320534066.0,NULL,'for','online',NULL,400.0,24.0,9600.0,0.0,0.0,9600.0,0.0,0,0,11,1,3,3,63,NULL,48,84,72,71,49,2,480);
INSERT INTO "transactions_builty" VALUES(172,'UTCL-KHAM-46','2023-04-02','ABS CEMENT STRUCTURALS COMPANY BULDHANA',6320534067.0,NULL,'for','cash',NULL,400.0,24.8,9920.0,0.0,0.0,9920.0,0.0,0,0,11,1,3,3,63,NULL,48,84,72,72,49,2,496);
INSERT INTO "transactions_builty" VALUES(173,'UTCL-KHAM-47','2023-04-02','NAWALKISHOR MITTAL',6320534056.0,NULL,'for','cash',NULL,0.0,14.0,0.0,0.0,0.0,0.0,0.0,0,0,12,1,3,3,59,NULL,48,73,56,9,1,2,280);
INSERT INTO "transactions_builty" VALUES(174,'UTCL-98','2023-04-09','NILESH WELDING WORK SHOP',6320534867.0,NULL,'for','cash',NULL,0.0,10.0,0.0,1800.0,0.0,0.0,38.0,0,0,1,1,1,1,12,1,17,18,29,17,1,3,200);
INSERT INTO "transactions_builty" VALUES(175,'UTCL-99','2023-04-09','NILESH WELDING WORK SHOP',6320534868.0,NULL,'for','cash',NULL,0.0,7.0,0.0,0.0,0.0,0.0,0.0,0,0,1,1,1,1,12,NULL,17,18,29,17,1,3,140);
INSERT INTO "transactions_builty" VALUES(176,'UTCL-KHAM-48','2023-04-02','NAWALKISHOR MITTAL',6320534055.0,NULL,'for','cash',NULL,0.0,12.0,0.0,3820.0,0.0,0.0,0.0,0,0,12,1,3,3,59,NULL,48,73,56,9,1,2,240);
INSERT INTO "transactions_builty" VALUES(177,'UTCL-KHAM-49','2023-04-02','NAWALKISHOR MITTAL',63205340.0,NULL,'for','cash',NULL,0.0,6.0,0.0,0.0,0.0,0.0,0.0,0,0,12,1,3,3,59,NULL,48,73,56,9,1,2,120);
INSERT INTO "transactions_builty" VALUES(178,'UTCL-KHAM-50','2023-04-03','GANESH K.K,.',6320534107.0,NULL,'for','online',NULL,320.0,5.0,1600.0,1000.0,0.0,600.0,0.0,0,0,9,1,3,3,30,NULL,48,85,45,60,39,2,100);
INSERT INTO "transactions_builty" VALUES(179,'UTCL-KHAM-51','2023-04-03','VISHAL KALE',6320534094.0,NULL,'for','online',NULL,280.0,5.0,1400.0,5000.0,0.0,-3600.0,0.0,0,0,10,1,3,3,24,NULL,55,86,56,59,38,2,100);
INSERT INTO "transactions_builty" VALUES(180,'UTCL-KHAM-52','2023-04-03','VISHAL KALE',6320534095.0,NULL,'for','online',NULL,280.0,15.0,4200.0,0.0,0.0,4200.0,0.0,0,0,9,1,3,3,24,NULL,55,86,56,59,38,2,300);
INSERT INTO "transactions_builty" VALUES(181,'UTCL-KHAM-53','2023-04-03','ANMOL K.K.',6320534109.0,NULL,'for','cash',NULL,0.0,10.0,0.0,1800.0,0.0,0.0,0.0,0,0,9,1,3,3,30,NULL,55,87,73,14,1,2,200);
INSERT INTO "transactions_builty" VALUES(182,'UTCL-KHAM-54','2023-04-03','ANMOL K.K.',6320534130.0,NULL,'for','cash',NULL,0.0,5.0,0.0,0.0,0.0,0.0,0.0,0,0,10,1,3,3,30,NULL,55,87,73,14,1,2,100);
INSERT INTO "transactions_builty" VALUES(183,'UTCL-KHAM-55','2023-04-03','JAI MATA DI TRADERS',6320534106.0,NULL,'for','online',NULL,350.0,18.0,6300.0,5000.0,0.0,1300.0,0.0,0,0,9,1,3,3,30,NULL,55,88,57,61,32,2,360);
INSERT INTO "transactions_builty" VALUES(184,'UTCL-KHAM-56','2023-04-03','HIMMAT BHAU PAWAR',6320534151.0,NULL,'for','online',NULL,300.0,5.0,1500.0,1000.0,0.0,500.0,0.0,0,0,10,1,3,3,30,NULL,55,89,44,60,39,2,100);
INSERT INTO "transactions_builty" VALUES(185,'UTCL-KHAM-57','2023-04-03','DR. BADHE',6320534108.0,NULL,'for','online',NULL,320.0,5.0,1600.0,1000.0,0.0,600.0,0.0,0,0,9,1,3,3,30,NULL,55,78,50,67,44,2,100);
INSERT INTO "transactions_builty" VALUES(186,'UTCL-KHAM-58','2023-04-03','JAISING SOLANKE',6320534154.0,NULL,'for','online',NULL,300.0,5.0,1500.0,1000.0,0.0,500.0,0.0,0,0,9,1,3,3,30,NULL,55,90,44,73,50,2,100);
INSERT INTO "transactions_builty" VALUES(187,'UTCL-KHAM-59','2023-04-03','SHAIKH JAKIR',6320534153.0,NULL,'for','online',NULL,300.0,5.0,1500.0,1000.0,0.0,500.0,0.0,0,0,9,1,3,3,30,NULL,55,72,44,73,50,2,100);
INSERT INTO "transactions_builty" VALUES(188,'UTCL-KHAM-60','2023-04-03','CEMENT HOUSE CHIKHALI',6320534172.0,NULL,'for','online',NULL,400.0,15.0,6000.0,9000.0,0.0,-3000.0,0.0,0,0,9,1,3,3,29,NULL,55,79,43,74,51,2,300);
INSERT INTO "transactions_builty" VALUES(189,'UTCL-KHAM-61','2023-04-03','CEMENT HOUSE CHIKHALI',6320534178.0,NULL,'for','online',NULL,400.0,10.0,4000.0,0.0,0.0,4000.0,0.0,0,0,9,1,3,3,29,NULL,55,79,43,74,51,2,200);
INSERT INTO "transactions_builty" VALUES(190,'UTCL-KHAM-62','2023-04-03','SHIVA WELDING',6320534179.0,NULL,'for','online',NULL,370.0,5.0,1850.0,5500.0,0.0,-3650.0,0.0,0,0,9,1,3,3,46,NULL,55,91,74,49,26,2,100);
INSERT INTO "transactions_builty" VALUES(191,'UTCL-KHAM-63','2023-04-03','KRISHNAKRUPA SALES',6320534180.0,NULL,'for','online',NULL,370.0,13.0,4810.0,0.0,0.0,4810.0,0.0,0,0,9,1,3,3,46,NULL,92,92,74,49,26,2,260);
INSERT INTO "transactions_builty" VALUES(192,'UTCL-KHAM-64','2023-04-03','TIRUPATI H/W',6320534156.0,NULL,'for','online',NULL,280.0,15.0,4200.0,3300.0,0.0,900.0,0.0,0,0,9,1,3,3,23,NULL,55,52,58,63,41,2,300);
INSERT INTO "transactions_builty" VALUES(193,'UTCL-KHAM-65','2023-04-03','RAM KARANDE',6320534186.0,NULL,'for','online',NULL,420.0,14.0,5880.0,10000.0,0.0,-4120.0,0.0,0,0,9,1,3,3,44,NULL,55,93,43,70,47,2,280);
INSERT INTO "transactions_builty" VALUES(194,'UTCL-KHAM-66','2023-04-03','RAM KARANDE',6320534187.0,NULL,'for','online',NULL,420.0,14.0,5880.0,0.0,0.0,5880.0,0.0,0,0,9,1,3,3,44,NULL,55,93,43,70,47,2,280);
INSERT INTO "transactions_builty" VALUES(195,'UTCL-KHAM-67','2023-04-03','TIRUPATI H/W',6320531457.0,NULL,'for','online',NULL,280.0,5.0,1400.0,3500.0,0.0,-2100.0,0.0,0,0,9,1,3,3,23,NULL,55,52,58,55,34,2,100);
INSERT INTO "transactions_builty" VALUES(196,'UTCL-KHAM-68','2023-04-03','TIRUPATI H/W',6320534191.0,NULL,'for','online',NULL,280.0,5.0,1400.0,0.0,0.0,1400.0,0.0,0,0,9,1,3,3,23,NULL,55,52,58,55,34,2,100);
INSERT INTO "transactions_builty" VALUES(197,'UTCL-KHAM-69','2023-04-03','ADINATH AGENCY',6320534198.0,NULL,'for','online',NULL,280.0,5.0,1400.0,0.0,0.0,1400.0,0.0,0,0,9,1,3,3,23,NULL,55,52,58,55,34,2,100);
INSERT INTO "transactions_builty" VALUES(198,'UTCL-KHAM-70','2023-04-03','JANTA TRADERS',6320534195.0,NULL,'for','online',NULL,380.0,18.0,6840.0,6500.0,0.0,340.0,0.0,0,0,9,1,3,3,64,NULL,94,94,61,75,52,2,360);
INSERT INTO "transactions_builty" VALUES(199,'UTCL-KHAM-71','2023-04-03','JANTA TRADERS',6320534196.0,NULL,'for','online',NULL,380.0,2.0,760.0,0.0,0.0,760.0,0.0,0,0,9,1,3,3,64,NULL,55,94,61,75,52,2,40);
INSERT INTO "transactions_builty" VALUES(200,'UTCL-KHAM-72','2023-04-03','JANTA TRADERS',6320534192.0,NULL,'for','cash',NULL,0.0,5.0,0.0,2930.0,0.0,0.0,0.0,0,0,9,1,3,3,65,NULL,95,95,72,8,1,2,100);
INSERT INTO "transactions_builty" VALUES(201,'UTCL-KHAM-73','2023-04-03','RAHUL TAYDE',6320534113.0,NULL,'for','cash',NULL,0.0,13.0,0.0,0.0,0.0,0.0,0.0,0,0,9,1,3,3,65,NULL,55,96,75,8,1,2,260);
INSERT INTO "transactions_builty" VALUES(202,'UTCL-KHAM-74','2023-04-03','BANTI CHOPDA',6320534182.0,NULL,'for','cash',NULL,0.0,13.0,0.0,3500.0,0.0,0.0,0.0,0,0,9,1,3,3,44,NULL,55,97,76,9,1,2,260);
INSERT INTO "transactions_builty" VALUES(203,'UTCL-KHAM-75','2023-04-03','BANTI CHOPDA',6320534183.0,NULL,'for','cash',NULL,0.0,1.5,0.0,0.0,0.0,0.0,0.0,0,0,9,1,3,3,44,NULL,55,97,76,9,1,2,30);
INSERT INTO "transactions_builty" VALUES(204,'UTCL-KHAM-76','2023-04-03','BANTI CHOPDA',6320534184.0,NULL,'for','cash',NULL,0.0,13.7,0.0,0.0,0.0,0.0,0.0,0,0,9,1,3,3,44,NULL,55,97,76,9,1,2,274);
INSERT INTO "transactions_builty" VALUES(205,'UTCL-KHAM-77','2023-04-04','AMBIKA H/W',6320534204.0,NULL,'for','online',NULL,500.0,5.0,2500.0,5000.0,0.0,-2500.0,0.0,0,0,10,1,3,3,66,NULL,48,84,72,76,53,2,100);
INSERT INTO "transactions_builty" VALUES(206,'UTCL-KHAM-78','2023-04-04','AMBIKA H/W',6320534205.0,NULL,'for','online',NULL,500.0,7.0,3500.0,0.0,0.0,3500.0,0.0,0,0,9,1,3,3,66,NULL,48,98,68,76,53,2,140);
INSERT INTO "transactions_builty" VALUES(207,'UTCL-KHAM-79','2023-04-03','RAHUL TAYDE',6320534194.0,NULL,'for','cash',NULL,0.0,5.0,0.0,0.0,0.0,0.0,0.0,0,0,10,1,3,3,65,NULL,55,96,75,8,1,2,100);
INSERT INTO "transactions_builty" VALUES(208,'UTCL-KHAM-80','2023-04-04','BHAGYODAY TRADERS',6320534175.0,NULL,'for','online',NULL,270.0,15.0,4050.0,4000.0,0.0,50.0,0.0,0,0,9,1,3,3,24,NULL,48,69,56,59,38,2,300);
INSERT INTO "transactions_builty" VALUES(209,'UTCL-KHAM-81','2023-04-04','BHAGYODAY TRADERS',6320534176.0,NULL,'for','online',NULL,270.0,5.0,1350.0,0.0,0.0,1350.0,0.0,0,0,10,1,3,3,24,NULL,48,69,56,59,38,2,100);
INSERT INTO "transactions_builty" VALUES(210,'UTCL-KHAM-82','2023-04-03','GAJANAN H/W',6320534220.0,NULL,'for','online',NULL,500.0,5.0,2500.0,11500.0,0.0,-9000.0,0.0,0,0,10,1,3,3,40,NULL,55,99,77,77,54,2,100);
INSERT INTO "transactions_builty" VALUES(211,'UTCL-KHAM-83','2023-04-03','GAJANAN H/W',6320534221.0,NULL,'for','online',NULL,500.0,18.0,9000.0,0.0,0.0,9000.0,0.0,0,0,9,1,3,3,40,NULL,55,99,77,77,54,2,360);
INSERT INTO "transactions_builty" VALUES(212,'UTCL-KHAM-84','2023-04-03','GAJANAN H/W',6320534222.0,NULL,'for','online',NULL,500.0,2.0,1000.0,0.0,0.0,1000.0,0.0,0,0,9,1,3,3,40,NULL,55,99,77,77,54,2,40);
INSERT INTO "transactions_builty" VALUES(213,'UTCL-KHAM-85','2023-04-04','JANTA TRADERS',6320534264.0,NULL,'for','online',NULL,470.0,5.0,2350.0,10500.0,0.0,-8150.0,0.0,0,0,10,1,3,3,65,NULL,48,95,75,78,55,2,100);
INSERT INTO "transactions_builty" VALUES(214,'UTCL-KHAM-86','2023-04-04','AKSHAY PALKAR',632053.0,NULL,'for','online',NULL,470.0,20.0,9400.0,0.0,0.0,9400.0,0.0,0,0,9,1,3,3,65,NULL,100,100,75,78,55,2,400);
INSERT INTO "transactions_builty" VALUES(215,'UTCL-KHAM-87','2023-04-04','ISMAIL THEKEDAR',6320534269.0,NULL,'for','online',NULL,320.0,5.0,1600.0,1000.0,0.0,600.0,0.0,0,0,9,1,3,3,30,NULL,48,85,45,68,45,2,100);
INSERT INTO "transactions_builty" VALUES(216,'UTCL-100','2023-04-10','SAMARTH CEMENT TRADERS',6320534934.0,NULL,'for','cash',NULL,0.0,15.0,0.0,1900.0,0.0,0.0,24.0,0,0,1,1,1,1,13,1,17,101,6,15,1,3,300);
INSERT INTO "transactions_builty" VALUES(217,'UTCL-101','2023-04-10','SAMATRH CEMENT TRADERS',6320534935.0,NULL,'for','cash',NULL,0.0,2.0,0.0,0.0,0.0,0.0,0.0,0,0,1,1,1,1,13,NULL,17,101,6,15,1,3,40);
INSERT INTO "transactions_builty" VALUES(218,'UTCL-KHAM-88','2023-04-04','SANT NAGRI MULTISPECIALITY',6320534243.0,NULL,'for','online',NULL,270.0,20.0,5400.0,3500.0,0.0,1900.0,0.0,0,0,11,1,3,3,67,NULL,48,69,56,55,34,2,400);
INSERT INTO "transactions_builty" VALUES(219,'UTCL-KHAM-89','2023-04-04','SANSKRUTI CONSTRUCTION',6320534247.0,NULL,'for','cash',NULL,0.0,20.0,0.0,2830.0,0.0,0.0,0.0,0,0,11,1,3,3,68,NULL,48,83,48,8,1,2,400);
INSERT INTO "transactions_builty" VALUES(220,'UTCL-KHAM-90','2023-04-04','SANT NAGRI MULTISPECIALITY',6320534245.0,NULL,'for','online',NULL,270.0,30.0,8100.0,6000.0,0.0,2100.0,0.0,0,0,11,1,3,3,67,NULL,48,69,56,79,47,2,600);
INSERT INTO "transactions_builty" VALUES(221,'UTCL-KHAM-91','2023-04-04','SANT NAGRI MULTISPECIALITY',6320534246.0,NULL,'for','online',NULL,270.0,30.0,8100.0,5800.0,0.0,2300.0,0.0,0,0,11,1,3,3,67,NULL,48,69,56,52,32,2,600);
INSERT INTO "transactions_builty" VALUES(222,'UTCL-KHAM-92','2023-04-04','SHREE AWAJISIDDHA BUILDING MATERIAL',6320534242.0,NULL,'for','online',NULL,370.0,18.0,6660.0,4500.0,0.0,2160.0,0.0,0,0,9,1,3,3,45,NULL,48,102,51,61,32,2,360);
INSERT INTO "transactions_builty" VALUES(223,'UTCL-KHAM-93','2023-04-04','PRAKASH SAWANG',6320534267.0,NULL,'for','online',NULL,360.0,5.0,1800.0,1000.0,0.0,800.0,0.0,0,0,10,1,3,3,30,NULL,48,103,66,80,56,2,100);
INSERT INTO "transactions_builty" VALUES(224,'UTCL-KHAM-94','2023-04-04','SAMEER STEEL C/O YUSUF KHAN',6320534281.0,NULL,'for','online',NULL,320.0,5.0,1600.0,1000.0,0.0,600.0,0.0,0,0,9,1,3,3,30,NULL,48,104,45,68,45,2,100);
INSERT INTO "transactions_builty" VALUES(225,'UTCL-KHAM-95','2023-04-04','PRIYA H/W',6320534249.0,NULL,'for','cash',NULL,0.0,5.0,0.0,1900.0,0.0,0.0,0.0,0,0,10,1,3,3,69,NULL,48,105,74,14,1,2,100);
INSERT INTO "transactions_builty" VALUES(226,'UTCL-KHAM-96','2023-04-04','PRIYA H/W',6320534250.0,NULL,'for','cash',NULL,0.0,5.0,0.0,0.0,0.0,0.0,0.0,0,0,9,1,3,3,69,NULL,48,105,74,14,1,2,100);
INSERT INTO "transactions_builty" VALUES(227,'UTCL-KHAM-97','2023-04-04','SAMEER STEEL C/O SAMEER PATHAN',36320534283.0,NULL,'for','online',NULL,360.0,5.0,1800.0,1000.0,0.0,800.0,0.0,0,0,9,1,3,3,30,NULL,48,106,45,80,56,2,100);
INSERT INTO "transactions_builty" VALUES(228,'UTCL-KHAM-98','2023-04-04','ANIL KAMBLE',6320534273.0,NULL,'for','cash',NULL,0.0,30.0,0.0,3600.0,0.0,0.0,0.0,0,0,9,1,3,3,48,NULL,48,107,43,11,1,2,600);
INSERT INTO "transactions_builty" VALUES(229,'UTCL-KHAM-99','2023-04-04','TULJAI H/W',6320534270.0,NULL,'for','cash',NULL,0.0,23.0,0.0,2830.0,0.0,0.0,0.0,0,0,9,1,3,3,60,NULL,48,69,56,7,1,2,460);
INSERT INTO "transactions_builty" VALUES(230,'UTCL-KHAM-100','2023-04-04','SURESH BAHURUPI',6320534230.0,NULL,'for','online',NULL,360.0,5.0,1800.0,1000.0,0.0,800.0,0.0,0,0,9,1,3,3,30,NULL,48,85,45,81,3,2,100);
INSERT INTO "transactions_builty" VALUES(231,'UTCL-KHAM-101','2023-04-04','NITIN GHORE',6320534236.0,NULL,'for','online',NULL,340.0,5.0,1700.0,1000.0,0.0,700.0,0.0,0,0,9,1,3,3,30,NULL,48,103,66,60,39,2,100);
INSERT INTO "transactions_builty" VALUES(232,'UTCL-KHAM-102','2023-04-04','VITTHAL DESHMUKH',6320534309.0,NULL,'for','online',NULL,340.0,5.0,1700.0,1000.0,0.0,700.0,0.0,0,0,9,1,3,3,30,NULL,48,90,44,80,56,2,100);
INSERT INTO "transactions_builty" VALUES(233,'UTCL-KHAM-103','2023-04-04','SANSKRUTI ENTERPRISES',6320534313.0,NULL,'for','online',NULL,340.0,10.0,3400.0,3700.0,0.0,-300.0,0.0,0,0,10,1,3,3,47,NULL,48,108,74,63,41,2,200);
INSERT INTO "transactions_builty" VALUES(234,'UTCL-KHAM-104','2023-04-04','SANSKRUTI ENTERPRISES',6320534318.0,NULL,'for','online',NULL,340.0,5.0,1700.0,0.0,0.0,1700.0,0.0,0,0,9,1,3,3,47,NULL,48,92,74,63,41,2,100);
INSERT INTO "transactions_builty" VALUES(235,'UTCL-KHAM-105','2023-04-04','BHAGYODAY TRADERS',6320534328.0,NULL,'for','online',NULL,270.0,20.0,5400.0,4000.0,0.0,1400.0,0.0,0,0,9,1,3,3,24,NULL,48,69,56,59,38,2,400);
INSERT INTO "transactions_builty" VALUES(236,'UTCL-KHAM-106','2023-04-04','VISHAD TRADERS',6320534251.0,NULL,'for','online',NULL,420.0,10.0,4200.0,8000.0,0.0,-3800.0,0.0,0,0,9,1,3,3,70,NULL,48,109,46,66,43,2,200);
INSERT INTO "transactions_builty" VALUES(237,'UTCL-KHAM-107','2023-04-04','VISHAD TRADERS',6320534252.0,NULL,'for','online',NULL,420.0,10.0,4200.0,0.0,0.0,4200.0,0.0,0,0,10,1,3,3,70,NULL,48,109,46,66,43,2,200);
INSERT INTO "transactions_builty" VALUES(238,'UTCL-KHAM-108','2023-04-04','VISHAD TRADERS',6320534343.0,NULL,'for','online',NULL,420.0,7.0,2940.0,0.0,0.0,2940.0,0.0,0,0,9,1,3,3,70,NULL,48,109,46,66,43,2,140);
INSERT INTO "transactions_builty" VALUES(239,'UTCL-KHAM-109','2023-04-04','SAMEER STEEL C/O SAMEER KUMAR',6320534338.0,NULL,'for','online',NULL,360.0,5.0,1800.0,1000.0,0.0,800.0,0.0,0,0,9,1,3,3,30,NULL,48,110,45,60,39,2,100);
INSERT INTO "transactions_builty" VALUES(240,'UTCL-KHAM-110','2023-04-04','JAI GAJANAN H/W',6320534299.0,NULL,'for','online',NULL,360.0,5.0,1800.0,1000.0,0.0,800.0,0.0,0,0,9,1,3,3,30,NULL,48,111,50,80,56,2,100);
INSERT INTO "transactions_builty" VALUES(241,'UTCL-KHAM-111','2023-04-04','JAGANNATH BHOLE',6320534352.0,NULL,'for','online',NULL,300.0,2.5,750.0,1000.0,0.0,-250.0,0.0,0,0,9,1,3,3,30,NULL,48,112,44,68,45,2,50);
INSERT INTO "transactions_builty" VALUES(242,'UTCL-KHAM-112','2023-04-04','JAGANNATH BHOLE',6320534353.0,NULL,'for','cash',NULL,300.0,4.0,1200.0,0.0,0.0,1200.0,0.0,0,0,10,1,3,3,30,NULL,48,112,44,68,45,2,80);
INSERT INTO "transactions_builty" VALUES(243,'UTCL-KHAM-113','2023-04-04','CHAVHAN SAHEB',6320534336.0,NULL,'for','online',NULL,360.0,5.0,1800.0,1000.0,0.0,800.0,0.0,0,0,10,1,3,3,30,NULL,48,85,45,82,50,2,100);
INSERT INTO "transactions_builty" VALUES(244,'UTCL-KHAM-114','2023-04-04','SHRIKRUPA H/W',6320534229.0,NULL,'for','online',NULL,370.0,20.0,7400.0,6000.0,0.0,1400.0,0.0,0,0,9,1,3,3,30,NULL,48,80,51,55,34,2,400);
INSERT INTO "transactions_builty" VALUES(245,'UTCL-KHAM-115','2023-04-04','SHREE TRADERS',6320534359.0,NULL,'for','online',NULL,400.0,20.0,8000.0,5800.0,0.0,2200.0,0.0,0,0,9,1,3,3,71,NULL,48,113,51,83,57,2,400);
INSERT INTO "transactions_builty" VALUES(246,'UTCL-KHAM-116','2023-04-04','N.M.AGRAWAL C/O GANESH SHIV',6320534341.0,NULL,'for','online',NULL,440.0,14.0,6160.0,0.0,0.0,6160.0,0.0,0,0,9,1,3,3,39,NULL,48,114,75,84,50,2,280);
INSERT INTO "transactions_builty" VALUES(247,'UTCL-KHAM-117','2023-04-04','SANT NAGRI MULTISPECIIALITY',6320534246.0,NULL,'for','online',NULL,270.0,32.0,8640.0,6000.0,0.0,2640.0,0.0,0,0,11,1,3,3,67,NULL,48,69,56,70,47,2,640);
INSERT INTO "transactions_builty" VALUES(248,'UTCL-KHAM-118','2023-04-04','SANT NAGRI MULTISPECIALITY',6320534396.0,NULL,'for','online',NULL,270.0,3.0,810.0,3700.0,0.0,-2890.0,0.0,0,0,11,1,3,3,67,NULL,48,69,56,83,57,2,60);
INSERT INTO "transactions_builty" VALUES(249,'UTCL-KHAM-119','2023-04-04','SANT NAGRI MULTISPECIALITY',6320534397.0,NULL,'for','online',NULL,270.0,13.0,3510.0,0.0,0.0,3510.0,0.0,0,0,11,1,3,3,67,NULL,48,69,56,83,57,2,260);
INSERT INTO "transactions_builty" VALUES(250,'UTCL-KHAM-120','2023-04-04','SANT NAGRI MULTISPECIALITY',6320534398.0,NULL,'for','online',NULL,270.0,3.0,810.0,0.0,0.0,810.0,0.0,0,0,11,1,3,3,67,NULL,48,69,56,83,57,2,60);
INSERT INTO "transactions_builty" VALUES(251,'UTCL-KHAM-121','2023-04-04','SANT NAGRI MULTISPECIALITY',6320534399.0,NULL,'for','online',NULL,270.0,1.0,270.0,0.0,0.0,270.0,0.0,0,0,11,1,3,3,67,NULL,48,69,56,83,57,2,20);
INSERT INTO "transactions_builty" VALUES(252,'UTCL-KHAM-122','2023-04-04','RATHI TRADING COMPANY C/O NANDU GAYAKWAD',6320534334.0,NULL,'for','online',NULL,400.0,32.0,12800.0,11500.0,0.0,1300.0,0.0,0,0,9,1,3,3,39,NULL,48,116,57,86,59,2,640);
INSERT INTO "transactions_builty" VALUES(253,'UTCL-KHAM-123','2023-04-04','AKASH DILIP KULSUNDAR',6320534392.0,NULL,'for','cash',NULL,0.0,30.0,0.0,3700.0,0.0,0.0,0.0,0,0,9,1,3,3,30,NULL,48,56,43,5,1,2,600);
INSERT INTO "transactions_builty" VALUES(254,'UTCL-KHAM-124','2023-04-04','JADHAV SIR WADAV',6320534262.0,NULL,'for','online',NULL,520.0,13.0,6760.0,10700.0,0.0,-3940.0,0.0,0,0,9,1,3,3,72,NULL,48,115,78,85,58,2,260);
INSERT INTO "transactions_builty" VALUES(255,'UTCL-KHAM-125','2023-04-04','JADHAV SIR',6320534263.0,NULL,'for','online',NULL,520.0,10.0,5200.0,0.0,0.0,5200.0,0.0,0,0,10,1,3,3,72,NULL,48,115,78,85,58,2,200);
CREATE UNIQUE INDEX "django_content_type_app_label_model_76bd3d3b_uniq" ON "django_content_type" ("app_label", "model");
CREATE UNIQUE INDEX "auth_group_permissions_group_id_permission_id_0cd325b0_uniq" ON "auth_group_permissions" ("group_id", "permission_id");
CREATE INDEX IF NOT EXISTS "auth_group_permissions_group_id_b120cbf9" ON "auth_group_permissions" ("group_id");
CREATE INDEX IF NOT EXISTS "auth_group_permissions_permission_id_84c5c92e" ON "auth_group_permissions" ("permission_id");
CREATE UNIQUE INDEX "auth_permission_content_type_id_codename_01ab375a_uniq" ON "auth_permission" ("content_type_id", "codename");
CREATE INDEX IF NOT EXISTS "auth_permission_content_type_id_2f476e4b" ON "auth_permission" ("content_type_id");
CREATE UNIQUE INDEX "users_user_groups_user_id_group_id_b88eab82_uniq" ON "users_user_groups" ("user_id", "group_id");
CREATE INDEX IF NOT EXISTS "users_user_groups_user_id_5f6f5a90" ON "users_user_groups" ("user_id");
CREATE INDEX IF NOT EXISTS "users_user_groups_group_id_9afc8d0e" ON "users_user_groups" ("group_id");
CREATE UNIQUE INDEX "users_user_user_permissions_user_id_permission_id_43338c45_uniq" ON "users_user_user_permissions" ("user_id", "permission_id");
CREATE INDEX IF NOT EXISTS "users_user_user_permissions_user_id_20aca447" ON "users_user_user_permissions" ("user_id");
CREATE INDEX IF NOT EXISTS "users_user_user_permissions_permission_id_0b93982e" ON "users_user_user_permissions" ("permission_id");
CREATE INDEX IF NOT EXISTS "django_admin_log_content_type_id_c4bce8eb" ON "django_admin_log" ("content_type_id");
CREATE INDEX IF NOT EXISTS "django_admin_log_user_id_c564eba6" ON "django_admin_log" ("user_id");
CREATE INDEX IF NOT EXISTS "django_session_expire_date_a5c62663" ON "django_session" ("expire_date");
CREATE INDEX IF NOT EXISTS "store_truck_details_truck_owner_id_155e372c" ON "store_truck_details" ("truck_owner_id");
CREATE INDEX IF NOT EXISTS "transactions_sub_trip_builty_id_26195045" ON "transactions_sub_trip" ("builty_id");
CREATE INDEX IF NOT EXISTS "transactions_sub_trip_station_from_id_d602b198" ON "transactions_sub_trip" ("station_from_id");
CREATE INDEX IF NOT EXISTS "transactions_sub_trip_station_to_id_fb47cb0b" ON "transactions_sub_trip" ("station_to_id");
CREATE INDEX IF NOT EXISTS "transactions_request_edit_builty_id_17f4ac6b" ON "transactions_request_edit" ("builty_id");
CREATE INDEX IF NOT EXISTS "transactions_request_edit_user_id_296a97e5" ON "transactions_request_edit" ("user_id");
CREATE INDEX IF NOT EXISTS "transactions_ack_builty_id_e9cf4eb9" ON "transactions_ack" ("builty_id");
CREATE INDEX IF NOT EXISTS "store_rate_to_station_id_71b5e0d1" ON "store_rate" ("to_station_id");
CREATE INDEX IF NOT EXISTS "store_rate_from_station_id_cf4de4c2" ON "store_rate" ("from_station_id");
CREATE INDEX IF NOT EXISTS "store_district_office_location_id_def88825" ON "store_district" ("office_location_id");
CREATE INDEX IF NOT EXISTS "users_user_company_id_14799323" ON "users_user" ("company_id");
CREATE INDEX IF NOT EXISTS "users_user_office_location_id_9bf9b0fd" ON "users_user" ("office_location_id");
CREATE INDEX IF NOT EXISTS "store_article_company_name_id_236802e6" ON "store_article" ("company_name_id");
CREATE INDEX IF NOT EXISTS "store_article_consignor_id_170c72fc" ON "store_article" ("consignor_id");
CREATE INDEX IF NOT EXISTS "store_article_office_location_id_216b5e85" ON "store_article" ("office_location_id");
CREATE INDEX IF NOT EXISTS "store_consignor_company_id_9fdf29a0" ON "store_consignor" ("company_id");
CREATE INDEX IF NOT EXISTS "store_consignor_office_location_id_709e205e" ON "store_consignor" ("office_location_id");
CREATE INDEX IF NOT EXISTS "store_onaccount_company_id_8283503d" ON "store_onaccount" ("company_id");
CREATE INDEX IF NOT EXISTS "store_onaccount_office_location_id_d8877177" ON "store_onaccount" ("office_location_id");
CREATE INDEX IF NOT EXISTS "store_station_taluka_id_51032d3b" ON "store_station" ("taluka_id");
CREATE INDEX IF NOT EXISTS "store_station_office_location_id_cc8d1da0" ON "store_station" ("office_location_id");
CREATE INDEX IF NOT EXISTS "store_taluka_district_id_63ffbdb2" ON "store_taluka" ("district_id");
CREATE INDEX IF NOT EXISTS "store_taluka_office_location_id_5a2300b5" ON "store_taluka" ("office_location_id");
CREATE INDEX IF NOT EXISTS "transactions_builty_article_id_9ef4500b" ON "transactions_builty" ("article_id");
CREATE INDEX IF NOT EXISTS "transactions_builty_company_id_e5faf59d" ON "transactions_builty" ("company_id");
CREATE INDEX IF NOT EXISTS "transactions_builty_consignor_id_abafe990" ON "transactions_builty" ("consignor_id");
CREATE INDEX IF NOT EXISTS "transactions_builty_district_id_32c090e4" ON "transactions_builty" ("district_id");
CREATE INDEX IF NOT EXISTS "transactions_builty_onaccount_id_35cc36f3" ON "transactions_builty" ("onaccount_id");
CREATE INDEX IF NOT EXISTS "transactions_builty_petrol_pump_id_9922ae78" ON "transactions_builty" ("petrol_pump_id");
CREATE INDEX IF NOT EXISTS "transactions_builty_station_from_id_0fc95978" ON "transactions_builty" ("station_from_id");
CREATE INDEX IF NOT EXISTS "transactions_builty_station_to_id_8018ef07" ON "transactions_builty" ("station_to_id");
CREATE INDEX IF NOT EXISTS "transactions_builty_taluka_id_3af43376" ON "transactions_builty" ("taluka_id");
CREATE INDEX IF NOT EXISTS "transactions_builty_truck_details_id_7724d30a" ON "transactions_builty" ("truck_details_id");
CREATE INDEX IF NOT EXISTS "transactions_builty_truck_owner_id_74656a52" ON "transactions_builty" ("truck_owner_id");
CREATE INDEX IF NOT EXISTS "transactions_builty_user_id_82211060" ON "transactions_builty" ("user_id");
CREATE TABLE IF NOT EXISTS "transactions_request_edit" ("id" integer NOT NULL PRIMARY KEY AUTOINCREMENT, "status" bool NOT NULL, "builty_id" bigint NOT NULL REFERENCES "transactions_builty" ("id") DEFERRABLE INITIALLY DEFERRED, "user_id" bigint NOT NULL REFERENCES "users_user" ("id") DEFERRABLE INITIALLY DEFERRED, "history" bool NOT NULL);
INSERT INTO "transactions_request_edit" VALUES(4,1,22,1,1);
INSERT INTO "transactions_request_edit" VALUES(5,1,24,1,1);
INSERT INTO "transactions_request_edit" VALUES(6,1,24,1,1);
INSERT INTO "transactions_request_edit" VALUES(7,1,22,1,1);
INSERT INTO "transactions_request_edit" VALUES(8,1,27,3,1);
INSERT INTO "transactions_request_edit" VALUES(9,1,26,1,1);
INSERT INTO "transactions_request_edit" VALUES(10,1,22,1,1);
INSERT INTO "transactions_request_edit" VALUES(12,1,20,3,1);
INSERT INTO "transactions_request_edit" VALUES(13,0,21,3,1);
INSERT INTO "transactions_request_edit" VALUES(14,0,43,3,1);
CREATE UNIQUE INDEX "django_content_type_app_label_model_76bd3d3b_uniq" ON "django_content_type" ("app_label", "model");
CREATE UNIQUE INDEX "auth_group_permissions_group_id_permission_id_0cd325b0_uniq" ON "auth_group_permissions" ("group_id", "permission_id");
CREATE INDEX IF NOT EXISTS "auth_group_permissions_group_id_b120cbf9" ON "auth_group_permissions" ("group_id");
CREATE INDEX IF NOT EXISTS "auth_group_permissions_permission_id_84c5c92e" ON "auth_group_permissions" ("permission_id");
CREATE UNIQUE INDEX "auth_permission_content_type_id_codename_01ab375a_uniq" ON "auth_permission" ("content_type_id", "codename");
CREATE INDEX IF NOT EXISTS "auth_permission_content_type_id_2f476e4b" ON "auth_permission" ("content_type_id");
CREATE UNIQUE INDEX "users_user_groups_user_id_group_id_b88eab82_uniq" ON "users_user_groups" ("user_id", "group_id");
CREATE INDEX IF NOT EXISTS "users_user_groups_user_id_5f6f5a90" ON "users_user_groups" ("user_id");
CREATE INDEX IF NOT EXISTS "users_user_groups_group_id_9afc8d0e" ON "users_user_groups" ("group_id");
CREATE UNIQUE INDEX "users_user_user_permissions_user_id_permission_id_43338c45_uniq" ON "users_user_user_permissions" ("user_id", "permission_id");
CREATE INDEX IF NOT EXISTS "users_user_user_permissions_user_id_20aca447" ON "users_user_user_permissions" ("user_id");
CREATE INDEX IF NOT EXISTS "users_user_user_permissions_permission_id_0b93982e" ON "users_user_user_permissions" ("permission_id");
CREATE INDEX IF NOT EXISTS "django_admin_log_content_type_id_c4bce8eb" ON "django_admin_log" ("content_type_id");
CREATE INDEX IF NOT EXISTS "django_admin_log_user_id_c564eba6" ON "django_admin_log" ("user_id");
CREATE INDEX IF NOT EXISTS "django_session_expire_date_a5c62663" ON "django_session" ("expire_date");
CREATE INDEX IF NOT EXISTS "store_truck_details_truck_owner_id_155e372c" ON "store_truck_details" ("truck_owner_id");
CREATE INDEX IF NOT EXISTS "transactions_sub_trip_builty_id_26195045" ON "transactions_sub_trip" ("builty_id");
CREATE INDEX IF NOT EXISTS "transactions_sub_trip_station_from_id_d602b198" ON "transactions_sub_trip" ("station_from_id");
CREATE INDEX IF NOT EXISTS "transactions_sub_trip_station_to_id_fb47cb0b" ON "transactions_sub_trip" ("station_to_id");
CREATE INDEX IF NOT EXISTS "transactions_request_edit_builty_id_17f4ac6b" ON "transactions_request_edit" ("builty_id");
CREATE INDEX IF NOT EXISTS "transactions_request_edit_user_id_296a97e5" ON "transactions_request_edit" ("user_id");
CREATE INDEX IF NOT EXISTS "transactions_ack_builty_id_e9cf4eb9" ON "transactions_ack" ("builty_id");
CREATE INDEX IF NOT EXISTS "store_rate_to_station_id_71b5e0d1" ON "store_rate" ("to_station_id");
CREATE INDEX IF NOT EXISTS "store_rate_from_station_id_cf4de4c2" ON "store_rate" ("from_station_id");
CREATE INDEX IF NOT EXISTS "store_district_office_location_id_def88825" ON "store_district" ("office_location_id");
CREATE INDEX IF NOT EXISTS "users_user_company_id_14799323" ON "users_user" ("company_id");
CREATE INDEX IF NOT EXISTS "users_user_office_location_id_9bf9b0fd" ON "users_user" ("office_location_id");
CREATE INDEX IF NOT EXISTS "store_article_company_name_id_236802e6" ON "store_article" ("company_name_id");
CREATE INDEX IF NOT EXISTS "store_article_consignor_id_170c72fc" ON "store_article" ("consignor_id");
CREATE INDEX IF NOT EXISTS "store_article_office_location_id_216b5e85" ON "store_article" ("office_location_id");
CREATE INDEX IF NOT EXISTS "store_consignor_company_id_9fdf29a0" ON "store_consignor" ("company_id");
CREATE INDEX IF NOT EXISTS "store_consignor_office_location_id_709e205e" ON "store_consignor" ("office_location_id");
CREATE INDEX IF NOT EXISTS "store_onaccount_company_id_8283503d" ON "store_onaccount" ("company_id");
CREATE INDEX IF NOT EXISTS "store_onaccount_office_location_id_d8877177" ON "store_onaccount" ("office_location_id");
CREATE INDEX IF NOT EXISTS "store_station_taluka_id_51032d3b" ON "store_station" ("taluka_id");
CREATE INDEX IF NOT EXISTS "store_station_office_location_id_cc8d1da0" ON "store_station" ("office_location_id");
CREATE INDEX IF NOT EXISTS "store_taluka_district_id_63ffbdb2" ON "store_taluka" ("district_id");
CREATE INDEX IF NOT EXISTS "store_taluka_office_location_id_5a2300b5" ON "store_taluka" ("office_location_id");
CREATE INDEX IF NOT EXISTS "transactions_builty_article_id_9ef4500b" ON "transactions_builty" ("article_id");
CREATE INDEX IF NOT EXISTS "transactions_builty_company_id_e5faf59d" ON "transactions_builty" ("company_id");
CREATE INDEX IF NOT EXISTS "transactions_builty_consignor_id_abafe990" ON "transactions_builty" ("consignor_id");
CREATE INDEX IF NOT EXISTS "transactions_builty_district_id_32c090e4" ON "transactions_builty" ("district_id");
CREATE INDEX IF NOT EXISTS "transactions_builty_onaccount_id_35cc36f3" ON "transactions_builty" ("onaccount_id");
CREATE INDEX IF NOT EXISTS "transactions_builty_petrol_pump_id_9922ae78" ON "transactions_builty" ("petrol_pump_id");
CREATE INDEX IF NOT EXISTS "transactions_builty_station_from_id_0fc95978" ON "transactions_builty" ("station_from_id");
CREATE INDEX IF NOT EXISTS "transactions_builty_station_to_id_8018ef07" ON "transactions_builty" ("station_to_id");
CREATE INDEX IF NOT EXISTS "transactions_builty_taluka_id_3af43376" ON "transactions_builty" ("taluka_id");
CREATE INDEX IF NOT EXISTS "transactions_builty_truck_details_id_7724d30a" ON "transactions_builty" ("truck_details_id");
CREATE INDEX IF NOT EXISTS "transactions_builty_truck_owner_id_74656a52" ON "transactions_builty" ("truck_owner_id");
CREATE INDEX IF NOT EXISTS "transactions_builty_user_id_82211060" ON "transactions_builty" ("user_id");
CREATE TABLE IF NOT EXISTS "transactions_sub_trip" ("id" integer NOT NULL PRIMARY KEY AUTOINCREMENT, "diesel" real NOT NULL, "note" varchar(50) NOT NULL, "builty_id" bigint NOT NULL REFERENCES "transactions_builty" ("id") DEFERRABLE INITIALLY DEFERRED, "station_from_id" bigint NOT NULL REFERENCES "store_station" ("id") DEFERRABLE INITIALLY DEFERRED, "station_to_id" bigint NOT NULL REFERENCES "store_station" ("id") DEFERRABLE INITIALLY DEFERRED);
CREATE UNIQUE INDEX "django_content_type_app_label_model_76bd3d3b_uniq" ON "django_content_type" ("app_label", "model");
CREATE UNIQUE INDEX "auth_group_permissions_group_id_permission_id_0cd325b0_uniq" ON "auth_group_permissions" ("group_id", "permission_id");
CREATE INDEX IF NOT EXISTS "auth_group_permissions_group_id_b120cbf9" ON "auth_group_permissions" ("group_id");
CREATE INDEX IF NOT EXISTS "auth_group_permissions_permission_id_84c5c92e" ON "auth_group_permissions" ("permission_id");
CREATE UNIQUE INDEX "auth_permission_content_type_id_codename_01ab375a_uniq" ON "auth_permission" ("content_type_id", "codename");
CREATE INDEX IF NOT EXISTS "auth_permission_content_type_id_2f476e4b" ON "auth_permission" ("content_type_id");
CREATE UNIQUE INDEX "users_user_groups_user_id_group_id_b88eab82_uniq" ON "users_user_groups" ("user_id", "group_id");
CREATE INDEX IF NOT EXISTS "users_user_groups_user_id_5f6f5a90" ON "users_user_groups" ("user_id");
CREATE INDEX IF NOT EXISTS "users_user_groups_group_id_9afc8d0e" ON "users_user_groups" ("group_id");
CREATE UNIQUE INDEX "users_user_user_permissions_user_id_permission_id_43338c45_uniq" ON "users_user_user_permissions" ("user_id", "permission_id");
CREATE INDEX IF NOT EXISTS "users_user_user_permissions_user_id_20aca447" ON "users_user_user_permissions" ("user_id");
CREATE INDEX IF NOT EXISTS "users_user_user_permissions_permission_id_0b93982e" ON "users_user_user_permissions" ("permission_id");
CREATE INDEX IF NOT EXISTS "django_admin_log_content_type_id_c4bce8eb" ON "django_admin_log" ("content_type_id");
CREATE INDEX IF NOT EXISTS "django_admin_log_user_id_c564eba6" ON "django_admin_log" ("user_id");
CREATE INDEX IF NOT EXISTS "django_session_expire_date_a5c62663" ON "django_session" ("expire_date");
CREATE INDEX IF NOT EXISTS "store_truck_details_truck_owner_id_155e372c" ON "store_truck_details" ("truck_owner_id");
CREATE INDEX IF NOT EXISTS "transactions_sub_trip_builty_id_26195045" ON "transactions_sub_trip" ("builty_id");
CREATE INDEX IF NOT EXISTS "transactions_sub_trip_station_from_id_d602b198" ON "transactions_sub_trip" ("station_from_id");
CREATE INDEX IF NOT EXISTS "transactions_sub_trip_station_to_id_fb47cb0b" ON "transactions_sub_trip" ("station_to_id");
CREATE INDEX IF NOT EXISTS "transactions_request_edit_builty_id_17f4ac6b" ON "transactions_request_edit" ("builty_id");
CREATE INDEX IF NOT EXISTS "transactions_request_edit_user_id_296a97e5" ON "transactions_request_edit" ("user_id");
CREATE INDEX IF NOT EXISTS "transactions_ack_builty_id_e9cf4eb9" ON "transactions_ack" ("builty_id");
CREATE INDEX IF NOT EXISTS "store_rate_to_station_id_71b5e0d1" ON "store_rate" ("to_station_id");
CREATE INDEX IF NOT EXISTS "store_rate_from_station_id_cf4de4c2" ON "store_rate" ("from_station_id");
CREATE INDEX IF NOT EXISTS "store_district_office_location_id_def88825" ON "store_district" ("office_location_id");
CREATE INDEX IF NOT EXISTS "users_user_company_id_14799323" ON "users_user" ("company_id");
CREATE INDEX IF NOT EXISTS "users_user_office_location_id_9bf9b0fd" ON "users_user" ("office_location_id");
CREATE INDEX IF NOT EXISTS "store_article_company_name_id_236802e6" ON "store_article" ("company_name_id");
CREATE INDEX IF NOT EXISTS "store_article_consignor_id_170c72fc" ON "store_article" ("consignor_id");
CREATE INDEX IF NOT EXISTS "store_article_office_location_id_216b5e85" ON "store_article" ("office_location_id");
CREATE INDEX IF NOT EXISTS "store_consignor_company_id_9fdf29a0" ON "store_consignor" ("company_id");
CREATE INDEX IF NOT EXISTS "store_consignor_office_location_id_709e205e" ON "store_consignor" ("office_location_id");
CREATE INDEX IF NOT EXISTS "store_onaccount_company_id_8283503d" ON "store_onaccount" ("company_id");
CREATE INDEX IF NOT EXISTS "store_onaccount_office_location_id_d8877177" ON "store_onaccount" ("office_location_id");
CREATE INDEX IF NOT EXISTS "store_station_taluka_id_51032d3b" ON "store_station" ("taluka_id");
CREATE INDEX IF NOT EXISTS "store_station_office_location_id_cc8d1da0" ON "store_station" ("office_location_id");
CREATE INDEX IF NOT EXISTS "store_taluka_district_id_63ffbdb2" ON "store_taluka" ("district_id");
CREATE INDEX IF NOT EXISTS "store_taluka_office_location_id_5a2300b5" ON "store_taluka" ("office_location_id");
CREATE INDEX IF NOT EXISTS "transactions_builty_article_id_9ef4500b" ON "transactions_builty" ("article_id");
CREATE INDEX IF NOT EXISTS "transactions_builty_company_id_e5faf59d" ON "transactions_builty" ("company_id");
CREATE INDEX IF NOT EXISTS "transactions_builty_consignor_id_abafe990" ON "transactions_builty" ("consignor_id");
CREATE INDEX IF NOT EXISTS "transactions_builty_district_id_32c090e4" ON "transactions_builty" ("district_id");
CREATE INDEX IF NOT EXISTS "transactions_builty_onaccount_id_35cc36f3" ON "transactions_builty" ("onaccount_id");
CREATE INDEX IF NOT EXISTS "transactions_builty_petrol_pump_id_9922ae78" ON "transactions_builty" ("petrol_pump_id");
CREATE INDEX IF NOT EXISTS "transactions_builty_station_from_id_0fc95978" ON "transactions_builty" ("station_from_id");
CREATE INDEX IF NOT EXISTS "transactions_builty_station_to_id_8018ef07" ON "transactions_builty" ("station_to_id");
CREATE INDEX IF NOT EXISTS "transactions_builty_taluka_id_3af43376" ON "transactions_builty" ("taluka_id");
CREATE INDEX IF NOT EXISTS "transactions_builty_truck_details_id_7724d30a" ON "transactions_builty" ("truck_details_id");
CREATE INDEX IF NOT EXISTS "transactions_builty_truck_owner_id_74656a52" ON "transactions_builty" ("truck_owner_id");
CREATE INDEX IF NOT EXISTS "transactions_builty_user_id_82211060" ON "transactions_builty" ("user_id");
CREATE TABLE IF NOT EXISTS "users_user" ("id" integer NOT NULL PRIMARY KEY AUTOINCREMENT, "password" varchar(128) NOT NULL, "last_login" datetime NULL, "is_superuser" bool NOT NULL, "username" varchar(150) NOT NULL UNIQUE, "first_name" varchar(150) NOT NULL, "last_name" varchar(150) NOT NULL, "email" varchar(254) NOT NULL, "is_staff" bool NOT NULL, "is_active" bool NOT NULL, "password_r" varchar(50) NULL, "date_joined" date NULL, "company_id" bigint NULL REFERENCES "store_company" ("id") DEFERRABLE INITIALLY DEFERRED, "office_location_id" bigint NOT NULL REFERENCES "store_office_location" ("id") DEFERRABLE INITIALLY DEFERRED);
INSERT INTO "users_user" VALUES(1,'pbkdf2_sha256$390000$seQEJyYTFZ6Zcl0c3NKp7H$SfTasnanmURPMPwg+PsAl0ohNzD7K2T+3UeXUVZTnws=','2023-04-14 16:03:19.022952',1,'SGT','','','admin@gmail.com',1,1,'SGT@SGT','2023-03-17',1,1);
INSERT INTO "users_user" VALUES(2,'pbkdf2_sha256$390000$rGVrSqaoptnm1QBAQyas67$29iMFyTUd8I5B32K+xhcmlELLOUQ2K6w221CYYboH3w=','2023-04-14 07:30:33.049158',0,'ramakanth','','','',0,1,'Rama@112','2023-03-31',1,2);
INSERT INTO "users_user" VALUES(3,'pbkdf2_sha256$390000$aq0ziBssuPmkQU3E5d8YcC$Z/GQOVtlETE7i1wrfMaocVOa1SBZPGmEpwJor6OovTg=','2023-04-13 09:33:31.623214',0,'Ram','','','',0,1,'Ram@12','2023-04-01',1,1);
CREATE UNIQUE INDEX "django_content_type_app_label_model_76bd3d3b_uniq" ON "django_content_type" ("app_label", "model");
CREATE UNIQUE INDEX "auth_group_permissions_group_id_permission_id_0cd325b0_uniq" ON "auth_group_permissions" ("group_id", "permission_id");
CREATE INDEX IF NOT EXISTS "auth_group_permissions_group_id_b120cbf9" ON "auth_group_permissions" ("group_id");
CREATE INDEX IF NOT EXISTS "auth_group_permissions_permission_id_84c5c92e" ON "auth_group_permissions" ("permission_id");
CREATE UNIQUE INDEX "auth_permission_content_type_id_codename_01ab375a_uniq" ON "auth_permission" ("content_type_id", "codename");
CREATE INDEX IF NOT EXISTS "auth_permission_content_type_id_2f476e4b" ON "auth_permission" ("content_type_id");
CREATE UNIQUE INDEX "users_user_groups_user_id_group_id_b88eab82_uniq" ON "users_user_groups" ("user_id", "group_id");
CREATE INDEX IF NOT EXISTS "users_user_groups_user_id_5f6f5a90" ON "users_user_groups" ("user_id");
CREATE INDEX IF NOT EXISTS "users_user_groups_group_id_9afc8d0e" ON "users_user_groups" ("group_id");
CREATE UNIQUE INDEX "users_user_user_permissions_user_id_permission_id_43338c45_uniq" ON "users_user_user_permissions" ("user_id", "permission_id");
CREATE INDEX IF NOT EXISTS "users_user_user_permissions_user_id_20aca447" ON "users_user_user_permissions" ("user_id");
CREATE INDEX IF NOT EXISTS "users_user_user_permissions_permission_id_0b93982e" ON "users_user_user_permissions" ("permission_id");
CREATE INDEX IF NOT EXISTS "django_admin_log_content_type_id_c4bce8eb" ON "django_admin_log" ("content_type_id");
CREATE INDEX IF NOT EXISTS "django_admin_log_user_id_c564eba6" ON "django_admin_log" ("user_id");
CREATE INDEX IF NOT EXISTS "django_session_expire_date_a5c62663" ON "django_session" ("expire_date");
CREATE INDEX IF NOT EXISTS "store_truck_details_truck_owner_id_155e372c" ON "store_truck_details" ("truck_owner_id");
CREATE INDEX IF NOT EXISTS "transactions_sub_trip_builty_id_26195045" ON "transactions_sub_trip" ("builty_id");
CREATE INDEX IF NOT EXISTS "transactions_sub_trip_station_from_id_d602b198" ON "transactions_sub_trip" ("station_from_id");
CREATE INDEX IF NOT EXISTS "transactions_sub_trip_station_to_id_fb47cb0b" ON "transactions_sub_trip" ("station_to_id");
CREATE INDEX IF NOT EXISTS "transactions_request_edit_builty_id_17f4ac6b" ON "transactions_request_edit" ("builty_id");
CREATE INDEX IF NOT EXISTS "transactions_request_edit_user_id_296a97e5" ON "transactions_request_edit" ("user_id");
CREATE INDEX IF NOT EXISTS "transactions_ack_builty_id_e9cf4eb9" ON "transactions_ack" ("builty_id");
CREATE INDEX IF NOT EXISTS "store_rate_to_station_id_71b5e0d1" ON "store_rate" ("to_station_id");
CREATE INDEX IF NOT EXISTS "store_rate_from_station_id_cf4de4c2" ON "store_rate" ("from_station_id");
CREATE INDEX IF NOT EXISTS "store_district_office_location_id_def88825" ON "store_district" ("office_location_id");
CREATE INDEX IF NOT EXISTS "users_user_company_id_14799323" ON "users_user" ("company_id");
CREATE INDEX IF NOT EXISTS "users_user_office_location_id_9bf9b0fd" ON "users_user" ("office_location_id");
CREATE INDEX IF NOT EXISTS "store_article_company_name_id_236802e6" ON "store_article" ("company_name_id");
CREATE INDEX IF NOT EXISTS "store_article_consignor_id_170c72fc" ON "store_article" ("consignor_id");
CREATE INDEX IF NOT EXISTS "store_article_office_location_id_216b5e85" ON "store_article" ("office_location_id");
CREATE INDEX IF NOT EXISTS "store_consignor_company_id_9fdf29a0" ON "store_consignor" ("company_id");
CREATE INDEX IF NOT EXISTS "store_consignor_office_location_id_709e205e" ON "store_consignor" ("office_location_id");
CREATE INDEX IF NOT EXISTS "store_onaccount_company_id_8283503d" ON "store_onaccount" ("company_id");
CREATE INDEX IF NOT EXISTS "store_onaccount_office_location_id_d8877177" ON "store_onaccount" ("office_location_id");
CREATE INDEX IF NOT EXISTS "store_station_taluka_id_51032d3b" ON "store_station" ("taluka_id");
CREATE INDEX IF NOT EXISTS "store_station_office_location_id_cc8d1da0" ON "store_station" ("office_location_id");
CREATE INDEX IF NOT EXISTS "store_taluka_district_id_63ffbdb2" ON "store_taluka" ("district_id");
CREATE INDEX IF NOT EXISTS "store_taluka_office_location_id_5a2300b5" ON "store_taluka" ("office_location_id");
CREATE INDEX IF NOT EXISTS "transactions_builty_article_id_9ef4500b" ON "transactions_builty" ("article_id");
CREATE INDEX IF NOT EXISTS "transactions_builty_company_id_e5faf59d" ON "transactions_builty" ("company_id");
CREATE INDEX IF NOT EXISTS "transactions_builty_consignor_id_abafe990" ON "transactions_builty" ("consignor_id");
CREATE INDEX IF NOT EXISTS "transactions_builty_district_id_32c090e4" ON "transactions_builty" ("district_id");
CREATE INDEX IF NOT EXISTS "transactions_builty_onaccount_id_35cc36f3" ON "transactions_builty" ("onaccount_id");
CREATE INDEX IF NOT EXISTS "transactions_builty_petrol_pump_id_9922ae78" ON "transactions_builty" ("petrol_pump_id");
CREATE INDEX IF NOT EXISTS "transactions_builty_station_from_id_0fc95978" ON "transactions_builty" ("station_from_id");
CREATE INDEX IF NOT EXISTS "transactions_builty_station_to_id_8018ef07" ON "transactions_builty" ("station_to_id");
CREATE INDEX IF NOT EXISTS "transactions_builty_taluka_id_3af43376" ON "transactions_builty" ("taluka_id");
CREATE INDEX IF NOT EXISTS "transactions_builty_truck_details_id_7724d30a" ON "transactions_builty" ("truck_details_id");
CREATE INDEX IF NOT EXISTS "transactions_builty_truck_owner_id_74656a52" ON "transactions_builty" ("truck_owner_id");
CREATE INDEX IF NOT EXISTS "transactions_builty_user_id_82211060" ON "transactions_builty" ("user_id");
CREATE TABLE IF NOT EXISTS "users_user_groups" ("id" integer NOT NULL PRIMARY KEY AUTOINCREMENT, "user_id" bigint NOT NULL REFERENCES "users_user" ("id") DEFERRABLE INITIALLY DEFERRED, "group_id" integer NOT NULL REFERENCES "auth_group" ("id") DEFERRABLE INITIALLY DEFERRED);
CREATE UNIQUE INDEX "django_content_type_app_label_model_76bd3d3b_uniq" ON "django_content_type" ("app_label", "model");
CREATE UNIQUE INDEX "auth_group_permissions_group_id_permission_id_0cd325b0_uniq" ON "auth_group_permissions" ("group_id", "permission_id");
CREATE INDEX IF NOT EXISTS "auth_group_permissions_group_id_b120cbf9" ON "auth_group_permissions" ("group_id");
CREATE INDEX IF NOT EXISTS "auth_group_permissions_permission_id_84c5c92e" ON "auth_group_permissions" ("permission_id");
CREATE UNIQUE INDEX "auth_permission_content_type_id_codename_01ab375a_uniq" ON "auth_permission" ("content_type_id", "codename");
CREATE INDEX IF NOT EXISTS "auth_permission_content_type_id_2f476e4b" ON "auth_permission" ("content_type_id");
CREATE UNIQUE INDEX "users_user_groups_user_id_group_id_b88eab82_uniq" ON "users_user_groups" ("user_id", "group_id");
CREATE INDEX IF NOT EXISTS "users_user_groups_user_id_5f6f5a90" ON "users_user_groups" ("user_id");
CREATE INDEX IF NOT EXISTS "users_user_groups_group_id_9afc8d0e" ON "users_user_groups" ("group_id");
CREATE UNIQUE INDEX "users_user_user_permissions_user_id_permission_id_43338c45_uniq" ON "users_user_user_permissions" ("user_id", "permission_id");
CREATE INDEX IF NOT EXISTS "users_user_user_permissions_user_id_20aca447" ON "users_user_user_permissions" ("user_id");
CREATE INDEX IF NOT EXISTS "users_user_user_permissions_permission_id_0b93982e" ON "users_user_user_permissions" ("permission_id");
CREATE INDEX IF NOT EXISTS "django_admin_log_content_type_id_c4bce8eb" ON "django_admin_log" ("content_type_id");
CREATE INDEX IF NOT EXISTS "django_admin_log_user_id_c564eba6" ON "django_admin_log" ("user_id");
CREATE INDEX IF NOT EXISTS "django_session_expire_date_a5c62663" ON "django_session" ("expire_date");
CREATE INDEX IF NOT EXISTS "store_truck_details_truck_owner_id_155e372c" ON "store_truck_details" ("truck_owner_id");
CREATE INDEX IF NOT EXISTS "transactions_sub_trip_builty_id_26195045" ON "transactions_sub_trip" ("builty_id");
CREATE INDEX IF NOT EXISTS "transactions_sub_trip_station_from_id_d602b198" ON "transactions_sub_trip" ("station_from_id");
CREATE INDEX IF NOT EXISTS "transactions_sub_trip_station_to_id_fb47cb0b" ON "transactions_sub_trip" ("station_to_id");
CREATE INDEX IF NOT EXISTS "transactions_request_edit_builty_id_17f4ac6b" ON "transactions_request_edit" ("builty_id");
CREATE INDEX IF NOT EXISTS "transactions_request_edit_user_id_296a97e5" ON "transactions_request_edit" ("user_id");
CREATE INDEX IF NOT EXISTS "transactions_ack_builty_id_e9cf4eb9" ON "transactions_ack" ("builty_id");
CREATE INDEX IF NOT EXISTS "store_rate_to_station_id_71b5e0d1" ON "store_rate" ("to_station_id");
CREATE INDEX IF NOT EXISTS "store_rate_from_station_id_cf4de4c2" ON "store_rate" ("from_station_id");
CREATE INDEX IF NOT EXISTS "store_district_office_location_id_def88825" ON "store_district" ("office_location_id");
CREATE INDEX IF NOT EXISTS "users_user_company_id_14799323" ON "users_user" ("company_id");
CREATE INDEX IF NOT EXISTS "users_user_office_location_id_9bf9b0fd" ON "users_user" ("office_location_id");
CREATE INDEX IF NOT EXISTS "store_article_company_name_id_236802e6" ON "store_article" ("company_name_id");
CREATE INDEX IF NOT EXISTS "store_article_consignor_id_170c72fc" ON "store_article" ("consignor_id");
CREATE INDEX IF NOT EXISTS "store_article_office_location_id_216b5e85" ON "store_article" ("office_location_id");
CREATE INDEX IF NOT EXISTS "store_consignor_company_id_9fdf29a0" ON "store_consignor" ("company_id");
CREATE INDEX IF NOT EXISTS "store_consignor_office_location_id_709e205e" ON "store_consignor" ("office_location_id");
CREATE INDEX IF NOT EXISTS "store_onaccount_company_id_8283503d" ON "store_onaccount" ("company_id");
CREATE INDEX IF NOT EXISTS "store_onaccount_office_location_id_d8877177" ON "store_onaccount" ("office_location_id");
CREATE INDEX IF NOT EXISTS "store_station_taluka_id_51032d3b" ON "store_station" ("taluka_id");
CREATE INDEX IF NOT EXISTS "store_station_office_location_id_cc8d1da0" ON "store_station" ("office_location_id");
CREATE INDEX IF NOT EXISTS "store_taluka_district_id_63ffbdb2" ON "store_taluka" ("district_id");
CREATE INDEX IF NOT EXISTS "store_taluka_office_location_id_5a2300b5" ON "store_taluka" ("office_location_id");
CREATE INDEX IF NOT EXISTS "transactions_builty_article_id_9ef4500b" ON "transactions_builty" ("article_id");
CREATE INDEX IF NOT EXISTS "transactions_builty_company_id_e5faf59d" ON "transactions_builty" ("company_id");
CREATE INDEX IF NOT EXISTS "transactions_builty_consignor_id_abafe990" ON "transactions_builty" ("consignor_id");
CREATE INDEX IF NOT EXISTS "transactions_builty_district_id_32c090e4" ON "transactions_builty" ("district_id");
CREATE INDEX IF NOT EXISTS "transactions_builty_onaccount_id_35cc36f3" ON "transactions_builty" ("onaccount_id");
CREATE INDEX IF NOT EXISTS "transactions_builty_petrol_pump_id_9922ae78" ON "transactions_builty" ("petrol_pump_id");
CREATE INDEX IF NOT EXISTS "transactions_builty_station_from_id_0fc95978" ON "transactions_builty" ("station_from_id");
CREATE INDEX IF NOT EXISTS "transactions_builty_station_to_id_8018ef07" ON "transactions_builty" ("station_to_id");
CREATE INDEX IF NOT EXISTS "transactions_builty_taluka_id_3af43376" ON "transactions_builty" ("taluka_id");
CREATE INDEX IF NOT EXISTS "transactions_builty_truck_details_id_7724d30a" ON "transactions_builty" ("truck_details_id");
CREATE INDEX IF NOT EXISTS "transactions_builty_truck_owner_id_74656a52" ON "transactions_builty" ("truck_owner_id");
CREATE INDEX IF NOT EXISTS "transactions_builty_user_id_82211060" ON "transactions_builty" ("user_id");
CREATE TABLE IF NOT EXISTS "users_user_user_permissions" ("id" integer NOT NULL PRIMARY KEY AUTOINCREMENT, "user_id" bigint NOT NULL REFERENCES "users_user" ("id") DEFERRABLE INITIALLY DEFERRED, "permission_id" integer NOT NULL REFERENCES "auth_permission" ("id") DEFERRABLE INITIALLY DEFERRED);
CREATE UNIQUE INDEX "django_content_type_app_label_model_76bd3d3b_uniq" ON "django_content_type" ("app_label", "model");
CREATE UNIQUE INDEX "auth_group_permissions_group_id_permission_id_0cd325b0_uniq" ON "auth_group_permissions" ("group_id", "permission_id");
CREATE INDEX IF NOT EXISTS "auth_group_permissions_group_id_b120cbf9" ON "auth_group_permissions" ("group_id");
CREATE INDEX IF NOT EXISTS "auth_group_permissions_permission_id_84c5c92e" ON "auth_group_permissions" ("permission_id");
CREATE UNIQUE INDEX "auth_permission_content_type_id_codename_01ab375a_uniq" ON "auth_permission" ("content_type_id", "codename");
CREATE INDEX IF NOT EXISTS "auth_permission_content_type_id_2f476e4b" ON "auth_permission" ("content_type_id");
CREATE UNIQUE INDEX "users_user_groups_user_id_group_id_b88eab82_uniq" ON "users_user_groups" ("user_id", "group_id");
CREATE INDEX IF NOT EXISTS "users_user_groups_user_id_5f6f5a90" ON "users_user_groups" ("user_id");
CREATE INDEX IF NOT EXISTS "users_user_groups_group_id_9afc8d0e" ON "users_user_groups" ("group_id");
CREATE UNIQUE INDEX "users_user_user_permissions_user_id_permission_id_43338c45_uniq" ON "users_user_user_permissions" ("user_id", "permission_id");
CREATE INDEX IF NOT EXISTS "users_user_user_permissions_user_id_20aca447" ON "users_user_user_permissions" ("user_id");
CREATE INDEX IF NOT EXISTS "users_user_user_permissions_permission_id_0b93982e" ON "users_user_user_permissions" ("permission_id");
CREATE INDEX IF NOT EXISTS "django_admin_log_content_type_id_c4bce8eb" ON "django_admin_log" ("content_type_id");
CREATE INDEX IF NOT EXISTS "django_admin_log_user_id_c564eba6" ON "django_admin_log" ("user_id");
CREATE INDEX IF NOT EXISTS "django_session_expire_date_a5c62663" ON "django_session" ("expire_date");
CREATE INDEX IF NOT EXISTS "store_truck_details_truck_owner_id_155e372c" ON "store_truck_details" ("truck_owner_id");
CREATE INDEX IF NOT EXISTS "transactions_sub_trip_builty_id_26195045" ON "transactions_sub_trip" ("builty_id");
CREATE INDEX IF NOT EXISTS "transactions_sub_trip_station_from_id_d602b198" ON "transactions_sub_trip" ("station_from_id");
CREATE INDEX IF NOT EXISTS "transactions_sub_trip_station_to_id_fb47cb0b" ON "transactions_sub_trip" ("station_to_id");
CREATE INDEX IF NOT EXISTS "transactions_request_edit_builty_id_17f4ac6b" ON "transactions_request_edit" ("builty_id");
CREATE INDEX IF NOT EXISTS "transactions_request_edit_user_id_296a97e5" ON "transactions_request_edit" ("user_id");
CREATE INDEX IF NOT EXISTS "transactions_ack_builty_id_e9cf4eb9" ON "transactions_ack" ("builty_id");
CREATE INDEX IF NOT EXISTS "store_rate_to_station_id_71b5e0d1" ON "store_rate" ("to_station_id");
CREATE INDEX IF NOT EXISTS "store_rate_from_station_id_cf4de4c2" ON "store_rate" ("from_station_id");
CREATE INDEX IF NOT EXISTS "store_district_office_location_id_def88825" ON "store_district" ("office_location_id");
CREATE INDEX IF NOT EXISTS "users_user_company_id_14799323" ON "users_user" ("company_id");
CREATE INDEX IF NOT EXISTS "users_user_office_location_id_9bf9b0fd" ON "users_user" ("office_location_id");
CREATE INDEX IF NOT EXISTS "store_article_company_name_id_236802e6" ON "store_article" ("company_name_id");
CREATE INDEX IF NOT EXISTS "store_article_consignor_id_170c72fc" ON "store_article" ("consignor_id");
CREATE INDEX IF NOT EXISTS "store_article_office_location_id_216b5e85" ON "store_article" ("office_location_id");
CREATE INDEX IF NOT EXISTS "store_consignor_company_id_9fdf29a0" ON "store_consignor" ("company_id");
CREATE INDEX IF NOT EXISTS "store_consignor_office_location_id_709e205e" ON "store_consignor" ("office_location_id");
CREATE INDEX IF NOT EXISTS "store_onaccount_company_id_8283503d" ON "store_onaccount" ("company_id");
CREATE INDEX IF NOT EXISTS "store_onaccount_office_location_id_d8877177" ON "store_onaccount" ("office_location_id");
CREATE INDEX IF NOT EXISTS "store_station_taluka_id_51032d3b" ON "store_station" ("taluka_id");
CREATE INDEX IF NOT EXISTS "store_station_office_location_id_cc8d1da0" ON "store_station" ("office_location_id");
CREATE INDEX IF NOT EXISTS "store_taluka_district_id_63ffbdb2" ON "store_taluka" ("district_id");
CREATE INDEX IF NOT EXISTS "store_taluka_office_location_id_5a2300b5" ON "store_taluka" ("office_location_id");
CREATE INDEX IF NOT EXISTS "transactions_builty_article_id_9ef4500b" ON "transactions_builty" ("article_id");
CREATE INDEX IF NOT EXISTS "transactions_builty_company_id_e5faf59d" ON "transactions_builty" ("company_id");
CREATE INDEX IF NOT EXISTS "transactions_builty_consignor_id_abafe990" ON "transactions_builty" ("consignor_id");
CREATE INDEX IF NOT EXISTS "transactions_builty_district_id_32c090e4" ON "transactions_builty" ("district_id");
CREATE INDEX IF NOT EXISTS "transactions_builty_onaccount_id_35cc36f3" ON "transactions_builty" ("onaccount_id");
CREATE INDEX IF NOT EXISTS "transactions_builty_petrol_pump_id_9922ae78" ON "transactions_builty" ("petrol_pump_id");
CREATE INDEX IF NOT EXISTS "transactions_builty_station_from_id_0fc95978" ON "transactions_builty" ("station_from_id");
CREATE INDEX IF NOT EXISTS "transactions_builty_station_to_id_8018ef07" ON "transactions_builty" ("station_to_id");
CREATE INDEX IF NOT EXISTS "transactions_builty_taluka_id_3af43376" ON "transactions_builty" ("taluka_id");
CREATE INDEX IF NOT EXISTS "transactions_builty_truck_details_id_7724d30a" ON "transactions_builty" ("truck_details_id");
CREATE INDEX IF NOT EXISTS "transactions_builty_truck_owner_id_74656a52" ON "transactions_builty" ("truck_owner_id");
CREATE INDEX IF NOT EXISTS "transactions_builty_user_id_82211060" ON "transactions_builty" ("user_id");
