CREATE TABLE IF NOT EXISTS "auth_group" ("id" integer NOT NULL PRIMARY KEY AUTOINCREMENT, "name" varchar(150) NOT NULL UNIQUE);
CREATE UNIQUE INDEX "django_content_type_app_label_model_76bd3d3b_uniq" ON "django_content_type" ("app_label", "model");
CREATE UNIQUE INDEX "auth_group_permissions_group_id_permission_id_0cd325b0_uniq" ON "auth_group_permissions" ("group_id", "permission_id");
CREATE INDEX IF NOT EXISTS "auth_group_permissions_group_id_b120cbf9" ON "auth_group_permissions" ("group_id");
CREATE INDEX IF NOT EXISTS "auth_group_permissions_permission_id_84c5c92e" ON "auth_group_permissions" ("permission_id");
CREATE UNIQUE INDEX "auth_permission_content_type_id_codename_01ab375a_uniq" ON "auth_permission" ("content_type_id", "codename");
CREATE INDEX IF NOT EXISTS "auth_permission_content_type_id_2f476e4b" ON "auth_permission" ("content_type_id");
CREATE UNIQUE INDEX "users_user_groups_user_id_group_id_b88eab82_uniq" ON "users_user_groups" ("user_id", "group_id");
CREATE INDEX IF NOT EXISTS "users_user_groups_user_id_5f6f5a90" ON "users_user_groups" ("user_id");
CREATE INDEX IF NOT EXISTS "users_user_groups_group_id_9afc8d0e" ON "users_user_groups" ("group_id");
CREATE UNIQUE INDEX "users_user_user_permissions_user_id_permission_id_43338c45_uniq" ON "users_user_user_permissions" ("user_id", "permission_id");
CREATE INDEX IF NOT EXISTS "users_user_user_permissions_user_id_20aca447" ON "users_user_user_permissions" ("user_id");
CREATE INDEX IF NOT EXISTS "users_user_user_permissions_permission_id_0b93982e" ON "users_user_user_permissions" ("permission_id");
CREATE INDEX IF NOT EXISTS "django_admin_log_content_type_id_c4bce8eb" ON "django_admin_log" ("content_type_id");
CREATE INDEX IF NOT EXISTS "django_admin_log_user_id_c564eba6" ON "django_admin_log" ("user_id");
CREATE INDEX IF NOT EXISTS "django_session_expire_date_a5c62663" ON "django_session" ("expire_date");
CREATE INDEX IF NOT EXISTS "store_truck_details_truck_owner_id_155e372c" ON "store_truck_details" ("truck_owner_id");
CREATE INDEX IF NOT EXISTS "transactions_request_edit_builty_id_17f4ac6b" ON "transactions_request_edit" ("builty_id");
CREATE INDEX IF NOT EXISTS "transactions_request_edit_user_id_296a97e5" ON "transactions_request_edit" ("user_id");
CREATE INDEX IF NOT EXISTS "transactions_ack_builty_id_e9cf4eb9" ON "transactions_ack" ("builty_id");
CREATE INDEX IF NOT EXISTS "store_rate_to_station_id_71b5e0d1" ON "store_rate" ("to_station_id");
CREATE INDEX IF NOT EXISTS "store_rate_from_station_id_cf4de4c2" ON "store_rate" ("from_station_id");
CREATE INDEX IF NOT EXISTS "store_district_office_location_id_def88825" ON "store_district" ("office_location_id");
CREATE INDEX IF NOT EXISTS "users_user_company_id_14799323" ON "users_user" ("company_id");
CREATE INDEX IF NOT EXISTS "users_user_office_location_id_9bf9b0fd" ON "users_user" ("office_location_id");
CREATE INDEX IF NOT EXISTS "store_article_company_name_id_236802e6" ON "store_article" ("company_name_id");
CREATE INDEX IF NOT EXISTS "store_article_consignor_id_170c72fc" ON "store_article" ("consignor_id");
CREATE INDEX IF NOT EXISTS "store_article_office_location_id_216b5e85" ON "store_article" ("office_location_id");
CREATE INDEX IF NOT EXISTS "store_consignor_company_id_9fdf29a0" ON "store_consignor" ("company_id");
CREATE INDEX IF NOT EXISTS "store_consignor_office_location_id_709e205e" ON "store_consignor" ("office_location_id");
CREATE INDEX IF NOT EXISTS "store_onaccount_company_id_8283503d" ON "store_onaccount" ("company_id");
CREATE INDEX IF NOT EXISTS "store_onaccount_office_location_id_d8877177" ON "store_onaccount" ("office_location_id");
CREATE INDEX IF NOT EXISTS "store_station_taluka_id_51032d3b" ON "store_station" ("taluka_id");
CREATE INDEX IF NOT EXISTS "store_station_office_location_id_cc8d1da0" ON "store_station" ("office_location_id");
CREATE INDEX IF NOT EXISTS "store_taluka_district_id_63ffbdb2" ON "store_taluka" ("district_id");
CREATE INDEX IF NOT EXISTS "store_taluka_office_location_id_5a2300b5" ON "store_taluka" ("office_location_id");
CREATE INDEX IF NOT EXISTS "store_from_station_office_location_id_f8e96d27" ON "store_from_station" ("office_location_id");
CREATE INDEX IF NOT EXISTS "store_from_station_taluka_id_b0acd45a" ON "store_from_station" ("taluka_id");
CREATE INDEX IF NOT EXISTS "transactions_builty_article_id_9ef4500b" ON "transactions_builty" ("article_id");
CREATE INDEX IF NOT EXISTS "transactions_builty_company_id_e5faf59d" ON "transactions_builty" ("company_id");
CREATE INDEX IF NOT EXISTS "transactions_builty_consignor_id_abafe990" ON "transactions_builty" ("consignor_id");
CREATE INDEX IF NOT EXISTS "transactions_builty_district_id_32c090e4" ON "transactions_builty" ("district_id");
CREATE INDEX IF NOT EXISTS "transactions_builty_onaccount_id_35cc36f3" ON "transactions_builty" ("onaccount_id");
CREATE INDEX IF NOT EXISTS "transactions_builty_petrol_pump_id_9922ae78" ON "transactions_builty" ("petrol_pump_id");
CREATE INDEX IF NOT EXISTS "transactions_builty_station_to_id_8018ef07" ON "transactions_builty" ("station_to_id");
CREATE INDEX IF NOT EXISTS "transactions_builty_taluka_id_3af43376" ON "transactions_builty" ("taluka_id");
CREATE INDEX IF NOT EXISTS "transactions_builty_truck_details_id_7724d30a" ON "transactions_builty" ("truck_details_id");
CREATE INDEX IF NOT EXISTS "transactions_builty_truck_owner_id_74656a52" ON "transactions_builty" ("truck_owner_id");
CREATE INDEX IF NOT EXISTS "transactions_builty_user_id_82211060" ON "transactions_builty" ("user_id");
CREATE INDEX IF NOT EXISTS "transactions_builty_station_from_id_0fc95978" ON "transactions_builty" ("station_from_id");
CREATE TABLE IF NOT EXISTS "auth_group_permissions" ("id" integer NOT NULL PRIMARY KEY AUTOINCREMENT, "group_id" integer NOT NULL REFERENCES "auth_group" ("id") DEFERRABLE INITIALLY DEFERRED, "permission_id" integer NOT NULL REFERENCES "auth_permission" ("id") DEFERRABLE INITIALLY DEFERRED);
CREATE UNIQUE INDEX "django_content_type_app_label_model_76bd3d3b_uniq" ON "django_content_type" ("app_label", "model");
CREATE UNIQUE INDEX "auth_group_permissions_group_id_permission_id_0cd325b0_uniq" ON "auth_group_permissions" ("group_id", "permission_id");
CREATE INDEX IF NOT EXISTS "auth_group_permissions_group_id_b120cbf9" ON "auth_group_permissions" ("group_id");
CREATE INDEX IF NOT EXISTS "auth_group_permissions_permission_id_84c5c92e" ON "auth_group_permissions" ("permission_id");
CREATE UNIQUE INDEX "auth_permission_content_type_id_codename_01ab375a_uniq" ON "auth_permission" ("content_type_id", "codename");
CREATE INDEX IF NOT EXISTS "auth_permission_content_type_id_2f476e4b" ON "auth_permission" ("content_type_id");
CREATE UNIQUE INDEX "users_user_groups_user_id_group_id_b88eab82_uniq" ON "users_user_groups" ("user_id", "group_id");
CREATE INDEX IF NOT EXISTS "users_user_groups_user_id_5f6f5a90" ON "users_user_groups" ("user_id");
CREATE INDEX IF NOT EXISTS "users_user_groups_group_id_9afc8d0e" ON "users_user_groups" ("group_id");
CREATE UNIQUE INDEX "users_user_user_permissions_user_id_permission_id_43338c45_uniq" ON "users_user_user_permissions" ("user_id", "permission_id");
CREATE INDEX IF NOT EXISTS "users_user_user_permissions_user_id_20aca447" ON "users_user_user_permissions" ("user_id");
CREATE INDEX IF NOT EXISTS "users_user_user_permissions_permission_id_0b93982e" ON "users_user_user_permissions" ("permission_id");
CREATE INDEX IF NOT EXISTS "django_admin_log_content_type_id_c4bce8eb" ON "django_admin_log" ("content_type_id");
CREATE INDEX IF NOT EXISTS "django_admin_log_user_id_c564eba6" ON "django_admin_log" ("user_id");
CREATE INDEX IF NOT EXISTS "django_session_expire_date_a5c62663" ON "django_session" ("expire_date");
CREATE INDEX IF NOT EXISTS "store_truck_details_truck_owner_id_155e372c" ON "store_truck_details" ("truck_owner_id");
CREATE INDEX IF NOT EXISTS "transactions_request_edit_builty_id_17f4ac6b" ON "transactions_request_edit" ("builty_id");
CREATE INDEX IF NOT EXISTS "transactions_request_edit_user_id_296a97e5" ON "transactions_request_edit" ("user_id");
CREATE INDEX IF NOT EXISTS "transactions_ack_builty_id_e9cf4eb9" ON "transactions_ack" ("builty_id");
CREATE INDEX IF NOT EXISTS "store_rate_to_station_id_71b5e0d1" ON "store_rate" ("to_station_id");
CREATE INDEX IF NOT EXISTS "store_rate_from_station_id_cf4de4c2" ON "store_rate" ("from_station_id");
CREATE INDEX IF NOT EXISTS "store_district_office_location_id_def88825" ON "store_district" ("office_location_id");
CREATE INDEX IF NOT EXISTS "users_user_company_id_14799323" ON "users_user" ("company_id");
CREATE INDEX IF NOT EXISTS "users_user_office_location_id_9bf9b0fd" ON "users_user" ("office_location_id");
CREATE INDEX IF NOT EXISTS "store_article_company_name_id_236802e6" ON "store_article" ("company_name_id");
CREATE INDEX IF NOT EXISTS "store_article_consignor_id_170c72fc" ON "store_article" ("consignor_id");
CREATE INDEX IF NOT EXISTS "store_article_office_location_id_216b5e85" ON "store_article" ("office_location_id");
CREATE INDEX IF NOT EXISTS "store_consignor_company_id_9fdf29a0" ON "store_consignor" ("company_id");
CREATE INDEX IF NOT EXISTS "store_consignor_office_location_id_709e205e" ON "store_consignor" ("office_location_id");
CREATE INDEX IF NOT EXISTS "store_onaccount_company_id_8283503d" ON "store_onaccount" ("company_id");
CREATE INDEX IF NOT EXISTS "store_onaccount_office_location_id_d8877177" ON "store_onaccount" ("office_location_id");
CREATE INDEX IF NOT EXISTS "store_station_taluka_id_51032d3b" ON "store_station" ("taluka_id");
CREATE INDEX IF NOT EXISTS "store_station_office_location_id_cc8d1da0" ON "store_station" ("office_location_id");
CREATE INDEX IF NOT EXISTS "store_taluka_district_id_63ffbdb2" ON "store_taluka" ("district_id");
CREATE INDEX IF NOT EXISTS "store_taluka_office_location_id_5a2300b5" ON "store_taluka" ("office_location_id");
CREATE INDEX IF NOT EXISTS "store_from_station_office_location_id_f8e96d27" ON "store_from_station" ("office_location_id");
CREATE INDEX IF NOT EXISTS "store_from_station_taluka_id_b0acd45a" ON "store_from_station" ("taluka_id");
CREATE INDEX IF NOT EXISTS "transactions_builty_article_id_9ef4500b" ON "transactions_builty" ("article_id");
CREATE INDEX IF NOT EXISTS "transactions_builty_company_id_e5faf59d" ON "transactions_builty" ("company_id");
CREATE INDEX IF NOT EXISTS "transactions_builty_consignor_id_abafe990" ON "transactions_builty" ("consignor_id");
CREATE INDEX IF NOT EXISTS "transactions_builty_district_id_32c090e4" ON "transactions_builty" ("district_id");
CREATE INDEX IF NOT EXISTS "transactions_builty_onaccount_id_35cc36f3" ON "transactions_builty" ("onaccount_id");
CREATE INDEX IF NOT EXISTS "transactions_builty_petrol_pump_id_9922ae78" ON "transactions_builty" ("petrol_pump_id");
CREATE INDEX IF NOT EXISTS "transactions_builty_station_to_id_8018ef07" ON "transactions_builty" ("station_to_id");
CREATE INDEX IF NOT EXISTS "transactions_builty_taluka_id_3af43376" ON "transactions_builty" ("taluka_id");
CREATE INDEX IF NOT EXISTS "transactions_builty_truck_details_id_7724d30a" ON "transactions_builty" ("truck_details_id");
CREATE INDEX IF NOT EXISTS "transactions_builty_truck_owner_id_74656a52" ON "transactions_builty" ("truck_owner_id");
CREATE INDEX IF NOT EXISTS "transactions_builty_user_id_82211060" ON "transactions_builty" ("user_id");
CREATE INDEX IF NOT EXISTS "transactions_builty_station_from_id_0fc95978" ON "transactions_builty" ("station_from_id");
CREATE TABLE IF NOT EXISTS "auth_permission" ("id" integer NOT NULL PRIMARY KEY AUTOINCREMENT, "content_type_id" integer NOT NULL REFERENCES "django_content_type" ("id") DEFERRABLE INITIALLY DEFERRED, "codename" varchar(100) NOT NULL, "name" varchar(255) NOT NULL);
INSERT INTO "auth_permission" VALUES(1,1,'add_logentry','Can add log entry');
INSERT INTO "auth_permission" VALUES(2,1,'change_logentry','Can change log entry');
INSERT INTO "auth_permission" VALUES(3,1,'delete_logentry','Can delete log entry');
INSERT INTO "auth_permission" VALUES(4,1,'view_logentry','Can view log entry');
INSERT INTO "auth_permission" VALUES(5,2,'add_permission','Can add permission');
INSERT INTO "auth_permission" VALUES(6,2,'change_permission','Can change permission');
INSERT INTO "auth_permission" VALUES(7,2,'delete_permission','Can delete permission');
INSERT INTO "auth_permission" VALUES(8,2,'view_permission','Can view permission');
INSERT INTO "auth_permission" VALUES(9,3,'add_group','Can add group');
INSERT INTO "auth_permission" VALUES(10,3,'change_group','Can change group');
INSERT INTO "auth_permission" VALUES(11,3,'delete_group','Can delete group');
INSERT INTO "auth_permission" VALUES(12,3,'view_group','Can view group');
INSERT INTO "auth_permission" VALUES(13,4,'add_contenttype','Can add content type');
INSERT INTO "auth_permission" VALUES(14,4,'change_contenttype','Can change content type');
INSERT INTO "auth_permission" VALUES(15,4,'delete_contenttype','Can delete content type');
INSERT INTO "auth_permission" VALUES(16,4,'view_contenttype','Can view content type');
INSERT INTO "auth_permission" VALUES(17,5,'add_session','Can add session');
INSERT INTO "auth_permission" VALUES(18,5,'change_session','Can change session');
INSERT INTO "auth_permission" VALUES(19,5,'delete_session','Can delete session');
INSERT INTO "auth_permission" VALUES(20,5,'view_session','Can view session');
INSERT INTO "auth_permission" VALUES(21,6,'add_user','Can add user');
INSERT INTO "auth_permission" VALUES(22,6,'change_user','Can change user');
INSERT INTO "auth_permission" VALUES(23,6,'delete_user','Can delete user');
INSERT INTO "auth_permission" VALUES(24,6,'view_user','Can view user');
INSERT INTO "auth_permission" VALUES(25,7,'add_company','Can add company');
INSERT INTO "auth_permission" VALUES(26,7,'change_company','Can change company');
INSERT INTO "auth_permission" VALUES(27,7,'delete_company','Can delete company');
INSERT INTO "auth_permission" VALUES(28,7,'view_company','Can view company');
INSERT INTO "auth_permission" VALUES(29,8,'add_district','Can add district');
INSERT INTO "auth_permission" VALUES(30,8,'change_district','Can change district');
INSERT INTO "auth_permission" VALUES(31,8,'delete_district','Can delete district');
INSERT INTO "auth_permission" VALUES(32,8,'view_district','Can view district');
INSERT INTO "auth_permission" VALUES(33,9,'add_station','Can add station');
INSERT INTO "auth_permission" VALUES(34,9,'change_station','Can change station');
INSERT INTO "auth_permission" VALUES(35,9,'delete_station','Can delete station');
INSERT INTO "auth_permission" VALUES(36,9,'view_station','Can view station');
INSERT INTO "auth_permission" VALUES(37,10,'add_truck_details','Can add truck_details');
INSERT INTO "auth_permission" VALUES(38,10,'change_truck_details','Can change truck_details');
INSERT INTO "auth_permission" VALUES(39,10,'delete_truck_details','Can delete truck_details');
INSERT INTO "auth_permission" VALUES(40,10,'view_truck_details','Can view truck_details');
INSERT INTO "auth_permission" VALUES(41,11,'add_truck_owner','Can add truck_owner');
INSERT INTO "auth_permission" VALUES(42,11,'change_truck_owner','Can change truck_owner');
INSERT INTO "auth_permission" VALUES(43,11,'delete_truck_owner','Can delete truck_owner');
INSERT INTO "auth_permission" VALUES(44,11,'view_truck_owner','Can view truck_owner');
INSERT INTO "auth_permission" VALUES(45,12,'add_taluka','Can add taluka');
INSERT INTO "auth_permission" VALUES(46,12,'change_taluka','Can change taluka');
INSERT INTO "auth_permission" VALUES(47,12,'delete_taluka','Can delete taluka');
INSERT INTO "auth_permission" VALUES(48,12,'view_taluka','Can view taluka');
INSERT INTO "auth_permission" VALUES(49,13,'add_onaccount','Can add onaccount');
INSERT INTO "auth_permission" VALUES(50,13,'change_onaccount','Can change onaccount');
INSERT INTO "auth_permission" VALUES(51,13,'delete_onaccount','Can delete onaccount');
INSERT INTO "auth_permission" VALUES(52,13,'view_onaccount','Can view onaccount');
INSERT INTO "auth_permission" VALUES(53,14,'add_consignor','Can add consignor');
INSERT INTO "auth_permission" VALUES(54,14,'change_consignor','Can change consignor');
INSERT INTO "auth_permission" VALUES(55,14,'delete_consignor','Can delete consignor');
INSERT INTO "auth_permission" VALUES(56,14,'view_consignor','Can view consignor');
INSERT INTO "auth_permission" VALUES(57,15,'add_article','Can add article');
INSERT INTO "auth_permission" VALUES(58,15,'change_article','Can change article');
INSERT INTO "auth_permission" VALUES(59,15,'delete_article','Can delete article');
INSERT INTO "auth_permission" VALUES(60,15,'view_article','Can view article');
INSERT INTO "auth_permission" VALUES(61,16,'add_rate','Can add rate');
INSERT INTO "auth_permission" VALUES(62,16,'change_rate','Can change rate');
INSERT INTO "auth_permission" VALUES(63,16,'delete_rate','Can delete rate');
INSERT INTO "auth_permission" VALUES(64,16,'view_rate','Can view rate');
INSERT INTO "auth_permission" VALUES(65,17,'add_petrol_pump','Can add petrol_pump');
INSERT INTO "auth_permission" VALUES(66,17,'change_petrol_pump','Can change petrol_pump');
INSERT INTO "auth_permission" VALUES(67,17,'delete_petrol_pump','Can delete petrol_pump');
INSERT INTO "auth_permission" VALUES(68,17,'view_petrol_pump','Can view petrol_pump');
INSERT INTO "auth_permission" VALUES(69,18,'add_driver','Can add driver');
INSERT INTO "auth_permission" VALUES(70,18,'change_driver','Can change driver');
INSERT INTO "auth_permission" VALUES(71,18,'delete_driver','Can delete driver');
INSERT INTO "auth_permission" VALUES(72,18,'view_driver','Can view driver');
INSERT INTO "auth_permission" VALUES(73,19,'add_ack','Can add ack');
INSERT INTO "auth_permission" VALUES(74,19,'change_ack','Can change ack');
INSERT INTO "auth_permission" VALUES(75,19,'delete_ack','Can delete ack');
INSERT INTO "auth_permission" VALUES(76,19,'view_ack','Can view ack');
INSERT INTO "auth_permission" VALUES(77,20,'add_builty','Can add builty');
INSERT INTO "auth_permission" VALUES(78,20,'change_builty','Can change builty');
INSERT INTO "auth_permission" VALUES(79,20,'delete_builty','Can delete builty');
INSERT INTO "auth_permission" VALUES(80,20,'view_builty','Can view builty');
INSERT INTO "auth_permission" VALUES(81,21,'add_sub_trip','Can add sub_trip');
INSERT INTO "auth_permission" VALUES(82,21,'change_sub_trip','Can change sub_trip');
INSERT INTO "auth_permission" VALUES(83,21,'delete_sub_trip','Can delete sub_trip');
INSERT INTO "auth_permission" VALUES(84,21,'view_sub_trip','Can view sub_trip');
INSERT INTO "auth_permission" VALUES(85,22,'add_request_edit','Can add request_edit');
INSERT INTO "auth_permission" VALUES(86,22,'change_request_edit','Can change request_edit');
INSERT INTO "auth_permission" VALUES(87,22,'delete_request_edit','Can delete request_edit');
INSERT INTO "auth_permission" VALUES(88,22,'view_request_edit','Can view request_edit');
INSERT INTO "auth_permission" VALUES(89,23,'add_office_location','Can add office_location');
INSERT INTO "auth_permission" VALUES(90,23,'change_office_location','Can change office_location');
INSERT INTO "auth_permission" VALUES(91,23,'delete_office_location','Can delete office_location');
INSERT INTO "auth_permission" VALUES(92,23,'view_office_location','Can view office_location');
INSERT INTO "auth_permission" VALUES(93,24,'add_from_station','Can add from_station');
INSERT INTO "auth_permission" VALUES(94,24,'change_from_station','Can change from_station');
INSERT INTO "auth_permission" VALUES(95,24,'delete_from_station','Can delete from_station');
INSERT INTO "auth_permission" VALUES(96,24,'view_from_station','Can view from_station');
CREATE UNIQUE INDEX "django_content_type_app_label_model_76bd3d3b_uniq" ON "django_content_type" ("app_label", "model");
CREATE UNIQUE INDEX "auth_group_permissions_group_id_permission_id_0cd325b0_uniq" ON "auth_group_permissions" ("group_id", "permission_id");
CREATE INDEX IF NOT EXISTS "auth_group_permissions_group_id_b120cbf9" ON "auth_group_permissions" ("group_id");
CREATE INDEX IF NOT EXISTS "auth_group_permissions_permission_id_84c5c92e" ON "auth_group_permissions" ("permission_id");
CREATE UNIQUE INDEX "auth_permission_content_type_id_codename_01ab375a_uniq" ON "auth_permission" ("content_type_id", "codename");
CREATE INDEX IF NOT EXISTS "auth_permission_content_type_id_2f476e4b" ON "auth_permission" ("content_type_id");
CREATE UNIQUE INDEX "users_user_groups_user_id_group_id_b88eab82_uniq" ON "users_user_groups" ("user_id", "group_id");
CREATE INDEX IF NOT EXISTS "users_user_groups_user_id_5f6f5a90" ON "users_user_groups" ("user_id");
CREATE INDEX IF NOT EXISTS "users_user_groups_group_id_9afc8d0e" ON "users_user_groups" ("group_id");
CREATE UNIQUE INDEX "users_user_user_permissions_user_id_permission_id_43338c45_uniq" ON "users_user_user_permissions" ("user_id", "permission_id");
CREATE INDEX IF NOT EXISTS "users_user_user_permissions_user_id_20aca447" ON "users_user_user_permissions" ("user_id");
CREATE INDEX IF NOT EXISTS "users_user_user_permissions_permission_id_0b93982e" ON "users_user_user_permissions" ("permission_id");
CREATE INDEX IF NOT EXISTS "django_admin_log_content_type_id_c4bce8eb" ON "django_admin_log" ("content_type_id");
CREATE INDEX IF NOT EXISTS "django_admin_log_user_id_c564eba6" ON "django_admin_log" ("user_id");
CREATE INDEX IF NOT EXISTS "django_session_expire_date_a5c62663" ON "django_session" ("expire_date");
CREATE INDEX IF NOT EXISTS "store_truck_details_truck_owner_id_155e372c" ON "store_truck_details" ("truck_owner_id");
CREATE INDEX IF NOT EXISTS "transactions_request_edit_builty_id_17f4ac6b" ON "transactions_request_edit" ("builty_id");
CREATE INDEX IF NOT EXISTS "transactions_request_edit_user_id_296a97e5" ON "transactions_request_edit" ("user_id");
CREATE INDEX IF NOT EXISTS "transactions_ack_builty_id_e9cf4eb9" ON "transactions_ack" ("builty_id");
CREATE INDEX IF NOT EXISTS "store_rate_to_station_id_71b5e0d1" ON "store_rate" ("to_station_id");
CREATE INDEX IF NOT EXISTS "store_rate_from_station_id_cf4de4c2" ON "store_rate" ("from_station_id");
CREATE INDEX IF NOT EXISTS "store_district_office_location_id_def88825" ON "store_district" ("office_location_id");
CREATE INDEX IF NOT EXISTS "users_user_company_id_14799323" ON "users_user" ("company_id");
CREATE INDEX IF NOT EXISTS "users_user_office_location_id_9bf9b0fd" ON "users_user" ("office_location_id");
CREATE INDEX IF NOT EXISTS "store_article_company_name_id_236802e6" ON "store_article" ("company_name_id");
CREATE INDEX IF NOT EXISTS "store_article_consignor_id_170c72fc" ON "store_article" ("consignor_id");
CREATE INDEX IF NOT EXISTS "store_article_office_location_id_216b5e85" ON "store_article" ("office_location_id");
CREATE INDEX IF NOT EXISTS "store_consignor_company_id_9fdf29a0" ON "store_consignor" ("company_id");
CREATE INDEX IF NOT EXISTS "store_consignor_office_location_id_709e205e" ON "store_consignor" ("office_location_id");
CREATE INDEX IF NOT EXISTS "store_onaccount_company_id_8283503d" ON "store_onaccount" ("company_id");
CREATE INDEX IF NOT EXISTS "store_onaccount_office_location_id_d8877177" ON "store_onaccount" ("office_location_id");
CREATE INDEX IF NOT EXISTS "store_station_taluka_id_51032d3b" ON "store_station" ("taluka_id");
CREATE INDEX IF NOT EXISTS "store_station_office_location_id_cc8d1da0" ON "store_station" ("office_location_id");
CREATE INDEX IF NOT EXISTS "store_taluka_district_id_63ffbdb2" ON "store_taluka" ("district_id");
CREATE INDEX IF NOT EXISTS "store_taluka_office_location_id_5a2300b5" ON "store_taluka" ("office_location_id");
CREATE INDEX IF NOT EXISTS "store_from_station_office_location_id_f8e96d27" ON "store_from_station" ("office_location_id");
CREATE INDEX IF NOT EXISTS "store_from_station_taluka_id_b0acd45a" ON "store_from_station" ("taluka_id");
CREATE INDEX IF NOT EXISTS "transactions_builty_article_id_9ef4500b" ON "transactions_builty" ("article_id");
CREATE INDEX IF NOT EXISTS "transactions_builty_company_id_e5faf59d" ON "transactions_builty" ("company_id");
CREATE INDEX IF NOT EXISTS "transactions_builty_consignor_id_abafe990" ON "transactions_builty" ("consignor_id");
CREATE INDEX IF NOT EXISTS "transactions_builty_district_id_32c090e4" ON "transactions_builty" ("district_id");
CREATE INDEX IF NOT EXISTS "transactions_builty_onaccount_id_35cc36f3" ON "transactions_builty" ("onaccount_id");
CREATE INDEX IF NOT EXISTS "transactions_builty_petrol_pump_id_9922ae78" ON "transactions_builty" ("petrol_pump_id");
CREATE INDEX IF NOT EXISTS "transactions_builty_station_to_id_8018ef07" ON "transactions_builty" ("station_to_id");
CREATE INDEX IF NOT EXISTS "transactions_builty_taluka_id_3af43376" ON "transactions_builty" ("taluka_id");
CREATE INDEX IF NOT EXISTS "transactions_builty_truck_details_id_7724d30a" ON "transactions_builty" ("truck_details_id");
CREATE INDEX IF NOT EXISTS "transactions_builty_truck_owner_id_74656a52" ON "transactions_builty" ("truck_owner_id");
CREATE INDEX IF NOT EXISTS "transactions_builty_user_id_82211060" ON "transactions_builty" ("user_id");
CREATE INDEX IF NOT EXISTS "transactions_builty_station_from_id_0fc95978" ON "transactions_builty" ("station_from_id");
CREATE TABLE IF NOT EXISTS "django_admin_log" ("id" integer NOT NULL PRIMARY KEY AUTOINCREMENT, "action_time" datetime NOT NULL, "object_id" text NULL, "object_repr" varchar(200) NOT NULL, "change_message" text NOT NULL, "content_type_id" integer NULL REFERENCES "django_content_type" ("id") DEFERRABLE INITIALLY DEFERRED, "user_id" bigint NOT NULL REFERENCES "users_user" ("id") DEFERRABLE INITIALLY DEFERRED, "action_flag" smallint unsigned NOT NULL CHECK ("action_flag" >= 0));
INSERT INTO "django_admin_log" VALUES(1,'2023-03-18 12:56:14.012600','1','admin','[{"changed": {"fields": ["Company"]}}]',6,1,2);
INSERT INTO "django_admin_log" VALUES(2,'2023-03-20 07:57:17.445174','3','SAHANI GOODS TRANSPORT','[{"changed": {"fields": ["Balance"]}}]',20,1,2);
INSERT INTO "django_admin_log" VALUES(3,'2023-03-31 10:01:15.694765','12','SAHANI GOODS TRANSPORT','[{"changed": {"fields": ["Less advance", "Less tds", "Balance"]}}]',20,1,2);
INSERT INTO "django_admin_log" VALUES(4,'2023-03-31 10:01:27.370247','11','SAHANI GOODS TRANSPORT','[{"changed": {"fields": ["Rate", "Mt", "Less advance", "Less tds", "Balance"]}}]',20,1,2);
INSERT INTO "django_admin_log" VALUES(5,'2023-03-31 10:01:33.912932','10','SAHANI GOODS TRANSPORT','[{"changed": {"fields": ["Mt", "Freight", "Less advance", "Less tds", "Balance"]}}]',20,1,2);
INSERT INTO "django_admin_log" VALUES(6,'2023-03-31 10:02:46.386414','13','SAHANI GOODS TRANSPORT','[{"changed": {"fields": ["Less tds"]}}]',20,1,2);
INSERT INTO "django_admin_log" VALUES(7,'2023-03-31 10:03:21.407872','13','SAHANI GOODS TRANSPORT','',20,1,3);
INSERT INTO "django_admin_log" VALUES(8,'2023-03-31 10:03:21.473424','12','SAHANI GOODS TRANSPORT','',20,1,3);
INSERT INTO "django_admin_log" VALUES(9,'2023-03-31 10:03:21.509977','11','SAHANI GOODS TRANSPORT','',20,1,3);
INSERT INTO "django_admin_log" VALUES(10,'2023-03-31 10:03:21.535436','10','SAHANI GOODS TRANSPORT','',20,1,3);
INSERT INTO "django_admin_log" VALUES(11,'2023-03-31 10:03:21.577440','9','SAHANI GOODS TRANSPORT','',20,1,3);
INSERT INTO "django_admin_log" VALUES(12,'2023-03-31 10:03:21.641369','8','SAHANI GOODS TRANSPORT','',20,1,3);
INSERT INTO "django_admin_log" VALUES(13,'2023-03-31 10:03:21.729381','7','SAHANI GOODS TRANSPORT','',20,1,3);
INSERT INTO "django_admin_log" VALUES(14,'2023-03-31 10:03:21.811706','6','SAHANI GOODS TRANSPORT','',20,1,3);
INSERT INTO "django_admin_log" VALUES(15,'2023-03-31 10:03:21.867008','5','SAHANI GOODS TRANSPORT','',20,1,3);
INSERT INTO "django_admin_log" VALUES(16,'2023-03-31 10:03:21.890012','4','SAHANI GOODS TRANSPORT','',20,1,3);
INSERT INTO "django_admin_log" VALUES(17,'2023-03-31 10:03:21.915735','3','SAHANI GOODS TRANSPORT','',20,1,3);
INSERT INTO "django_admin_log" VALUES(18,'2023-03-31 10:03:21.939595','2','SAHANI GOODS TRANSPORT','',20,1,3);
INSERT INTO "django_admin_log" VALUES(19,'2023-03-31 10:03:21.978486','1','SAHANI GOODS TRANSPORT','',20,1,3);
INSERT INTO "django_admin_log" VALUES(20,'2023-03-31 10:14:49.270076','14','SAHANI GOODS TRANSPORT','',20,1,3);
INSERT INTO "django_admin_log" VALUES(21,'2023-03-31 22:52:58.892111','17','SAHANI GOODS TRANSPORT','',20,1,3);
INSERT INTO "django_admin_log" VALUES(22,'2023-03-31 22:52:58.915729','16','SAHANI GOODS TRANSPORT','',20,1,3);
INSERT INTO "django_admin_log" VALUES(23,'2023-03-31 22:52:58.934545','15','SAHANI GOODS TRANSPORT','',20,1,3);
INSERT INTO "django_admin_log" VALUES(24,'2023-04-01 12:37:09.735956','19','UTCL-2','',20,1,3);
INSERT INTO "django_admin_log" VALUES(25,'2023-04-01 12:37:09.770006','18','UTCL-1','',20,1,3);
INSERT INTO "django_admin_log" VALUES(26,'2023-04-01 12:37:24.448165','20','UTCL-1','[{"changed": {"fields": ["Builty no"]}}]',20,1,2);
INSERT INTO "django_admin_log" VALUES(27,'2023-04-01 12:37:33.453161','21','UTCL-2','[{"changed": {"fields": ["Builty no"]}}]',20,1,2);
INSERT INTO "django_admin_log" VALUES(28,'2023-04-01 12:37:42.118245','22','UTCL-4','[{"changed": {"fields": ["Builty no"]}}]',20,1,2);
INSERT INTO "django_admin_log" VALUES(29,'2023-04-01 12:37:50.102234','22','UTCL-3','[{"changed": {"fields": ["Builty no"]}}]',20,1,2);
INSERT INTO "django_admin_log" VALUES(30,'2023-04-01 12:38:00.777213','23','UTCL-4','[{"changed": {"fields": ["Builty no"]}}]',20,1,2);
INSERT INTO "django_admin_log" VALUES(31,'2023-04-01 12:38:09.938773','24','UTCL-5','[{"changed": {"fields": ["Builty no"]}}]',20,1,2);
INSERT INTO "django_admin_log" VALUES(32,'2023-04-01 12:38:40.023172','25','UTCL-6','[{"changed": {"fields": ["Builty no"]}}]',20,1,2);
INSERT INTO "django_admin_log" VALUES(33,'2023-04-01 12:38:48.439781','26','UTCL-7','[{"changed": {"fields": ["Builty no"]}}]',20,1,2);
INSERT INTO "django_admin_log" VALUES(34,'2023-04-02 10:04:28.048489','40','UTCL-21','',20,1,3);
INSERT INTO "django_admin_log" VALUES(35,'2023-04-02 10:04:28.070648','38','UTCL-19','',20,1,3);
INSERT INTO "django_admin_log" VALUES(36,'2023-04-02 10:04:28.089777','37','UTCL-18','',20,1,3);
INSERT INTO "django_admin_log" VALUES(37,'2023-04-02 10:04:28.108927','36','UTCL-17','',20,1,3);
INSERT INTO "django_admin_log" VALUES(38,'2023-04-02 10:04:28.128662','35','UTCL-16','',20,1,3);
INSERT INTO "django_admin_log" VALUES(39,'2023-04-02 10:04:28.148805','34','UTCL-15','',20,1,3);
INSERT INTO "django_admin_log" VALUES(40,'2023-04-02 10:04:28.170252','33','UTCL-14','',20,1,3);
INSERT INTO "django_admin_log" VALUES(41,'2023-04-02 10:04:50.934267','39','UTCL-14','[{"changed": {"fields": ["Builty no"]}}]',20,1,2);
INSERT INTO "django_admin_log" VALUES(42,'2023-04-03 09:41:07.752233','52','UTCL-26','',20,1,3);
INSERT INTO "django_admin_log" VALUES(43,'2023-04-03 09:41:07.886845','51','UTCL-25','',20,1,3);
INSERT INTO "django_admin_log" VALUES(44,'2023-04-03 09:41:07.940383','50','UTCL-24','',20,1,3);
INSERT INTO "django_admin_log" VALUES(45,'2023-04-03 09:48:11.850985','22','UTCL-3','[{"changed": {"fields": ["User"]}}]',20,1,2);
INSERT INTO "django_admin_log" VALUES(46,'2023-04-03 09:48:25.340316','24','UTCL-5','[{"changed": {"fields": ["User"]}}]',20,1,2);
INSERT INTO "django_admin_log" VALUES(47,'2023-04-05 17:05:49.255410','29','KHAMGAON GODOWN','[{"changed": {"fields": ["Office location"]}}]',9,1,2);
INSERT INTO "django_admin_log" VALUES(48,'2023-04-05 17:37:35.159732','16','CHIKALI','',12,1,3);
INSERT INTO "django_admin_log" VALUES(49,'2023-04-05 17:37:44.679839','43','CHIKHALI','[{"changed": {"fields": ["Office location"]}}]',12,1,2);
INSERT INTO "django_admin_log" VALUES(50,'2023-04-05 17:38:35.718065','42','SHEGAO','',12,1,3);
INSERT INTO "django_admin_log" VALUES(51,'2023-04-05 17:41:07.230096','15','SHEGAON','',12,1,3);
INSERT INTO "django_admin_log" VALUES(52,'2023-04-05 18:01:21.304707','54','BULDHANA','',12,1,3);
INSERT INTO "django_admin_log" VALUES(53,'2023-04-05 18:03:02.658146','2','BULDHANA','[{"changed": {"fields": ["Office location"]}}]',8,1,2);
INSERT INTO "django_admin_log" VALUES(54,'2023-04-05 18:05:09.682144','2','BULDHANA','',8,1,3);
INSERT INTO "django_admin_log" VALUES(55,'2023-04-05 18:19:07.497645','43','CHIKHALI','[{"changed": {"fields": ["Office location"]}}]',12,1,2);
INSERT INTO "django_admin_log" VALUES(56,'2023-04-08 09:54:43.772122','4','PMT','',6,1,3);
INSERT INTO "django_admin_log" VALUES(57,'2023-04-10 07:37:02.312011','95','DHAD','[{"changed": {"fields": ["Office location"]}}]',9,1,2);
INSERT INTO "django_admin_log" VALUES(58,'2023-04-10 10:11:58.774613','43','CHIKHALI','[{"changed": {"fields": ["Office location"]}}]',12,1,2);
INSERT INTO "django_admin_log" VALUES(59,'2023-04-10 11:48:38.095274','63','MANASGAON','[{"changed": {"fields": ["Office location"]}}]',12,1,2);
INSERT INTO "django_admin_log" VALUES(60,'2023-04-11 09:54:08.009170','46','MEHKAR','[{"changed": {"fields": ["Office location"]}}]',12,1,2);
INSERT INTO "django_admin_log" VALUES(61,'2023-04-13 09:44:25.968802','94','Anand Traders','[{"changed": {"fields": ["Office location"]}}]',13,1,2);
INSERT INTO "django_admin_log" VALUES(62,'2023-04-13 09:47:11.328458','1','CKK','',13,1,3);
INSERT INTO "django_admin_log" VALUES(63,'2023-04-13 09:49:16.443640','5','KASTURI ENTERPRISES','',13,1,3);
INSERT INTO "django_admin_log" VALUES(64,'2023-04-13 09:49:25.693475','4','KASTURI ENTERPRISES','',13,1,3);
INSERT INTO "django_admin_log" VALUES(65,'2023-04-13 09:49:37.738772','3','KASTURI ENTERPRISES','',13,1,3);
INSERT INTO "django_admin_log" VALUES(66,'2023-04-15 09:36:10.054182','2','UTCL -','',14,1,3);
INSERT INTO "django_admin_log" VALUES(67,'2023-04-19 11:19:10.871792','3','P M TRADERS','',7,1,3);
INSERT INTO "django_admin_log" VALUES(68,'2023-04-19 11:19:10.912686','2','PARAMDEEP SINGH SAHANI','',7,1,3);
INSERT INTO "django_admin_log" VALUES(69,'2023-04-19 11:19:41.990188','3','asAs','',23,1,3);
INSERT INTO "django_admin_log" VALUES(70,'2023-04-19 12:13:22.335867','27','JAMTHI','[{"changed": {"fields": ["Office location"]}}]',24,1,2);
INSERT INTO "django_admin_log" VALUES(71,'2023-04-19 12:14:22.911492','27','JAMTHI','[{"changed": {"fields": ["Office location"]}}]',9,1,2);
INSERT INTO "django_admin_log" VALUES(72,'2023-04-19 12:15:35.192850','27','JAMTHI','[{"changed": {"fields": ["Office location"]}}]',9,1,2);
INSERT INTO "django_admin_log" VALUES(73,'2023-04-19 12:15:35.940522','27','JAMTHI','[]',9,1,2);
INSERT INTO "django_admin_log" VALUES(74,'2023-04-19 12:15:55.647602','27','JAMTHI','[{"changed": {"fields": ["Office location"]}}]',24,1,2);
INSERT INTO "django_admin_log" VALUES(75,'2023-04-20 22:19:42.512628','137','UTCL-176','',19,1,3);
INSERT INTO "django_admin_log" VALUES(76,'2023-04-20 22:19:42.535202','136','UTCL-176','',19,1,3);
INSERT INTO "django_admin_log" VALUES(77,'2023-04-20 22:19:42.562858','135','UTCL-176','',19,1,3);
INSERT INTO "django_admin_log" VALUES(78,'2023-04-20 22:19:42.585272','134','UTCL-176','',19,1,3);
INSERT INTO "django_admin_log" VALUES(79,'2023-04-26 11:02:07.285460','4','SMARTCHEM TECHNOLOGIES LTD','',14,1,3);
INSERT INTO "django_admin_log" VALUES(80,'2023-04-30 09:33:12.552292','88','AKOLA RAILHEAD','',12,1,3);
INSERT INTO "django_admin_log" VALUES(81,'2023-04-30 09:33:12.578047','87','AKOLA GODOWN','',12,1,3);
INSERT INTO "django_admin_log" VALUES(82,'2023-04-30 11:59:37.960152','1241','UTCL-KHAM-861','[{"changed": {"fields": ["Deleted"]}}]',20,1,2);
CREATE UNIQUE INDEX "django_content_type_app_label_model_76bd3d3b_uniq" ON "django_content_type" ("app_label", "model");
CREATE UNIQUE INDEX "auth_group_permissions_group_id_permission_id_0cd325b0_uniq" ON "auth_group_permissions" ("group_id", "permission_id");
CREATE INDEX IF NOT EXISTS "auth_group_permissions_group_id_b120cbf9" ON "auth_group_permissions" ("group_id");
CREATE INDEX IF NOT EXISTS "auth_group_permissions_permission_id_84c5c92e" ON "auth_group_permissions" ("permission_id");
CREATE UNIQUE INDEX "auth_permission_content_type_id_codename_01ab375a_uniq" ON "auth_permission" ("content_type_id", "codename");
CREATE INDEX IF NOT EXISTS "auth_permission_content_type_id_2f476e4b" ON "auth_permission" ("content_type_id");
CREATE UNIQUE INDEX "users_user_groups_user_id_group_id_b88eab82_uniq" ON "users_user_groups" ("user_id", "group_id");
CREATE INDEX IF NOT EXISTS "users_user_groups_user_id_5f6f5a90" ON "users_user_groups" ("user_id");
CREATE INDEX IF NOT EXISTS "users_user_groups_group_id_9afc8d0e" ON "users_user_groups" ("group_id");
CREATE UNIQUE INDEX "users_user_user_permissions_user_id_permission_id_43338c45_uniq" ON "users_user_user_permissions" ("user_id", "permission_id");
CREATE INDEX IF NOT EXISTS "users_user_user_permissions_user_id_20aca447" ON "users_user_user_permissions" ("user_id");
CREATE INDEX IF NOT EXISTS "users_user_user_permissions_permission_id_0b93982e" ON "users_user_user_permissions" ("permission_id");
CREATE INDEX IF NOT EXISTS "django_admin_log_content_type_id_c4bce8eb" ON "django_admin_log" ("content_type_id");
CREATE INDEX IF NOT EXISTS "django_admin_log_user_id_c564eba6" ON "django_admin_log" ("user_id");
CREATE INDEX IF NOT EXISTS "django_session_expire_date_a5c62663" ON "django_session" ("expire_date");
CREATE INDEX IF NOT EXISTS "store_truck_details_truck_owner_id_155e372c" ON "store_truck_details" ("truck_owner_id");
CREATE INDEX IF NOT EXISTS "transactions_request_edit_builty_id_17f4ac6b" ON "transactions_request_edit" ("builty_id");
CREATE INDEX IF NOT EXISTS "transactions_request_edit_user_id_296a97e5" ON "transactions_request_edit" ("user_id");
CREATE INDEX IF NOT EXISTS "transactions_ack_builty_id_e9cf4eb9" ON "transactions_ack" ("builty_id");
CREATE INDEX IF NOT EXISTS "store_rate_to_station_id_71b5e0d1" ON "store_rate" ("to_station_id");
CREATE INDEX IF NOT EXISTS "store_rate_from_station_id_cf4de4c2" ON "store_rate" ("from_station_id");
CREATE INDEX IF NOT EXISTS "store_district_office_location_id_def88825" ON "store_district" ("office_location_id");
CREATE INDEX IF NOT EXISTS "users_user_company_id_14799323" ON "users_user" ("company_id");
CREATE INDEX IF NOT EXISTS "users_user_office_location_id_9bf9b0fd" ON "users_user" ("office_location_id");
CREATE INDEX IF NOT EXISTS "store_article_company_name_id_236802e6" ON "store_article" ("company_name_id");
CREATE INDEX IF NOT EXISTS "store_article_consignor_id_170c72fc" ON "store_article" ("consignor_id");
CREATE INDEX IF NOT EXISTS "store_article_office_location_id_216b5e85" ON "store_article" ("office_location_id");
CREATE INDEX IF NOT EXISTS "store_consignor_company_id_9fdf29a0" ON "store_consignor" ("company_id");
CREATE INDEX IF NOT EXISTS "store_consignor_office_location_id_709e205e" ON "store_consignor" ("office_location_id");
CREATE INDEX IF NOT EXISTS "store_onaccount_company_id_8283503d" ON "store_onaccount" ("company_id");
CREATE INDEX IF NOT EXISTS "store_onaccount_office_location_id_d8877177" ON "store_onaccount" ("office_location_id");
CREATE INDEX IF NOT EXISTS "store_station_taluka_id_51032d3b" ON "store_station" ("taluka_id");
CREATE INDEX IF NOT EXISTS "store_station_office_location_id_cc8d1da0" ON "store_station" ("office_location_id");
CREATE INDEX IF NOT EXISTS "store_taluka_district_id_63ffbdb2" ON "store_taluka" ("district_id");
CREATE INDEX IF NOT EXISTS "store_taluka_office_location_id_5a2300b5" ON "store_taluka" ("office_location_id");
CREATE INDEX IF NOT EXISTS "store_from_station_office_location_id_f8e96d27" ON "store_from_station" ("office_location_id");
CREATE INDEX IF NOT EXISTS "store_from_station_taluka_id_b0acd45a" ON "store_from_station" ("taluka_id");
CREATE INDEX IF NOT EXISTS "transactions_builty_article_id_9ef4500b" ON "transactions_builty" ("article_id");
CREATE INDEX IF NOT EXISTS "transactions_builty_company_id_e5faf59d" ON "transactions_builty" ("company_id");
CREATE INDEX IF NOT EXISTS "transactions_builty_consignor_id_abafe990" ON "transactions_builty" ("consignor_id");
CREATE INDEX IF NOT EXISTS "transactions_builty_district_id_32c090e4" ON "transactions_builty" ("district_id");
CREATE INDEX IF NOT EXISTS "transactions_builty_onaccount_id_35cc36f3" ON "transactions_builty" ("onaccount_id");
CREATE INDEX IF NOT EXISTS "transactions_builty_petrol_pump_id_9922ae78" ON "transactions_builty" ("petrol_pump_id");
CREATE INDEX IF NOT EXISTS "transactions_builty_station_to_id_8018ef07" ON "transactions_builty" ("station_to_id");
CREATE INDEX IF NOT EXISTS "transactions_builty_taluka_id_3af43376" ON "transactions_builty" ("taluka_id");
CREATE INDEX IF NOT EXISTS "transactions_builty_truck_details_id_7724d30a" ON "transactions_builty" ("truck_details_id");
CREATE INDEX IF NOT EXISTS "transactions_builty_truck_owner_id_74656a52" ON "transactions_builty" ("truck_owner_id");
CREATE INDEX IF NOT EXISTS "transactions_builty_user_id_82211060" ON "transactions_builty" ("user_id");
CREATE INDEX IF NOT EXISTS "transactions_builty_station_from_id_0fc95978" ON "transactions_builty" ("station_from_id");
CREATE TABLE IF NOT EXISTS "django_content_type" ("id" integer NOT NULL PRIMARY KEY AUTOINCREMENT, "app_label" varchar(100) NOT NULL, "model" varchar(100) NOT NULL);
INSERT INTO "django_content_type" VALUES(1,'admin','logentry');
INSERT INTO "django_content_type" VALUES(2,'auth','permission');
INSERT INTO "django_content_type" VALUES(3,'auth','group');
INSERT INTO "django_content_type" VALUES(4,'contenttypes','contenttype');
INSERT INTO "django_content_type" VALUES(5,'sessions','session');
INSERT INTO "django_content_type" VALUES(6,'users','user');
INSERT INTO "django_content_type" VALUES(7,'store','company');
INSERT INTO "django_content_type" VALUES(8,'store','district');
INSERT INTO "django_content_type" VALUES(9,'store','station');
INSERT INTO "django_content_type" VALUES(10,'store','truck_details');
INSERT INTO "django_content_type" VALUES(11,'store','truck_owner');
INSERT INTO "django_content_type" VALUES(12,'store','taluka');
INSERT INTO "django_content_type" VALUES(13,'store','onaccount');
INSERT INTO "django_content_type" VALUES(14,'store','consignor');
INSERT INTO "django_content_type" VALUES(15,'store','article');
INSERT INTO "django_content_type" VALUES(16,'store','rate');
INSERT INTO "django_content_type" VALUES(17,'store','petrol_pump');
INSERT INTO "django_content_type" VALUES(18,'store','driver');
INSERT INTO "django_content_type" VALUES(19,'transactions','ack');
INSERT INTO "django_content_type" VALUES(20,'transactions','builty');
INSERT INTO "django_content_type" VALUES(21,'transactions','sub_trip');
INSERT INTO "django_content_type" VALUES(22,'transactions','request_edit');
INSERT INTO "django_content_type" VALUES(23,'store','office_location');
INSERT INTO "django_content_type" VALUES(24,'store','from_station');
CREATE UNIQUE INDEX "django_content_type_app_label_model_76bd3d3b_uniq" ON "django_content_type" ("app_label", "model");
CREATE UNIQUE INDEX "auth_group_permissions_group_id_permission_id_0cd325b0_uniq" ON "auth_group_permissions" ("group_id", "permission_id");
CREATE INDEX IF NOT EXISTS "auth_group_permissions_group_id_b120cbf9" ON "auth_group_permissions" ("group_id");
CREATE INDEX IF NOT EXISTS "auth_group_permissions_permission_id_84c5c92e" ON "auth_group_permissions" ("permission_id");
CREATE UNIQUE INDEX "auth_permission_content_type_id_codename_01ab375a_uniq" ON "auth_permission" ("content_type_id", "codename");
CREATE INDEX IF NOT EXISTS "auth_permission_content_type_id_2f476e4b" ON "auth_permission" ("content_type_id");
CREATE UNIQUE INDEX "users_user_groups_user_id_group_id_b88eab82_uniq" ON "users_user_groups" ("user_id", "group_id");
CREATE INDEX IF NOT EXISTS "users_user_groups_user_id_5f6f5a90" ON "users_user_groups" ("user_id");
CREATE INDEX IF NOT EXISTS "users_user_groups_group_id_9afc8d0e" ON "users_user_groups" ("group_id");
CREATE UNIQUE INDEX "users_user_user_permissions_user_id_permission_id_43338c45_uniq" ON "users_user_user_permissions" ("user_id", "permission_id");
CREATE INDEX IF NOT EXISTS "users_user_user_permissions_user_id_20aca447" ON "users_user_user_permissions" ("user_id");
CREATE INDEX IF NOT EXISTS "users_user_user_permissions_permission_id_0b93982e" ON "users_user_user_permissions" ("permission_id");
CREATE INDEX IF NOT EXISTS "django_admin_log_content_type_id_c4bce8eb" ON "django_admin_log" ("content_type_id");
CREATE INDEX IF NOT EXISTS "django_admin_log_user_id_c564eba6" ON "django_admin_log" ("user_id");
CREATE INDEX IF NOT EXISTS "django_session_expire_date_a5c62663" ON "django_session" ("expire_date");
CREATE INDEX IF NOT EXISTS "store_truck_details_truck_owner_id_155e372c" ON "store_truck_details" ("truck_owner_id");
CREATE INDEX IF NOT EXISTS "transactions_request_edit_builty_id_17f4ac6b" ON "transactions_request_edit" ("builty_id");
CREATE INDEX IF NOT EXISTS "transactions_request_edit_user_id_296a97e5" ON "transactions_request_edit" ("user_id");
CREATE INDEX IF NOT EXISTS "transactions_ack_builty_id_e9cf4eb9" ON "transactions_ack" ("builty_id");
CREATE INDEX IF NOT EXISTS "store_rate_to_station_id_71b5e0d1" ON "store_rate" ("to_station_id");
CREATE INDEX IF NOT EXISTS "store_rate_from_station_id_cf4de4c2" ON "store_rate" ("from_station_id");
CREATE INDEX IF NOT EXISTS "store_district_office_location_id_def88825" ON "store_district" ("office_location_id");
CREATE INDEX IF NOT EXISTS "users_user_company_id_14799323" ON "users_user" ("company_id");
CREATE INDEX IF NOT EXISTS "users_user_office_location_id_9bf9b0fd" ON "users_user" ("office_location_id");
CREATE INDEX IF NOT EXISTS "store_article_company_name_id_236802e6" ON "store_article" ("company_name_id");
CREATE INDEX IF NOT EXISTS "store_article_consignor_id_170c72fc" ON "store_article" ("consignor_id");
CREATE INDEX IF NOT EXISTS "store_article_office_location_id_216b5e85" ON "store_article" ("office_location_id");
CREATE INDEX IF NOT EXISTS "store_consignor_company_id_9fdf29a0" ON "store_consignor" ("company_id");
CREATE INDEX IF NOT EXISTS "store_consignor_office_location_id_709e205e" ON "store_consignor" ("office_location_id");
CREATE INDEX IF NOT EXISTS "store_onaccount_company_id_8283503d" ON "store_onaccount" ("company_id");
CREATE INDEX IF NOT EXISTS "store_onaccount_office_location_id_d8877177" ON "store_onaccount" ("office_location_id");
CREATE INDEX IF NOT EXISTS "store_station_taluka_id_51032d3b" ON "store_station" ("taluka_id");
CREATE INDEX IF NOT EXISTS "store_station_office_location_id_cc8d1da0" ON "store_station" ("office_location_id");
CREATE INDEX IF NOT EXISTS "store_taluka_district_id_63ffbdb2" ON "store_taluka" ("district_id");
CREATE INDEX IF NOT EXISTS "store_taluka_office_location_id_5a2300b5" ON "store_taluka" ("office_location_id");
CREATE INDEX IF NOT EXISTS "store_from_station_office_location_id_f8e96d27" ON "store_from_station" ("office_location_id");
CREATE INDEX IF NOT EXISTS "store_from_station_taluka_id_b0acd45a" ON "store_from_station" ("taluka_id");
CREATE INDEX IF NOT EXISTS "transactions_builty_article_id_9ef4500b" ON "transactions_builty" ("article_id");
CREATE INDEX IF NOT EXISTS "transactions_builty_company_id_e5faf59d" ON "transactions_builty" ("company_id");
CREATE INDEX IF NOT EXISTS "transactions_builty_consignor_id_abafe990" ON "transactions_builty" ("consignor_id");
CREATE INDEX IF NOT EXISTS "transactions_builty_district_id_32c090e4" ON "transactions_builty" ("district_id");
CREATE INDEX IF NOT EXISTS "transactions_builty_onaccount_id_35cc36f3" ON "transactions_builty" ("onaccount_id");
CREATE INDEX IF NOT EXISTS "transactions_builty_petrol_pump_id_9922ae78" ON "transactions_builty" ("petrol_pump_id");
CREATE INDEX IF NOT EXISTS "transactions_builty_station_to_id_8018ef07" ON "transactions_builty" ("station_to_id");
CREATE INDEX IF NOT EXISTS "transactions_builty_taluka_id_3af43376" ON "transactions_builty" ("taluka_id");
CREATE INDEX IF NOT EXISTS "transactions_builty_truck_details_id_7724d30a" ON "transactions_builty" ("truck_details_id");
CREATE INDEX IF NOT EXISTS "transactions_builty_truck_owner_id_74656a52" ON "transactions_builty" ("truck_owner_id");
CREATE INDEX IF NOT EXISTS "transactions_builty_user_id_82211060" ON "transactions_builty" ("user_id");
CREATE INDEX IF NOT EXISTS "transactions_builty_station_from_id_0fc95978" ON "transactions_builty" ("station_from_id");
CREATE TABLE IF NOT EXISTS "django_migrations" ("id" integer NOT NULL PRIMARY KEY AUTOINCREMENT, "app" varchar(255) NOT NULL, "name" varchar(255) NOT NULL, "applied" datetime NOT NULL);
INSERT INTO "django_migrations" VALUES(1,'store','0001_initial','2023-03-17 18:31:00.355336');
INSERT INTO "django_migrations" VALUES(2,'contenttypes','0001_initial','2023-03-17 18:31:00.388139');
INSERT INTO "django_migrations" VALUES(3,'contenttypes','0002_remove_content_type_name','2023-03-17 18:31:00.424526');
INSERT INTO "django_migrations" VALUES(4,'auth','0001_initial','2023-03-17 18:31:00.480419');
INSERT INTO "django_migrations" VALUES(5,'auth','0002_alter_permission_name_max_length','2023-03-17 18:31:00.512938');
INSERT INTO "django_migrations" VALUES(6,'auth','0003_alter_user_email_max_length','2023-03-17 18:31:00.538441');
INSERT INTO "django_migrations" VALUES(7,'auth','0004_alter_user_username_opts','2023-03-17 18:31:00.565257');
INSERT INTO "django_migrations" VALUES(8,'auth','0005_alter_user_last_login_null','2023-03-17 18:31:00.591656');
INSERT INTO "django_migrations" VALUES(9,'auth','0006_require_contenttypes_0002','2023-03-17 18:31:00.616207');
INSERT INTO "django_migrations" VALUES(10,'auth','0007_alter_validators_add_error_messages','2023-03-17 18:31:00.643939');
INSERT INTO "django_migrations" VALUES(11,'auth','0008_alter_user_username_max_length','2023-03-17 18:31:00.674218');
INSERT INTO "django_migrations" VALUES(12,'auth','0009_alter_user_last_name_max_length','2023-03-17 18:31:00.705212');
INSERT INTO "django_migrations" VALUES(13,'auth','0010_alter_group_name_max_length','2023-03-17 18:31:00.734217');
INSERT INTO "django_migrations" VALUES(14,'auth','0011_update_proxy_permissions','2023-03-17 18:31:00.767938');
INSERT INTO "django_migrations" VALUES(15,'auth','0012_alter_user_first_name_max_length','2023-03-17 18:31:00.794469');
INSERT INTO "django_migrations" VALUES(16,'users','0001_initial','2023-03-17 18:31:00.853558');
INSERT INTO "django_migrations" VALUES(17,'admin','0001_initial','2023-03-17 18:31:00.916566');
INSERT INTO "django_migrations" VALUES(18,'admin','0002_logentry_remove_auto_add','2023-03-17 18:31:00.953004');
INSERT INTO "django_migrations" VALUES(19,'admin','0003_logentry_add_action_flag_choices','2023-03-17 18:31:00.984604');
INSERT INTO "django_migrations" VALUES(20,'sessions','0001_initial','2023-03-17 18:31:01.029855');
INSERT INTO "django_migrations" VALUES(21,'store','0002_remove_truck_owner_truck_truck_details_truck_owner','2023-03-17 18:31:01.081507');
INSERT INTO "django_migrations" VALUES(22,'store','0003_alter_truck_details_fitness_and_more','2023-03-17 18:31:01.164559');
INSERT INTO "django_migrations" VALUES(23,'store','0004_remove_truck_details_company','2023-03-17 18:31:01.200088');
INSERT INTO "django_migrations" VALUES(24,'store','0005_rates','2023-03-17 18:31:01.246954');
INSERT INTO "django_migrations" VALUES(25,'store','0006_rename_rates_rate','2023-03-17 18:31:01.296283');
INSERT INTO "django_migrations" VALUES(26,'store','0007_rename_from_statation_rate_from_station','2023-03-17 18:31:01.325672');
INSERT INTO "django_migrations" VALUES(27,'store','0008_petrol_pump','2023-03-17 18:31:01.355688');
INSERT INTO "django_migrations" VALUES(28,'store','0009_drivers_details','2023-03-17 18:31:01.379008');
INSERT INTO "django_migrations" VALUES(29,'store','0010_rename_drivers_details_driver','2023-03-17 18:31:01.420600');
INSERT INTO "django_migrations" VALUES(30,'store','0011_consignor_builty_code','2023-03-17 18:31:01.450957');
INSERT INTO "django_migrations" VALUES(31,'transactions','0001_initial','2023-03-17 18:31:01.509584');
INSERT INTO "django_migrations" VALUES(32,'transactions','0002_initial','2023-03-17 18:31:01.862390');
INSERT INTO "django_migrations" VALUES(33,'transactions','0003_builty_petrol_pump','2023-03-17 18:31:01.934477');
INSERT INTO "django_migrations" VALUES(34,'transactions','0004_request_edit_history','2023-03-17 18:31:02.000062');
INSERT INTO "django_migrations" VALUES(35,'transactions','0005_builty_challan_date','2023-03-17 18:31:02.259903');
INSERT INTO "django_migrations" VALUES(36,'transactions','0006_remove_builty_challan_date_ack_challan_date','2023-03-17 18:31:02.429005');
INSERT INTO "django_migrations" VALUES(37,'transactions','0007_alter_builty_less_tds_alter_builty_note_and_more','2023-03-17 18:31:02.566235');
INSERT INTO "django_migrations" VALUES(38,'transactions','0008_alter_builty_freight_alter_builty_less_advance_and_more','2023-03-17 18:31:02.853046');
INSERT INTO "django_migrations" VALUES(39,'transactions','0009_alter_builty_balance','2023-03-17 18:31:02.938359');
INSERT INTO "django_migrations" VALUES(40,'transactions','0010_alter_builty_balance_alter_builty_freight_and_more','2023-03-17 18:31:03.235741');
INSERT INTO "django_migrations" VALUES(41,'transactions','0011_alter_builty_builty_no','2023-03-17 18:31:03.334534');
INSERT INTO "django_migrations" VALUES(42,'store','0012_driver_driving_licence','2023-03-18 12:49:22.879893');
INSERT INTO "django_migrations" VALUES(43,'store','0013_truck_owner_pan_card','2023-03-18 13:12:52.675287');
INSERT INTO "django_migrations" VALUES(44,'store','0014_station_taluka','2023-03-20 07:55:51.205704');
INSERT INTO "django_migrations" VALUES(45,'transactions','0012_builty_mobile_no','2023-03-20 07:55:51.281696');
INSERT INTO "django_migrations" VALUES(46,'transactions','0013_builty_deleted','2023-03-20 12:52:26.012902');
INSERT INTO "django_migrations" VALUES(47,'store','0015_remove_rate_own_rate','2023-03-28 12:04:13.944652');
INSERT INTO "django_migrations" VALUES(48,'transactions','0014_alter_builty_balance_alter_builty_freight_and_more','2023-03-31 10:00:32.123772');
INSERT INTO "django_migrations" VALUES(49,'transactions','0015_alter_builty_balance_alter_builty_less_advance_and_more','2023-03-31 10:00:32.298348');
INSERT INTO "django_migrations" VALUES(50,'transactions','0016_alter_builty_balance_alter_builty_freight_and_more','2023-04-01 16:25:22.634683');
INSERT INTO "django_migrations" VALUES(51,'transactions','0017_alter_builty_less_advance','2023-04-01 18:37:31.274800');
INSERT INTO "django_migrations" VALUES(52,'transactions','0018_alter_builty_less_advance_alter_builty_less_tds','2023-04-01 18:37:31.368827');
INSERT INTO "django_migrations" VALUES(53,'users','0002_user_city','2023-04-02 10:00:09.413979');
INSERT INTO "django_migrations" VALUES(54,'store','0016_office_location','2023-04-02 20:38:59.971470');
INSERT INTO "django_migrations" VALUES(55,'store','0017_district_office_location','2023-04-02 20:50:00.945817');
INSERT INTO "django_migrations" VALUES(56,'store','0018_alter_district_office_location','2023-04-02 20:50:01.002733');
INSERT INTO "django_migrations" VALUES(57,'store','0019_alter_district_office_location','2023-04-02 20:50:01.062768');
INSERT INTO "django_migrations" VALUES(58,'store','0020_alter_district_office_location','2023-04-02 20:50:01.111982');
INSERT INTO "django_migrations" VALUES(59,'store','0021_station_office_location_taluka_office_location','2023-04-02 20:50:01.215950');
INSERT INTO "django_migrations" VALUES(60,'store','0022_onaccount_office_location','2023-04-02 20:50:01.275163');
INSERT INTO "django_migrations" VALUES(61,'store','0023_consignor_office_location_and_more','2023-04-02 20:50:01.347761');
INSERT INTO "django_migrations" VALUES(62,'store','0024_article_office_location','2023-04-02 20:50:01.443426');
INSERT INTO "django_migrations" VALUES(63,'store','0002_driver_mobil1e_no','2023-04-02 21:34:25.504038');
INSERT INTO "django_migrations" VALUES(64,'store','0003_remove_driver_mobil1e_no','2023-04-02 21:39:32.562840');
INSERT INTO "django_migrations" VALUES(65,'transactions','0003_builty_bags1','2023-04-02 21:39:32.642108');
INSERT INTO "django_migrations" VALUES(66,'transactions','0004_remove_builty_bags1','2023-04-02 21:39:32.698328');
INSERT INTO "django_migrations" VALUES(67,'users','0002_user_date_joined1','2023-04-02 21:44:16.136574');
INSERT INTO "django_migrations" VALUES(68,'users','0002_auto_20230402_2150','2023-04-02 21:50:40.703439');
INSERT INTO "django_migrations" VALUES(69,'store','0004_alter_consignor_builty_code','2023-04-02 22:40:23.724613');
INSERT INTO "django_migrations" VALUES(70,'store','0005_remove_truck_owner_address_and_more','2023-04-05 17:30:38.398776');
INSERT INTO "django_migrations" VALUES(71,'store','0006_truck_owner_address_truck_owner_bank_acc_and_more','2023-04-06 08:55:02.340602');
INSERT INTO "django_migrations" VALUES(72,'store','0007_rename_adhar_card_driver_adhar_card1','2023-04-10 10:19:15.379143');
INSERT INTO "django_migrations" VALUES(73,'store','0008_rename_adhar_card1_driver_adhar_card','2023-04-10 10:19:15.523675');
INSERT INTO "django_migrations" VALUES(74,'store','0009_rename_adhar_card_driver_adhar_card1','2023-04-10 10:19:15.548835');
INSERT INTO "django_migrations" VALUES(75,'store','0010_rename_adhar_card1_driver_adhar_card','2023-04-10 10:19:15.572692');
INSERT INTO "django_migrations" VALUES(76,'transactions','0005_alter_builty_bags','2023-04-13 09:37:21.803432');
INSERT INTO "django_migrations" VALUES(77,'store','0011_from_station','2023-04-15 09:31:52.036302');
INSERT INTO "django_migrations" VALUES(78,'transactions','0006_alter_sub_trip_station_from','2023-04-15 09:31:52.092638');
INSERT INTO "django_migrations" VALUES(79,'transactions','0007_alter_sub_trip_station_from','2023-04-15 09:31:52.151733');
INSERT INTO "django_migrations" VALUES(80,'transactions','0008_alter_sub_trip_station_from','2023-04-15 09:31:52.197858');
INSERT INTO "django_migrations" VALUES(81,'transactions','0009_alter_builty_delivery_no','2023-04-15 11:44:50.623789');
INSERT INTO "django_migrations" VALUES(82,'transactions','0010_delete_sub_trip','2023-04-15 11:44:50.671733');
INSERT INTO "django_migrations" VALUES(83,'transactions','0011_alter_builty_delivery_no','2023-04-15 12:08:08.127964');
INSERT INTO "django_migrations" VALUES(84,'store','0012_driver_driving_licence_expiry_date','2023-04-27 00:00:10.635498');
INSERT INTO "django_migrations" VALUES(85,'transactions','0012_alter_builty_station_from','2023-04-27 00:08:02.127517');
CREATE UNIQUE INDEX "django_content_type_app_label_model_76bd3d3b_uniq" ON "django_content_type" ("app_label", "model");
CREATE UNIQUE INDEX "auth_group_permissions_group_id_permission_id_0cd325b0_uniq" ON "auth_group_permissions" ("group_id", "permission_id");
CREATE INDEX IF NOT EXISTS "auth_group_permissions_group_id_b120cbf9" ON "auth_group_permissions" ("group_id");
CREATE INDEX IF NOT EXISTS "auth_group_permissions_permission_id_84c5c92e" ON "auth_group_permissions" ("permission_id");
CREATE UNIQUE INDEX "auth_permission_content_type_id_codename_01ab375a_uniq" ON "auth_permission" ("content_type_id", "codename");
CREATE INDEX IF NOT EXISTS "auth_permission_content_type_id_2f476e4b" ON "auth_permission" ("content_type_id");
CREATE UNIQUE INDEX "users_user_groups_user_id_group_id_b88eab82_uniq" ON "users_user_groups" ("user_id", "group_id");
CREATE INDEX IF NOT EXISTS "users_user_groups_user_id_5f6f5a90" ON "users_user_groups" ("user_id");
CREATE INDEX IF NOT EXISTS "users_user_groups_group_id_9afc8d0e" ON "users_user_groups" ("group_id");
CREATE UNIQUE INDEX "users_user_user_permissions_user_id_permission_id_43338c45_uniq" ON "users_user_user_permissions" ("user_id", "permission_id");
CREATE INDEX IF NOT EXISTS "users_user_user_permissions_user_id_20aca447" ON "users_user_user_permissions" ("user_id");
CREATE INDEX IF NOT EXISTS "users_user_user_permissions_permission_id_0b93982e" ON "users_user_user_permissions" ("permission_id");
CREATE INDEX IF NOT EXISTS "django_admin_log_content_type_id_c4bce8eb" ON "django_admin_log" ("content_type_id");
CREATE INDEX IF NOT EXISTS "django_admin_log_user_id_c564eba6" ON "django_admin_log" ("user_id");
CREATE INDEX IF NOT EXISTS "django_session_expire_date_a5c62663" ON "django_session" ("expire_date");
CREATE INDEX IF NOT EXISTS "store_truck_details_truck_owner_id_155e372c" ON "store_truck_details" ("truck_owner_id");
CREATE INDEX IF NOT EXISTS "transactions_request_edit_builty_id_17f4ac6b" ON "transactions_request_edit" ("builty_id");
CREATE INDEX IF NOT EXISTS "transactions_request_edit_user_id_296a97e5" ON "transactions_request_edit" ("user_id");
CREATE INDEX IF NOT EXISTS "transactions_ack_builty_id_e9cf4eb9" ON "transactions_ack" ("builty_id");
CREATE INDEX IF NOT EXISTS "store_rate_to_station_id_71b5e0d1" ON "store_rate" ("to_station_id");
CREATE INDEX IF NOT EXISTS "store_rate_from_station_id_cf4de4c2" ON "store_rate" ("from_station_id");
CREATE INDEX IF NOT EXISTS "store_district_office_location_id_def88825" ON "store_district" ("office_location_id");
CREATE INDEX IF NOT EXISTS "users_user_company_id_14799323" ON "users_user" ("company_id");
CREATE INDEX IF NOT EXISTS "users_user_office_location_id_9bf9b0fd" ON "users_user" ("office_location_id");
CREATE INDEX IF NOT EXISTS "store_article_company_name_id_236802e6" ON "store_article" ("company_name_id");
CREATE INDEX IF NOT EXISTS "store_article_consignor_id_170c72fc" ON "store_article" ("consignor_id");
CREATE INDEX IF NOT EXISTS "store_article_office_location_id_216b5e85" ON "store_article" ("office_location_id");
CREATE INDEX IF NOT EXISTS "store_consignor_company_id_9fdf29a0" ON "store_consignor" ("company_id");
CREATE INDEX IF NOT EXISTS "store_consignor_office_location_id_709e205e" ON "store_consignor" ("office_location_id");
CREATE INDEX IF NOT EXISTS "store_onaccount_company_id_8283503d" ON "store_onaccount" ("company_id");
CREATE INDEX IF NOT EXISTS "store_onaccount_office_location_id_d8877177" ON "store_onaccount" ("office_location_id");
CREATE INDEX IF NOT EXISTS "store_station_taluka_id_51032d3b" ON "store_station" ("taluka_id");
CREATE INDEX IF NOT EXISTS "store_station_office_location_id_cc8d1da0" ON "store_station" ("office_location_id");
CREATE INDEX IF NOT EXISTS "store_taluka_district_id_63ffbdb2" ON "store_taluka" ("district_id");
CREATE INDEX IF NOT EXISTS "store_taluka_office_location_id_5a2300b5" ON "store_taluka" ("office_location_id");
CREATE INDEX IF NOT EXISTS "store_from_station_office_location_id_f8e96d27" ON "store_from_station" ("office_location_id");
CREATE INDEX IF NOT EXISTS "store_from_station_taluka_id_b0acd45a" ON "store_from_station" ("taluka_id");
CREATE INDEX IF NOT EXISTS "transactions_builty_article_id_9ef4500b" ON "transactions_builty" ("article_id");
CREATE INDEX IF NOT EXISTS "transactions_builty_company_id_e5faf59d" ON "transactions_builty" ("company_id");
CREATE INDEX IF NOT EXISTS "transactions_builty_consignor_id_abafe990" ON "transactions_builty" ("consignor_id");
CREATE INDEX IF NOT EXISTS "transactions_builty_district_id_32c090e4" ON "transactions_builty" ("district_id");
CREATE INDEX IF NOT EXISTS "transactions_builty_onaccount_id_35cc36f3" ON "transactions_builty" ("onaccount_id");
CREATE INDEX IF NOT EXISTS "transactions_builty_petrol_pump_id_9922ae78" ON "transactions_builty" ("petrol_pump_id");
CREATE INDEX IF NOT EXISTS "transactions_builty_station_to_id_8018ef07" ON "transactions_builty" ("station_to_id");
CREATE INDEX IF NOT EXISTS "transactions_builty_taluka_id_3af43376" ON "transactions_builty" ("taluka_id");
CREATE INDEX IF NOT EXISTS "transactions_builty_truck_details_id_7724d30a" ON "transactions_builty" ("truck_details_id");
CREATE INDEX IF NOT EXISTS "transactions_builty_truck_owner_id_74656a52" ON "transactions_builty" ("truck_owner_id");
CREATE INDEX IF NOT EXISTS "transactions_builty_user_id_82211060" ON "transactions_builty" ("user_id");
CREATE INDEX IF NOT EXISTS "transactions_builty_station_from_id_0fc95978" ON "transactions_builty" ("station_from_id");
CREATE TABLE IF NOT EXISTS "django_session" ("session_key" varchar(40) NOT NULL PRIMARY KEY, "session_data" text NOT NULL, "expire_date" datetime NOT NULL);
INSERT INTO "django_session" VALUES('a92izv18hrcvv2qx9swkyhh9yyo2gnrk','.eJxVjDsOwyAQRO9CHSHDIj4p0-cMaIElOImwZOzKyt0DkouknHlv5mAe9634vdHq58SuTLDLbxcwvqgOkJ5YHwuPS93WOfCh8JM2fl8SvW-n-3dQsJWxhslBUFYCGiW0nSSSkb3qOTtHgNEoMkLobE3UQqfceYoKSFmIgX2-wl83fw:1pdF0V:9Rho9UYOnFEN0yY4KmXJd9bsu2i3U-l7co3uJOCaaWY','2023-03-31 18:40:51.337365');
INSERT INTO "django_session" VALUES('gxvsvf0bh1u8okcbn3ap5tyiv8oa5tcz','.eJxVjDsOwyAQRO9CHSHDIj4p0-cMaIElOImwZOzKyt0DkouknHlv5mAe9634vdHq58SuTLDLbxcwvqgOkJ5YHwuPS93WOfCh8JM2fl8SvW-n-3dQsJWxhslBUFYCGiW0nSSSkb3qOTtHgNEoMkLobE3UQqfceYoKSFmIgX2-wl83fw:1pdQv3:B-0P8PRwxf1tZTuZ8WqSIfroXdjfXMpUiOos1ebA89M','2023-04-01 07:24:01.640570');
INSERT INTO "django_session" VALUES('f3qy2oicthepp2wssz7v0nzslxb3c7ty','.eJxVjDsOwyAQRO9CHSHDIj4p0-cMaIElOImwZOzKyt0DkouknHlv5mAe9634vdHq58SuTLDLbxcwvqgOkJ5YHwuPS93WOfCh8JM2fl8SvW-n-3dQsJWxhslBUFYCGiW0nSSSkb3qOTtHgNEoMkLobE3UQqfceYoKSFmIgX2-wl83fw:1pdmUs:AOE17xp1Tq6G5HYr9Veg4myUxP3wRPef5Q7wHJ2kiOE','2023-04-02 06:26:26.466266');
INSERT INTO "django_session" VALUES('xkskm03s4oqzucg9nmy5s1d7tg0zxv63','.eJxVjDsOwyAQRO9CHSHDIj4p0-cMaIElOImwZOzKyt0DkouknHlv5mAe9634vdHq58SuTLDLbxcwvqgOkJ5YHwuPS93WOfCh8JM2fl8SvW-n-3dQsJWxhslBUFYCGiW0nSSSkb3qOTtHgNEoMkLobE3UQqfceYoKSFmIgX2-wl83fw:1pe9sa:D1CFsPkItnkuqr3Z1Ix4L_7mfdQ-9AhqLyiObeG__no','2023-04-03 07:24:28.177456');
INSERT INTO "django_session" VALUES('m5kgmf98i6niq4s6xt6fljtf2jvv5fjt','.eJxVjDsOwyAQRO9CHSHDIj4p0-cMaIElOImwZOzKyt0DkouknHlv5mAe9634vdHq58SuTLDLbxcwvqgOkJ5YHwuPS93WOfCh8JM2fl8SvW-n-3dQsJWxhslBUFYCGiW0nSSSkb3qOTtHgNEoMkLobE3UQqfceYoKSFmIgX2-wl83fw:1peG1F:YgJlTRuwEZGFmhTgKBhoiIIdKxjUytjF6p4b4H_NQPY','2023-04-03 13:57:49.877742');
INSERT INTO "django_session" VALUES('vn1fziy364vyh9uiics7h5e1cvffd5mp','.eJxVjDsOwyAQRO9CHSHDIj4p0-cMaIElOImwZOzKyt0DkouknHlv5mAe9634vdHq58SuTLDLbxcwvqgOkJ5YHwuPS93WOfCh8JM2fl8SvW-n-3dQsJWxhslBUFYCGiW0nSSSkb3qOTtHgNEoMkLobE3UQqfceYoKSFmIgX2-wl83fw:1pevu1:rrtkKqLdw5b7pc--5CnXqkqsBwvB85KOfDAMiSZYE0s','2023-04-05 10:41:09.238947');
INSERT INTO "django_session" VALUES('uq1s55fpksltgqqmk7n1xyph1gbvtrhl','.eJxVjEsOAiEQBe_C2hBofurSvWcgTTfIqIFkmFkZ766TzEK3r6reS0RclxrXkec4sTgLEIffLSE9ctsA37HduqTelnlKclPkToe8ds7Py-7-HVQc9VsHNgoSGkUFTs46DMgWLVDWyWNwgcBY0MYBHTmA9ghgXNEKqHhfvHh_ANJwNyI:1piCRc:No9Oy593L1Esf0dSQILMarbSi3AIJOcbI6npB4J7BJ4','2023-04-14 10:57:20.736252');
INSERT INTO "django_session" VALUES('xojeuhnyyo0wlzml1azhq3pclhljedo6','.eJxVjE0OwiAYBe_C2hBosYBL9z1D8_0hVQNJaVfGu2uTLnT7Zua91ATbmqetyTLNrC6qU6ffDYEeUnbAdyi3qqmWdZlR74o-aNNjZXleD_fvIEPL39qJQ0qC3kU0AzEOvo8INkmMEFgCE1L0xmCIvbGY5IwcxCbogJ0h9f4AHoU5hA:1piNdR:fM9-JcSbQygMIEj8O1DfB-rCv_xGepi8jilGVbcZc5w','2023-04-14 22:54:17.658679');
INSERT INTO "django_session" VALUES('gt1g1rpm217zywtxxpeuwn62u1ea5xe8','.eJxVjDsOwyAQRO9CHSHDIj4p0-cMaIElOImwZOzKyt0DkouknHlv5mAe9634vdHq58SuTLDLbxcwvqgOkJ5YHwuPS93WOfCh8JM2fl8SvW-n-3dQsJWxhslBUFYCGiW0nSSSkb3qOTtHgNEoMkLobE3UQqfceYoKSFmIgX2-wl83fw:1piNp4:5nfKY5w7_f8aELhjeO7ZkICji62FH2We7YV0cQiHyyA','2023-04-14 23:06:18.633271');
INSERT INTO "django_session" VALUES('prprnq4jbvjk2hseq8jtmoxozu0rzy9t','.eJxVjMsOwiAUBf-FtSE8L-DSfb-B8LhI1UBS2pXx322TLnQ7M-e8iQ_bWv02cPFzJlciyeWXxZCe2A6RH6HdO029rcsc6ZHQ0w469Yyv29n-HdQw6r4GncCh5MWarNFBYkoEp0VyEbjkinFXilbM7gDBoHVQlDEICo1QPJLPF8fJNw0:1piZNr:bQvo0H2LNaJilDJzAnQ65TCPyeZyTtSI8WvGzPYWMkc','2023-04-15 11:26:59.016204');
INSERT INTO "django_session" VALUES('s8afce031ba5b9yq3hgakgiqxtwkodbu','.eJxVjDsOwjAQRO_iGllaf5Y1JT1nsPxZ4wCypTipEHcnkVKANNW8N_MWPqxL9evg2U9ZXASI028XQ3py20F-hHbvMvW2zFOUuyIPOuStZ35dD_fvoIZRtzUDOYqobVIKQRVArdFFa1KGYFwxKZGhkpnRgjpvMQ4xQtBEyKDF5wu-9jbF:1piuwv:Tp6hBfT1jYC3cCQeIo8OrMEizeXY99nriBF3A1yw3Qc','2023-04-16 10:28:37.741500');
INSERT INTO "django_session" VALUES('jdv9eva3ijvw8hfgwd8cnn9e1yf6sse2','.eJxVjDsOwjAQBe_iGln-rmNKes5g7dprHECxlE-FuDtESgHtm5n3Egm3taVt4TmNRZyFEaffjTA_eNpBueN06zL3aZ1HkrsiD7rIay_8vBzu30HDpX1rikbpak1AdgHBVKetLwbIahoGFTwBsauRIXsbI2cItpJSRQGAVSjeH8xoNz8:1pjF1a:B0RQkqtPXxb-IeLXhgA7JAZ8CbZKcRLjow3S6Y0Sykk','2023-04-17 07:54:46.744023');
INSERT INTO "django_session" VALUES('noyehbr9uf1pvoo8hk4vkdq5tevk33no','.eJxVjDsOwjAQBe_iGln-rmNKes5g7dprHECxlE-FuDtESgHtm5n3Egm3taVt4TmNRZyFEaffjTA_eNpBueN06zL3aZ1HkrsiD7rIay_8vBzu30HDpX1rikbpak1AdgHBVKetLwbIahoGFTwBsauRIXsbI2cItpJSRQGAVSjeH8xoNz8:1pjIj1:gfJyn8CUyh4GMg5GjUt3WX3nEpL1o0EOgfbrSaDaRHI','2023-04-17 11:51:51.427170');
INSERT INTO "django_session" VALUES('c8h2cjq8ndrwozi09xotqpbjdcw2nxbj','.eJxVjDsOwjAQBe_iGln-rmNKes5g7dprHECxlE-FuDtESgHtm5n3Egm3taVt4TmNRZyFEaffjTA_eNpBueN06zL3aZ1HkrsiD7rIay_8vBzu30HDpX1rikbpak1AdgHBVKetLwbIahoGFTwBsauRIXsbI2cItpJSRQGAVSjeH8xoNz8:1pjSMc:IDiWQEJWm-BhTmpIv9Q2xQVyaXJhousdIVlRp6BvRzY','2023-04-17 22:09:22.115698');
INSERT INTO "django_session" VALUES('z3j5x1ux7sn9z52eddo57qwtb6nz214p','.eJxVjEsOAiEQBe_C2hAaG2hcuvcMpPkoowaSYWZlvLtOMgvdvqp6LxF4XWpYR5nDlMVJgDj8bpHTo7QN5Du3W5ept2WeotwUudMhLz2X53l3_w4qj_qtLTOCwgzI-miJHCtvXSREqyNaAnAEiiOCQc-6AJXkroigozEeQLw_pWo2Ew:1pk3tt:Hu0JgcagdJgV7_3BpN7b7epmEyeu8MkhjEnp3jX0_fU','2023-04-19 14:14:13.756592');
INSERT INTO "django_session" VALUES('m9ptpfgemimpexyi81993mitlbu7gz4r','.eJxVjDsOwjAQBe_iGln-rmNKes5g7dprHECxlE-FuDtESgHtm5n3Egm3taVt4TmNRZyFEaffjTA_eNpBueN06zL3aZ1HkrsiD7rIay_8vBzu30HDpX1rikbpak1AdgHBVKetLwbIahoGFTwBsauRIXsbI2cItpJSRQGAVSjeH8xoNz8:1pk6Jq:aGWFiA-nhGjiHIpBlxNRP5qG5sWaG08rEVFTJosNeZA','2023-04-19 16:49:10.177735');
INSERT INTO "django_session" VALUES('wjhkdp7nvhs1ddmmz7y8kep5qal39bdd','.eJxVjDsOwjAQBe_iGln-rmNKes5g7dprHECxlE-FuDtESgHtm5n3Egm3taVt4TmNRZyFEaffjTA_eNpBueN06zL3aZ1HkrsiD7rIay_8vBzu30HDpX1rikbpak1AdgHBVKetLwbIahoGFTwBsauRIXsbI2cItpJSRQGAVSjeH8xoNz8:1pk6ZZ:eakPH4hXD9_s3q3exPpXgH0BycBgYvEw9_K7kspncyM','2023-04-19 17:05:25.399718');
INSERT INTO "django_session" VALUES('1cgf0yho3tcs2649u78vu9gygt1wax39','.eJxVjDsOwjAQBe_iGln-rmNKes5g7dprHECxlE-FuDtESgHtm5n3Egm3taVt4TmNRZyFEaffjTA_eNpBueN06zL3aZ1HkrsiD7rIay_8vBzu30HDpX1rikbpak1AdgHBVKetLwbIahoGFTwBsauRIXsbI2cItpJSRQGAVSjeH8xoNz8:1pk6n2:PDzxmmQU4RKvT-1ppUYaw8PfJCbY1DVyCnsMbJtbHL0','2023-04-19 17:19:20.475161');
INSERT INTO "django_session" VALUES('vr8n9e422wjde9u20dr868g1y82p8tmb','.eJxVjDsOwjAQBe_iGln-rmNKes5g7dprHECxlE-FuDtESgHtm5n3Egm3taVt4TmNRZyFEaffjTA_eNpBueN06zL3aZ1HkrsiD7rIay_8vBzu30HDpX1rikbpak1AdgHBVKetLwbIahoGFTwBsauRIXsbI2cItpJSRQGAVSjeH8xoNz8:1pkKdB:mrYD-Y7w9rmPrUa_GFXpBkX4_m2UAjBRmzpG0GPfLnI','2023-04-20 08:06:05.341249');
INSERT INTO "django_session" VALUES('rdndw56zzdirbwi4uregbjxdnrlouh8i','.eJxVjDsOwjAQBe_iGln-rmNKes5g7dprHECxlE-FuDtESgHtm5n3Egm3taVt4TmNRZyFEaffjTA_eNpBueN06zL3aZ1HkrsiD7rIay_8vBzu30HDpX1rikbpak1AdgHBVKetLwbIahoGFTwBsauRIXsbI2cItpJSRQGAVSjeH8xoNz8:1pkMqp:A0D1Gyrn6gAdg_OG7HsSQuBnafo58TcQcJsUh4UzNx8','2023-04-20 10:28:19.068167');
INSERT INTO "django_session" VALUES('wlrize5p9amgwpg7m924495n3m7koh57','.eJxVjEsOAiEQBe_C2hAaG2hcuvcMpPkoowaSYWZlvLtOMgvdvqp6LxF4XWpYR5nDlMVJgDj8bpHTo7QN5Du3W5ept2WeotwUudMhLz2X53l3_w4qj_qtLTOCwgzI-miJHCtvXSREqyNaAnAEiiOCQc-6AJXkroigozEeQLw_pWo2Ew:1pkkMV:1j9CyHwXxzHxyaykjl52_t-6KsL_1uRb6mSD_tB7w2g','2023-04-21 11:34:35.325337');
INSERT INTO "django_session" VALUES('ysu0ffilwnt41tox3f36aaiagi6rcpaz','.eJxVjDsOwjAQBe_iGln-rmNKes5g7dprHECxlE-FuDtESgHtm5n3Egm3taVt4TmNRZyFEaffjTA_eNpBueN06zL3aZ1HkrsiD7rIay_8vBzu30HDpX1rikbpak1AdgHBVKetLwbIahoGFTwBsauRIXsbI2cItpJSRQGAVSjeH8xoNz8:1pkmgF:iHIr6AbKXwMw8hzehSjRzmZIb1PMxhtaCORQsrOYkDw','2023-04-21 14:03:07.720327');
INSERT INTO "django_session" VALUES('yqkendoepx2uey79lt8ep4q84kywhk9w','.eJxVjDsOwjAQBe_iGln-rmNKes5g7dprHECxlE-FuDtESgHtm5n3Egm3taVt4TmNRZyFEaffjTA_eNpBueN06zL3aZ1HkrsiD7rIay_8vBzu30HDpX1rikbpak1AdgHBVKetLwbIahoGFTwBsauRIXsbI2cItpJSRQGAVSjeH8xoNz8:1pkn8T:giSS0gBvxG9xZ_WGZlhCpOwqlNbs8Ty8YsX_N7acR6Q','2023-04-21 14:32:17.122773');
INSERT INTO "django_session" VALUES('n36z6p1wh8kic6t45art6zqbwrxn18ae','.eJxVjDsOwjAQBe_iGln-rmNKes5g7dprHECxlE-FuDtESgHtm5n3Egm3taVt4TmNRZyFEaffjTA_eNpBueN06zL3aZ1HkrsiD7rIay_8vBzu30HDpX1rikbpak1AdgHBVKetLwbIahoGFTwBsauRIXsbI2cItpJSRQGAVSjeH8xoNz8:1pknOM:4DUtwnYVxQo2Q1vKi1-H9UDxddM8A0nDxLqPi8oxKuA','2023-04-21 14:48:42.155543');
INSERT INTO "django_session" VALUES('frreyupn8mosdjzp2wofu7hzicz1aj74','.eJxVjDsOwjAQBe_iGln-rmNKes5g7dprHECxlE-FuDtESgHtm5n3Egm3taVt4TmNRZyFEaffjTA_eNpBueN06zL3aZ1HkrsiD7rIay_8vBzu30HDpX1rikbpak1AdgHBVKetLwbIahoGFTwBsauRIXsbI2cItpJSRQGAVSjeH8xoNz8:1pknZ2:xvfY7VE3jZzAr0UYxHYIDDfOcFSTkzehsVyHueBMKdI','2023-04-21 14:59:44.323546');
INSERT INTO "django_session" VALUES('wzk3hpbiqqat3duzy2200zvq9o2yhksw','.eJxVjDsOwjAQBe_iGln-rmNKes5g7dprHECxlE-FuDtESgHtm5n3Egm3taVt4TmNRZyFEaffjTA_eNpBueN06zL3aZ1HkrsiD7rIay_8vBzu30HDpX1rikbpak1AdgHBVKetLwbIahoGFTwBsauRIXsbI2cItpJSRQGAVSjeH8xoNz8:1pknoB:XpNLzrBeQgA-G4MGv9u8QpOR82_gss_ltgjw8qG236g','2023-04-21 15:15:23.480639');
INSERT INTO "django_session" VALUES('mb349zh6byun13dbp8l94z3fnwhdg6hn','.eJxVjDsOwjAQBe_iGln-rmNKes5g7dprHECxlE-FuDtESgHtm5n3Egm3taVt4TmNRZyFEaffjTA_eNpBueN06zL3aZ1HkrsiD7rIay_8vBzu30HDpX1rikbpak1AdgHBVKetLwbIahoGFTwBsauRIXsbI2cItpJSRQGAVSjeH8xoNz8:1pkoiH:Q4_dB-GZ3xxWHIddl5sAafHGQaYUvIawH6qmM9twX6I','2023-04-21 16:13:21.232165');
INSERT INTO "django_session" VALUES('b080d0vp3z0hung43sq7vhtp2xwtl5y3','.eJxVjDsOwjAQBe_iGln-rmNKes5g7dprHECxlE-FuDtESgHtm5n3Egm3taVt4TmNRZyFEaffjTA_eNpBueN06zL3aZ1HkrsiD7rIay_8vBzu30HDpX1rikbpak1AdgHBVKetLwbIahoGFTwBsauRIXsbI2cItpJSRQGAVSjeH8xoNz8:1pkol4:FKEOOT-SEQAesam_ij-kl_foun3Q2bn_62gtjSuUfaw','2023-04-21 16:16:14.378443');
INSERT INTO "django_session" VALUES('cuyehndhi3vpsr951td26qiq3lbsnbec','.eJxVjDsOwjAQBe_iGln-rmNKes5g7dprHECxlE-FuDtESgHtm5n3Egm3taVt4TmNRZyFEaffjTA_eNpBueN06zL3aZ1HkrsiD7rIay_8vBzu30HDpX1rikbpak1AdgHBVKetLwbIahoGFTwBsauRIXsbI2cItpJSRQGAVSjeH8xoNz8:1pkwqJ:H5UJBIu1u8RsgzyVoiQ29oO8Tg4JwCHbygJBA3HFaeY','2023-04-22 00:54:11.092294');
INSERT INTO "django_session" VALUES('afo5caohv0go24zp8fgsiuvuhzel9la5','.eJxVjDsOwjAQBe_iGln-rmNKes5g7dprHECxlE-FuDtESgHtm5n3Egm3taVt4TmNRZyFEaffjTA_eNpBueN06zL3aZ1HkrsiD7rIay_8vBzu30HDpX1rikbpak1AdgHBVKetLwbIahoGFTwBsauRIXsbI2cItpJSRQGAVSjeH8xoNz8:1pl33w:3zPtzhd2CKXFfOoXDeIff1Wpk55W4yn--usf2wy-gEk','2023-04-22 07:32:40.115638');
INSERT INTO "django_session" VALUES('ngaygi6s3lyrkgs57xzimmc0l6vxt3kt','.eJxVjDsOwjAQBe_iGln-rmNKes5g7dprHECxlE-FuDtESgHtm5n3Egm3taVt4TmNRZyFEaffjTA_eNpBueN06zL3aZ1HkrsiD7rIay_8vBzu30HDpX1rikbpak1AdgHBVKetLwbIahoGFTwBsauRIXsbI2cItpJSRQGAVSjeH8xoNz8:1pl3oQ:ipmGAt1z2ZIznRkBa8gzfCoGWjskc6IGGMtwZEf9eUU','2023-04-22 08:20:42.808353');
INSERT INTO "django_session" VALUES('1nk918yzhyx2d33ej799rjk0466yl8di','.eJxVjDsOwjAQBe_iGln-rmNKes5g7dprHECxlE-FuDtESgHtm5n3Egm3taVt4TmNRZyFEaffjTA_eNpBueN06zL3aZ1HkrsiD7rIay_8vBzu30HDpX1rikbpak1AdgHBVKetLwbIahoGFTwBsauRIXsbI2cItpJSRQGAVSjeH8xoNz8:1pl5Ky:GFmDiglHtQ7LdwsLrfVEbls7FRs-ZPGMy9MZO-269Qc','2023-04-22 09:58:24.923050');
INSERT INTO "django_session" VALUES('0o201w80d4ex5nbm6s17wmwp5yjadmfi','.eJxVjEsOAiEQBe_C2hAaG2hcuvcMpPkoowaSYWZlvLtOMgvdvqp6LxF4XWpYR5nDlMVJgDj8bpHTo7QN5Du3W5ept2WeotwUudMhLz2X53l3_w4qj_qtLTOCwgzI-miJHCtvXSREqyNaAnAEiiOCQc-6AJXkroigozEeQLw_pWo2Ew:1pl7f9:QcJRQYqfK3xd7Cw6ozVxIccv3nznIWgjPxqzTPmeHxU','2023-04-22 12:27:23.619932');
INSERT INTO "django_session" VALUES('15l3v12jz7j32valsc4ysv1q93sxdr9e','.eJxVjDsOwjAQBe_iGln-rmNKes5g7dprHECxlE-FuDtESgHtm5n3Egm3taVt4TmNRZyFEaffjTA_eNpBueN06zL3aZ1HkrsiD7rIay_8vBzu30HDpX1rikbpak1AdgHBVKetLwbIahoGFTwBsauRIXsbI2cItpJSRQGAVSjeH8xoNz8:1pl9W6:Gf-LY3fpqJzCmY-6GC8oFHYVU-TGADikBLXAjbcnW5w','2023-04-22 14:26:10.057406');
INSERT INTO "django_session" VALUES('gykyms5k1mj868q4xwhj92b6ni2eje09','.eJxVjEsOAiEQBe_C2hAaG2hcuvcMpPkoowaSYWZlvLtOMgvdvqp6LxF4XWpYR5nDlMVJgDj8bpHTo7QN5Du3W5ept2WeotwUudMhLz2X53l3_w4qj_qtLTOCwgzI-miJHCtvXSREqyNaAnAEiiOCQc-6AJXkroigozEeQLw_pWo2Ew:1pljWE:qVqYX0O1-pQRsT8uIm19HhrmmpolYBoPTk4EzUU-KlY','2023-04-24 04:52:42.221527');
INSERT INTO "django_session" VALUES('4vyilvrzqm35d1ffalxee5t36rky6br2','.eJxVjDsOwjAQBe_iGln-rmNKes5g7dprHECxlE-FuDtESgHtm5n3Egm3taVt4TmNRZyFEaffjTA_eNpBueN06zL3aZ1HkrsiD7rIay_8vBzu30HDpX1rikbpak1AdgHBVKetLwbIahoGFTwBsauRIXsbI2cItpJSRQGAVSjeH8xoNz8:1pmAK1:t6D1wUotOlntFdV2fjfqbHvnua72Pk48EV6oG_BjBZE','2023-04-25 09:29:53.425131');
INSERT INTO "django_session" VALUES('rs0b6palhgfu408fst9u7kfmcxaj98fz','.eJxVjMsOwiAQRf-FtSEDUx66dO83EBgYqRqalHZl_HfbpAvdnnPufYsQ16WGtZc5jFlcBIrTL0uRnqXtIj9iu0-SprbMY5J7Ig_b5W3K5XU92r-DGnvd1uBRZ6eYiuPMdjA2gXHOZTDKQyGvtUeOdFYbY-_REuoIBY0aWBGIzxfTojdJ:1pmBSe:ZVzuxC6JAwJIlhm4-Cj3eY6LJ6ZhMpUI9LufpIIIglk','2023-04-25 10:42:52.883700');
INSERT INTO "django_session" VALUES('yqbsksyq1aexhcbt00ymcva872dh946g','.eJxVjMsOwiAQRf-FtSEDUx66dO83EBgYqRqalHZl_HfbpAvdnnPufYsQ16WGtZc5jFlcBIrTL0uRnqXtIj9iu0-SprbMY5J7Ig_b5W3K5XU92r-DGnvd1uBRZ6eYiuPMdjA2gXHOZTDKQyGvtUeOdFYbY-_REuoIBY0aWBGIzxfTojdJ:1pmBSf:6yUPvdcrExpn2fBIb06OaX4y_OUJWkYIaYY_zuJudrc','2023-04-25 10:42:53.932370');
INSERT INTO "django_session" VALUES('zc9crmu15ed1lioiyhrhlinhbix86edm','.eJxVjDsOwjAQBe_iGln-rmNKes5g7dprHECxlE-FuDtESgHtm5n3Egm3taVt4TmNRZyFEaffjTA_eNpBueN06zL3aZ1HkrsiD7rIay_8vBzu30HDpX1rikbpak1AdgHBVKetLwbIahoGFTwBsauRIXsbI2cItpJSRQGAVSjeH8xoNz8:1pmwLw:xnhAieUIedjO_tEJcmRaGh0Nyeq4gs7e7VEoGXyDc88','2023-04-27 12:47:04.854272');
INSERT INTO "django_session" VALUES('0at4k6zc1dq42ip48fd6ngzsbtln8fab','.eJxVjDsOwjAQBe_iGln-rmNKes5g7dprHECxlE-FuDtESgHtm5n3Egm3taVt4TmNRZyFEaffjTA_eNpBueN06zL3aZ1HkrsiD7rIay_8vBzu30HDpX1rikbpak1AdgHBVKetLwbIahoGFTwBsauRIXsbI2cItpJSRQGAVSjeH8xoNz8:1poJvB:5o_4dBHtETRH2t3fSIeSxgGPKXmi_GzPSsQJPLbhMp8','2023-05-01 08:09:09.928806');
INSERT INTO "django_session" VALUES('l8mp3cr7ybryn132vsye2ym3x4kbw1tj','.eJxVjDsOwjAQBe_iGln-rmNKes5g7dprHECxlE-FuDtESgHtm5n3Egm3taVt4TmNRZyFEaffjTA_eNpBueN06zL3aZ1HkrsiD7rIay_8vBzu30HDpX1rikbpak1AdgHBVKetLwbIahoGFTwBsauRIXsbI2cItpJSRQGAVSjeH8xoNz8:1poJwZ:D80c_WpJvhogrycrnmgyFgkxpPRFxNDSC6lGxT1tg6I','2023-05-01 08:10:35.832838');
INSERT INTO "django_session" VALUES('ex75qiczhio5nicy3jn1cxfs7927euq2','.eJxVjDsOwjAQBe_iGln-rmNKes5g7dprHECxlE-FuDtESgHtm5n3Egm3taVt4TmNRZyFEaffjTA_eNpBueN06zL3aZ1HkrsiD7rIay_8vBzu30HDpX1rikbpak1AdgHBVKetLwbIahoGFTwBsauRIXsbI2cItpJSRQGAVSjeH8xoNz8:1poOFh:TqgFOyvTjLFqZ3xY5GBvxxgsZjZw8I5EcHNt6WCfFCU','2023-05-01 12:46:37.222927');
INSERT INTO "django_session" VALUES('zk7yibo74hud2e6i7omnv7dz67luktfz','.eJxVjEsOAiEQBe_C2hAaG2hcuvcMpPkoowaSYWZlvLtOMgvdvqp6LxF4XWpYR5nDlMVJgDj8bpHTo7QN5Du3W5ept2WeotwUudMhLz2X53l3_w4qj_qtLTOCwgzI-miJHCtvXSREqyNaAnAEiiOCQc-6AJXkroigozEeQLw_pWo2Ew:1poOLq:L7kRi17c_QnDRED9QLwZtPaZZkoeEV0hFSK6tnv5-2U','2023-05-01 12:52:58.593192');
INSERT INTO "django_session" VALUES('1wiccly60sm2s16f08c70oajajg9d62b','.eJxVjMEOgjAQRP-lZ9PY7lbAo3e-gcxui0UNJBROxn8XEg56mcO8N_M2HdYld2tJczdEczXBnH47gT7TuIP4wHifrE7jMg9id8UetNh2iul1O9y_g4ySt_WlVrDXKnlJ1J9DRQKGUFDfQGpWBsg3DTkF3BYiPnGk4Jh6QWU-X_y6OJo:1pp5sR:y6H_pulLiEmYZqNh7Y63Ra2etS4cr5OKnqcAUfzAzNk','2023-05-03 11:21:31.138857');
INSERT INTO "django_session" VALUES('tzrnqnan1k65g64u7xz8q6pnoyq7xop2','.eJxVjDsOwjAQBe_iGln-rmNKes5g7dprHECxlE-FuDtESgHtm5n3Egm3taVt4TmNRZyFEaffjTA_eNpBueN06zL3aZ1HkrsiD7rIay_8vBzu30HDpX1rikbpak1AdgHBVKetLwbIahoGFTwBsauRIXsbI2cItpJSRQGAVSjeH8xoNz8:1pqUBI:PJ1i-IIocojmZpqaudEQxIYWInHIZGJvyA-bIefB8Qg','2023-05-07 07:30:44.931942');
INSERT INTO "django_session" VALUES('ogi4ft9idx20t39jar1z9fo46swzuhxl','.eJxVjEEOwiAQRe_C2pDCwFRcuu8ZyMCAVA0kpV0Z765NutDtf-_9l_C0rcVvPS1-ZnERIE6_W6D4SHUHfKd6azK2ui5zkLsiD9rl1Dg9r4f7d1Col28dCTnbrBGMZkTIrHHMZJGVHYm0S-i0GkCBiU4boOQSWciGzBDO1or3B-ElN3I:1prpQH:aOcXMBdVfDXEo9c-0NtXpQjEHaqBz4g7naL1ecr68_s','2023-05-11 00:23:45.250658');
INSERT INTO "django_session" VALUES('rniwrg9c2j9hpp44bcpvoiyaq3ojolxv','.eJxVjDsOwjAQBe_iGllrJ_5R0nMGa71r4wBypDipEHeHSCmgfTPzXiLitta49bzEicVZKHH63RLSI7cd8B3bbZY0t3WZktwVedAurzPn5-Vw_w4q9vqtgdw4sFEhFE6YQgaPxljUbAs48MUDsVZgTTEOaCRQ2iGqzKwGCkm8P-FEN-0:1prpRN:uTZQkpWg-j_DHxXQ-h5OLJcY9HNbvLtrsOiaRgYGpAk','2023-05-11 00:24:53.993088');
INSERT INTO "django_session" VALUES('rehmclrrgsmfuwfnnts14ybb8l2270wb','.eJxVjDsOwjAQBe_iGlmx179Q0ucM1q69JgHkSHFSIe5OIqWA9s3Me4uI2zrGrfESpyyuQonL70aYnlwPkB9Y77NMc12XieShyJM2OcyZX7fT_TsYsY17bTMnxaUQpR4haTCFrHYmGFuCT-g8E-1OBx1Y5bNmBUGDox4NQ8_i8wUSyTiQ:1prvHw:D993LjeYcrHEnUrZqiQfUytHqiVgsFxOaLr0PvYv_q0','2023-05-11 06:39:32.595538');
INSERT INTO "django_session" VALUES('87db5t3o4xpwhra10ceh41kk6d3giv4t','.eJxVjDsOwjAQBe_iGlmx179Q0ucM1q69JgHkSHFSIe5OIqWA9s3Me4uI2zrGrfESpyyuQonL70aYnlwPkB9Y77NMc12XieShyJM2OcyZX7fT_TsYsY17bTMnxaUQpR4haTCFrHYmGFuCT-g8E-1OBx1Y5bNmBUGDox4NQ8_i8wUSyTiQ:1pryxj:6nTmVX0pXHQCxaoIPZcyHcZRPFfJibcRELZFjU9_cYk','2023-05-11 10:34:55.189851');
INSERT INTO "django_session" VALUES('qlyoyg4u9kvclg9kdqjt0h52768c79y1','.eJxVjDsOwjAQBe_iGlmx179Q0ucM1q69JgHkSHFSIe5OIqWA9s3Me4uI2zrGrfESpyyuQonL70aYnlwPkB9Y77NMc12XieShyJM2OcyZX7fT_TsYsY17bTMnxaUQpR4haTCFrHYmGFuCT-g8E-1OBx1Y5bNmBUGDox4NQ8_i8wUSyTiQ:1psJNi:l9LhFGHnFQPPXCF5JVKVfAkwwvm-PTj02uSItAdoQpU','2023-05-12 08:23:06.058610');
INSERT INTO "django_session" VALUES('51s08dt6qa1c9b2g3duv5ovzzsby7pxv','.eJxVjDsOwjAQBe_iGlmx179Q0ucM1q69JgHkSHFSIe5OIqWA9s3Me4uI2zrGrfESpyyuQonL70aYnlwPkB9Y77NMc12XieShyJM2OcyZX7fT_TsYsY17bTMnxaUQpR4haTCFrHYmGFuCT-g8E-1OBx1Y5bNmBUGDox4NQ8_i8wUSyTiQ:1psy5v:Nh-AnJQGLGLsm5JfEJpNcjHmhjFFhy64Jqy3GxYL778','2023-05-14 03:51:27.574921');
INSERT INTO "django_session" VALUES('n3yxcdq5zb6ysh3wuww9czwakk6xu92l','.eJxVjDsOwjAQBe_iGlmx179Q0ucM1q69JgHkSHFSIe5OIqWA9s3Me4uI2zrGrfESpyyuQonL70aYnlwPkB9Y77NMc12XieShyJM2OcyZX7fT_TsYsY17bTMnxaUQpR4haTCFrHYmGFuCT-g8E-1OBx1Y5bNmBUGDox4NQ8_i8wUSyTiQ:1pt3Q8:dC8A-l6dEvyPE_oO30A7UDvDtcCuRxNFp7Vz-fUiIe8','2023-05-14 09:32:40.340840');
INSERT INTO "django_session" VALUES('70i5cjfuzx2ttntzymqagbsg7e5snz1p','.eJxVjDsOwjAQBe_iGln-rmNKes5g7dprHECxlE-FuDtESgHtm5n3Egm3taVt4TmNRZyFEaffjTA_eNpBueN06zL3aZ1HkrsiD7rIay_8vBzu30HDpX1rikbpak1AdgHBVKetLwbIahoGFTwBsauRIXsbI2cItpJSRQGAVSjeH8xoNz8:1ptOdu:n02fsIsGYjFK9ul6yTztSVTiArhUM9MzVB4TwVMwoEM','2023-05-15 08:12:18.976424');
INSERT INTO "django_session" VALUES('px5vm92pcliwruxd986jk96odprttors','.eJxVjDsOwjAQBe_iGln-rmNKes5g7dprHECxlE-FuDtESgHtm5n3Egm3taVt4TmNRZyFEaffjTA_eNpBueN06zL3aZ1HkrsiD7rIay_8vBzu30HDpX1rikbpak1AdgHBVKetLwbIahoGFTwBsauRIXsbI2cItpJSRQGAVSjeH8xoNz8:1ptTBt:R6mN-C1dogNYkvglQ05k9qy7Nnm-8DNQ-8VIIziPPqw','2023-05-15 13:03:41.106847');
CREATE UNIQUE INDEX "django_content_type_app_label_model_76bd3d3b_uniq" ON "django_content_type" ("app_label", "model");
CREATE UNIQUE INDEX "auth_group_permissions_group_id_permission_id_0cd325b0_uniq" ON "auth_group_permissions" ("group_id", "permission_id");
CREATE INDEX IF NOT EXISTS "auth_group_permissions_group_id_b120cbf9" ON "auth_group_permissions" ("group_id");
CREATE INDEX IF NOT EXISTS "auth_group_permissions_permission_id_84c5c92e" ON "auth_group_permissions" ("permission_id");
CREATE UNIQUE INDEX "auth_permission_content_type_id_codename_01ab375a_uniq" ON "auth_permission" ("content_type_id", "codename");
CREATE INDEX IF NOT EXISTS "auth_permission_content_type_id_2f476e4b" ON "auth_permission" ("content_type_id");
CREATE UNIQUE INDEX "users_user_groups_user_id_group_id_b88eab82_uniq" ON "users_user_groups" ("user_id", "group_id");
CREATE INDEX IF NOT EXISTS "users_user_groups_user_id_5f6f5a90" ON "users_user_groups" ("user_id");
CREATE INDEX IF NOT EXISTS "users_user_groups_group_id_9afc8d0e" ON "users_user_groups" ("group_id");
CREATE UNIQUE INDEX "users_user_user_permissions_user_id_permission_id_43338c45_uniq" ON "users_user_user_permissions" ("user_id", "permission_id");
CREATE INDEX IF NOT EXISTS "users_user_user_permissions_user_id_20aca447" ON "users_user_user_permissions" ("user_id");
CREATE INDEX IF NOT EXISTS "users_user_user_permissions_permission_id_0b93982e" ON "users_user_user_permissions" ("permission_id");
CREATE INDEX IF NOT EXISTS "django_admin_log_content_type_id_c4bce8eb" ON "django_admin_log" ("content_type_id");
CREATE INDEX IF NOT EXISTS "django_admin_log_user_id_c564eba6" ON "django_admin_log" ("user_id");
CREATE INDEX IF NOT EXISTS "django_session_expire_date_a5c62663" ON "django_session" ("expire_date");
CREATE INDEX IF NOT EXISTS "store_truck_details_truck_owner_id_155e372c" ON "store_truck_details" ("truck_owner_id");
CREATE INDEX IF NOT EXISTS "transactions_request_edit_builty_id_17f4ac6b" ON "transactions_request_edit" ("builty_id");
CREATE INDEX IF NOT EXISTS "transactions_request_edit_user_id_296a97e5" ON "transactions_request_edit" ("user_id");
CREATE INDEX IF NOT EXISTS "transactions_ack_builty_id_e9cf4eb9" ON "transactions_ack" ("builty_id");
CREATE INDEX IF NOT EXISTS "store_rate_to_station_id_71b5e0d1" ON "store_rate" ("to_station_id");
CREATE INDEX IF NOT EXISTS "store_rate_from_station_id_cf4de4c2" ON "store_rate" ("from_station_id");
CREATE INDEX IF NOT EXISTS "store_district_office_location_id_def88825" ON "store_district" ("office_location_id");
CREATE INDEX IF NOT EXISTS "users_user_company_id_14799323" ON "users_user" ("company_id");
CREATE INDEX IF NOT EXISTS "users_user_office_location_id_9bf9b0fd" ON "users_user" ("office_location_id");
CREATE INDEX IF NOT EXISTS "store_article_company_name_id_236802e6" ON "store_article" ("company_name_id");
CREATE INDEX IF NOT EXISTS "store_article_consignor_id_170c72fc" ON "store_article" ("consignor_id");
CREATE INDEX IF NOT EXISTS "store_article_office_location_id_216b5e85" ON "store_article" ("office_location_id");
CREATE INDEX IF NOT EXISTS "store_consignor_company_id_9fdf29a0" ON "store_consignor" ("company_id");
CREATE INDEX IF NOT EXISTS "store_consignor_office_location_id_709e205e" ON "store_consignor" ("office_location_id");
CREATE INDEX IF NOT EXISTS "store_onaccount_company_id_8283503d" ON "store_onaccount" ("company_id");
CREATE INDEX IF NOT EXISTS "store_onaccount_office_location_id_d8877177" ON "store_onaccount" ("office_location_id");
CREATE INDEX IF NOT EXISTS "store_station_taluka_id_51032d3b" ON "store_station" ("taluka_id");
CREATE INDEX IF NOT EXISTS "store_station_office_location_id_cc8d1da0" ON "store_station" ("office_location_id");
CREATE INDEX IF NOT EXISTS "store_taluka_district_id_63ffbdb2" ON "store_taluka" ("district_id");
CREATE INDEX IF NOT EXISTS "store_taluka_office_location_id_5a2300b5" ON "store_taluka" ("office_location_id");
CREATE INDEX IF NOT EXISTS "store_from_station_office_location_id_f8e96d27" ON "store_from_station" ("office_location_id");
CREATE INDEX IF NOT EXISTS "store_from_station_taluka_id_b0acd45a" ON "store_from_station" ("taluka_id");
CREATE INDEX IF NOT EXISTS "transactions_builty_article_id_9ef4500b" ON "transactions_builty" ("article_id");
CREATE INDEX IF NOT EXISTS "transactions_builty_company_id_e5faf59d" ON "transactions_builty" ("company_id");
CREATE INDEX IF NOT EXISTS "transactions_builty_consignor_id_abafe990" ON "transactions_builty" ("consignor_id");
CREATE INDEX IF NOT EXISTS "transactions_builty_district_id_32c090e4" ON "transactions_builty" ("district_id");
CREATE INDEX IF NOT EXISTS "transactions_builty_onaccount_id_35cc36f3" ON "transactions_builty" ("onaccount_id");
CREATE INDEX IF NOT EXISTS "transactions_builty_petrol_pump_id_9922ae78" ON "transactions_builty" ("petrol_pump_id");
CREATE INDEX IF NOT EXISTS "transactions_builty_station_to_id_8018ef07" ON "transactions_builty" ("station_to_id");
CREATE INDEX IF NOT EXISTS "transactions_builty_taluka_id_3af43376" ON "transactions_builty" ("taluka_id");
CREATE INDEX IF NOT EXISTS "transactions_builty_truck_details_id_7724d30a" ON "transactions_builty" ("truck_details_id");
CREATE INDEX IF NOT EXISTS "transactions_builty_truck_owner_id_74656a52" ON "transactions_builty" ("truck_owner_id");
CREATE INDEX IF NOT EXISTS "transactions_builty_user_id_82211060" ON "transactions_builty" ("user_id");
CREATE INDEX IF NOT EXISTS "transactions_builty_station_from_id_0fc95978" ON "transactions_builty" ("station_from_id");
CREATE TABLE IF NOT EXISTS "store_article" ("id" integer NOT NULL PRIMARY KEY AUTOINCREMENT, "name" varchar(120) NOT NULL, "company_name_id" bigint NOT NULL REFERENCES "store_company" ("id") DEFERRABLE INITIALLY DEFERRED, "consignor_id" bigint NOT NULL REFERENCES "store_consignor" ("id") DEFERRABLE INITIALLY DEFERRED, "office_location_id" bigint NULL REFERENCES "store_office_location" ("id") DEFERRABLE INITIALLY DEFERRED);
INSERT INTO "store_article" VALUES(1,'ULTRATECH PPC',1,1,1);
INSERT INTO "store_article" VALUES(2,'ULTATECH OPC 53',1,1,1);
INSERT INTO "store_article" VALUES(3,'ULTRATECH SUPER',1,1,1);
INSERT INTO "store_article" VALUES(4,'ULTRATECH PPC NT',1,1,1);
INSERT INTO "store_article" VALUES(5,'ULTRATECH OPC 53 NT',1,1,1);
INSERT INTO "store_article" VALUES(6,'test22',1,1,1);
INSERT INTO "store_article" VALUES(7,'test23',1,1,1);
INSERT INTO "store_article" VALUES(8,'MURTIZAPUR',1,1,1);
INSERT INTO "store_article" VALUES(9,'ULTRATECH PPC',1,3,2);
INSERT INTO "store_article" VALUES(10,'ULTRATECH SUPER',1,3,2);
INSERT INTO "store_article" VALUES(11,'ULTRATECH PPC NON TRADE',1,3,2);
INSERT INTO "store_article" VALUES(12,'ULTRATECH OPC - 53 NON TRADE',1,3,2);
INSERT INTO "store_article" VALUES(20,'SMT 10:26:26',1,5,5);
INSERT INTO "store_article" VALUES(21,'SMT 12:32:16',1,5,5);
INSERT INTO "store_article" VALUES(22,'SMT 20:20:0:13',1,5,5);
INSERT INTO "store_article" VALUES(23,'G-SSP',1,5,5);
INSERT INTO "store_article" VALUES(24,'24:24:0',1,5,5);
INSERT INTO "store_article" VALUES(25,'CROPTEK 8:21:21',1,5,5);
INSERT INTO "store_article" VALUES(26,'CROPTEK 9:24:24',1,5,5);
CREATE UNIQUE INDEX "django_content_type_app_label_model_76bd3d3b_uniq" ON "django_content_type" ("app_label", "model");
CREATE UNIQUE INDEX "auth_group_permissions_group_id_permission_id_0cd325b0_uniq" ON "auth_group_permissions" ("group_id", "permission_id");
CREATE INDEX IF NOT EXISTS "auth_group_permissions_group_id_b120cbf9" ON "auth_group_permissions" ("group_id");
CREATE INDEX IF NOT EXISTS "auth_group_permissions_permission_id_84c5c92e" ON "auth_group_permissions" ("permission_id");
CREATE UNIQUE INDEX "auth_permission_content_type_id_codename_01ab375a_uniq" ON "auth_permission" ("content_type_id", "codename");
CREATE INDEX IF NOT EXISTS "auth_permission_content_type_id_2f476e4b" ON "auth_permission" ("content_type_id");
CREATE UNIQUE INDEX "users_user_groups_user_id_group_id_b88eab82_uniq" ON "users_user_groups" ("user_id", "group_id");
CREATE INDEX IF NOT EXISTS "users_user_groups_user_id_5f6f5a90" ON "users_user_groups" ("user_id");
CREATE INDEX IF NOT EXISTS "users_user_groups_group_id_9afc8d0e" ON "users_user_groups" ("group_id");
CREATE UNIQUE INDEX "users_user_user_permissions_user_id_permission_id_43338c45_uniq" ON "users_user_user_permissions" ("user_id", "permission_id");
CREATE INDEX IF NOT EXISTS "users_user_user_permissions_user_id_20aca447" ON "users_user_user_permissions" ("user_id");
CREATE INDEX IF NOT EXISTS "users_user_user_permissions_permission_id_0b93982e" ON "users_user_user_permissions" ("permission_id");
CREATE INDEX IF NOT EXISTS "django_admin_log_content_type_id_c4bce8eb" ON "django_admin_log" ("content_type_id");
CREATE INDEX IF NOT EXISTS "django_admin_log_user_id_c564eba6" ON "django_admin_log" ("user_id");
CREATE INDEX IF NOT EXISTS "django_session_expire_date_a5c62663" ON "django_session" ("expire_date");
CREATE INDEX IF NOT EXISTS "store_truck_details_truck_owner_id_155e372c" ON "store_truck_details" ("truck_owner_id");
CREATE INDEX IF NOT EXISTS "transactions_request_edit_builty_id_17f4ac6b" ON "transactions_request_edit" ("builty_id");
CREATE INDEX IF NOT EXISTS "transactions_request_edit_user_id_296a97e5" ON "transactions_request_edit" ("user_id");
CREATE INDEX IF NOT EXISTS "transactions_ack_builty_id_e9cf4eb9" ON "transactions_ack" ("builty_id");
CREATE INDEX IF NOT EXISTS "store_rate_to_station_id_71b5e0d1" ON "store_rate" ("to_station_id");
CREATE INDEX IF NOT EXISTS "store_rate_from_station_id_cf4de4c2" ON "store_rate" ("from_station_id");
CREATE INDEX IF NOT EXISTS "store_district_office_location_id_def88825" ON "store_district" ("office_location_id");
CREATE INDEX IF NOT EXISTS "users_user_company_id_14799323" ON "users_user" ("company_id");
CREATE INDEX IF NOT EXISTS "users_user_office_location_id_9bf9b0fd" ON "users_user" ("office_location_id");
CREATE INDEX IF NOT EXISTS "store_article_company_name_id_236802e6" ON "store_article" ("company_name_id");
CREATE INDEX IF NOT EXISTS "store_article_consignor_id_170c72fc" ON "store_article" ("consignor_id");
CREATE INDEX IF NOT EXISTS "store_article_office_location_id_216b5e85" ON "store_article" ("office_location_id");
CREATE INDEX IF NOT EXISTS "store_consignor_company_id_9fdf29a0" ON "store_consignor" ("company_id");
CREATE INDEX IF NOT EXISTS "store_consignor_office_location_id_709e205e" ON "store_consignor" ("office_location_id");
CREATE INDEX IF NOT EXISTS "store_onaccount_company_id_8283503d" ON "store_onaccount" ("company_id");
CREATE INDEX IF NOT EXISTS "store_onaccount_office_location_id_d8877177" ON "store_onaccount" ("office_location_id");
CREATE INDEX IF NOT EXISTS "store_station_taluka_id_51032d3b" ON "store_station" ("taluka_id");
CREATE INDEX IF NOT EXISTS "store_station_office_location_id_cc8d1da0" ON "store_station" ("office_location_id");
CREATE INDEX IF NOT EXISTS "store_taluka_district_id_63ffbdb2" ON "store_taluka" ("district_id");
CREATE INDEX IF NOT EXISTS "store_taluka_office_location_id_5a2300b5" ON "store_taluka" ("office_location_id");
CREATE INDEX IF NOT EXISTS "store_from_station_office_location_id_f8e96d27" ON "store_from_station" ("office_location_id");
CREATE INDEX IF NOT EXISTS "store_from_station_taluka_id_b0acd45a" ON "store_from_station" ("taluka_id");
CREATE INDEX IF NOT EXISTS "transactions_builty_article_id_9ef4500b" ON "transactions_builty" ("article_id");
CREATE INDEX IF NOT EXISTS "transactions_builty_company_id_e5faf59d" ON "transactions_builty" ("company_id");
CREATE INDEX IF NOT EXISTS "transactions_builty_consignor_id_abafe990" ON "transactions_builty" ("consignor_id");
CREATE INDEX IF NOT EXISTS "transactions_builty_district_id_32c090e4" ON "transactions_builty" ("district_id");
CREATE INDEX IF NOT EXISTS "transactions_builty_onaccount_id_35cc36f3" ON "transactions_builty" ("onaccount_id");
CREATE INDEX IF NOT EXISTS "transactions_builty_petrol_pump_id_9922ae78" ON "transactions_builty" ("petrol_pump_id");
CREATE INDEX IF NOT EXISTS "transactions_builty_station_to_id_8018ef07" ON "transactions_builty" ("station_to_id");
CREATE INDEX IF NOT EXISTS "transactions_builty_taluka_id_3af43376" ON "transactions_builty" ("taluka_id");
CREATE INDEX IF NOT EXISTS "transactions_builty_truck_details_id_7724d30a" ON "transactions_builty" ("truck_details_id");
CREATE INDEX IF NOT EXISTS "transactions_builty_truck_owner_id_74656a52" ON "transactions_builty" ("truck_owner_id");
CREATE INDEX IF NOT EXISTS "transactions_builty_user_id_82211060" ON "transactions_builty" ("user_id");
CREATE INDEX IF NOT EXISTS "transactions_builty_station_from_id_0fc95978" ON "transactions_builty" ("station_from_id");
CREATE TABLE IF NOT EXISTS "store_company" ("id" integer NOT NULL PRIMARY KEY AUTOINCREMENT, "company_name" varchar(120) NOT NULL UNIQUE);
INSERT INTO "store_company" VALUES(1,'SAHANI GOODS TRANSPORT');
CREATE UNIQUE INDEX "django_content_type_app_label_model_76bd3d3b_uniq" ON "django_content_type" ("app_label", "model");
CREATE UNIQUE INDEX "auth_group_permissions_group_id_permission_id_0cd325b0_uniq" ON "auth_group_permissions" ("group_id", "permission_id");
CREATE INDEX IF NOT EXISTS "auth_group_permissions_group_id_b120cbf9" ON "auth_group_permissions" ("group_id");
CREATE INDEX IF NOT EXISTS "auth_group_permissions_permission_id_84c5c92e" ON "auth_group_permissions" ("permission_id");
CREATE UNIQUE INDEX "auth_permission_content_type_id_codename_01ab375a_uniq" ON "auth_permission" ("content_type_id", "codename");
CREATE INDEX IF NOT EXISTS "auth_permission_content_type_id_2f476e4b" ON "auth_permission" ("content_type_id");
CREATE UNIQUE INDEX "users_user_groups_user_id_group_id_b88eab82_uniq" ON "users_user_groups" ("user_id", "group_id");
CREATE INDEX IF NOT EXISTS "users_user_groups_user_id_5f6f5a90" ON "users_user_groups" ("user_id");
CREATE INDEX IF NOT EXISTS "users_user_groups_group_id_9afc8d0e" ON "users_user_groups" ("group_id");
CREATE UNIQUE INDEX "users_user_user_permissions_user_id_permission_id_43338c45_uniq" ON "users_user_user_permissions" ("user_id", "permission_id");
CREATE INDEX IF NOT EXISTS "users_user_user_permissions_user_id_20aca447" ON "users_user_user_permissions" ("user_id");
CREATE INDEX IF NOT EXISTS "users_user_user_permissions_permission_id_0b93982e" ON "users_user_user_permissions" ("permission_id");
CREATE INDEX IF NOT EXISTS "django_admin_log_content_type_id_c4bce8eb" ON "django_admin_log" ("content_type_id");
CREATE INDEX IF NOT EXISTS "django_admin_log_user_id_c564eba6" ON "django_admin_log" ("user_id");
CREATE INDEX IF NOT EXISTS "django_session_expire_date_a5c62663" ON "django_session" ("expire_date");
CREATE INDEX IF NOT EXISTS "store_truck_details_truck_owner_id_155e372c" ON "store_truck_details" ("truck_owner_id");
CREATE INDEX IF NOT EXISTS "transactions_request_edit_builty_id_17f4ac6b" ON "transactions_request_edit" ("builty_id");
CREATE INDEX IF NOT EXISTS "transactions_request_edit_user_id_296a97e5" ON "transactions_request_edit" ("user_id");
CREATE INDEX IF NOT EXISTS "transactions_ack_builty_id_e9cf4eb9" ON "transactions_ack" ("builty_id");
CREATE INDEX IF NOT EXISTS "store_rate_to_station_id_71b5e0d1" ON "store_rate" ("to_station_id");
CREATE INDEX IF NOT EXISTS "store_rate_from_station_id_cf4de4c2" ON "store_rate" ("from_station_id");
CREATE INDEX IF NOT EXISTS "store_district_office_location_id_def88825" ON "store_district" ("office_location_id");
CREATE INDEX IF NOT EXISTS "users_user_company_id_14799323" ON "users_user" ("company_id");
CREATE INDEX IF NOT EXISTS "users_user_office_location_id_9bf9b0fd" ON "users_user" ("office_location_id");
CREATE INDEX IF NOT EXISTS "store_article_company_name_id_236802e6" ON "store_article" ("company_name_id");
CREATE INDEX IF NOT EXISTS "store_article_consignor_id_170c72fc" ON "store_article" ("consignor_id");
CREATE INDEX IF NOT EXISTS "store_article_office_location_id_216b5e85" ON "store_article" ("office_location_id");
CREATE INDEX IF NOT EXISTS "store_consignor_company_id_9fdf29a0" ON "store_consignor" ("company_id");
CREATE INDEX IF NOT EXISTS "store_consignor_office_location_id_709e205e" ON "store_consignor" ("office_location_id");
CREATE INDEX IF NOT EXISTS "store_onaccount_company_id_8283503d" ON "store_onaccount" ("company_id");
CREATE INDEX IF NOT EXISTS "store_onaccount_office_location_id_d8877177" ON "store_onaccount" ("office_location_id");
CREATE INDEX IF NOT EXISTS "store_station_taluka_id_51032d3b" ON "store_station" ("taluka_id");
CREATE INDEX IF NOT EXISTS "store_station_office_location_id_cc8d1da0" ON "store_station" ("office_location_id");
CREATE INDEX IF NOT EXISTS "store_taluka_district_id_63ffbdb2" ON "store_taluka" ("district_id");
CREATE INDEX IF NOT EXISTS "store_taluka_office_location_id_5a2300b5" ON "store_taluka" ("office_location_id");
CREATE INDEX IF NOT EXISTS "store_from_station_office_location_id_f8e96d27" ON "store_from_station" ("office_location_id");
CREATE INDEX IF NOT EXISTS "store_from_station_taluka_id_b0acd45a" ON "store_from_station" ("taluka_id");
CREATE INDEX IF NOT EXISTS "transactions_builty_article_id_9ef4500b" ON "transactions_builty" ("article_id");
CREATE INDEX IF NOT EXISTS "transactions_builty_company_id_e5faf59d" ON "transactions_builty" ("company_id");
CREATE INDEX IF NOT EXISTS "transactions_builty_consignor_id_abafe990" ON "transactions_builty" ("consignor_id");
CREATE INDEX IF NOT EXISTS "transactions_builty_district_id_32c090e4" ON "transactions_builty" ("district_id");
CREATE INDEX IF NOT EXISTS "transactions_builty_onaccount_id_35cc36f3" ON "transactions_builty" ("onaccount_id");
CREATE INDEX IF NOT EXISTS "transactions_builty_petrol_pump_id_9922ae78" ON "transactions_builty" ("petrol_pump_id");
CREATE INDEX IF NOT EXISTS "transactions_builty_station_to_id_8018ef07" ON "transactions_builty" ("station_to_id");
CREATE INDEX IF NOT EXISTS "transactions_builty_taluka_id_3af43376" ON "transactions_builty" ("taluka_id");
CREATE INDEX IF NOT EXISTS "transactions_builty_truck_details_id_7724d30a" ON "transactions_builty" ("truck_details_id");
CREATE INDEX IF NOT EXISTS "transactions_builty_truck_owner_id_74656a52" ON "transactions_builty" ("truck_owner_id");
CREATE INDEX IF NOT EXISTS "transactions_builty_user_id_82211060" ON "transactions_builty" ("user_id");
CREATE INDEX IF NOT EXISTS "transactions_builty_station_from_id_0fc95978" ON "transactions_builty" ("station_from_id");
CREATE TABLE IF NOT EXISTS "store_consignor" ("id" integer NOT NULL PRIMARY KEY AUTOINCREMENT, "builty_code" varchar(120) NOT NULL UNIQUE, "name" varchar(120) NOT NULL, "company_id" bigint NOT NULL REFERENCES "store_company" ("id") DEFERRABLE INITIALLY DEFERRED, "office_location_id" bigint NULL REFERENCES "store_office_location" ("id") DEFERRABLE INITIALLY DEFERRED);
INSERT INTO "store_consignor" VALUES(1,'UTCL','ULTRATECH CEMENT LTD MUMBAI',1,1);
INSERT INTO "store_consignor" VALUES(3,'UTCL-KHAM','ULTRATECH CEMENT LTD MUMBAI',1,2);
INSERT INTO "store_consignor" VALUES(5,'STL','SMARTCHEM TECHNOLOGIES LTD',1,5);
CREATE UNIQUE INDEX "django_content_type_app_label_model_76bd3d3b_uniq" ON "django_content_type" ("app_label", "model");
CREATE UNIQUE INDEX "auth_group_permissions_group_id_permission_id_0cd325b0_uniq" ON "auth_group_permissions" ("group_id", "permission_id");
CREATE INDEX IF NOT EXISTS "auth_group_permissions_group_id_b120cbf9" ON "auth_group_permissions" ("group_id");
CREATE INDEX IF NOT EXISTS "auth_group_permissions_permission_id_84c5c92e" ON "auth_group_permissions" ("permission_id");
CREATE UNIQUE INDEX "auth_permission_content_type_id_codename_01ab375a_uniq" ON "auth_permission" ("content_type_id", "codename");
CREATE INDEX IF NOT EXISTS "auth_permission_content_type_id_2f476e4b" ON "auth_permission" ("content_type_id");
CREATE UNIQUE INDEX "users_user_groups_user_id_group_id_b88eab82_uniq" ON "users_user_groups" ("user_id", "group_id");
CREATE INDEX IF NOT EXISTS "users_user_groups_user_id_5f6f5a90" ON "users_user_groups" ("user_id");
CREATE INDEX IF NOT EXISTS "users_user_groups_group_id_9afc8d0e" ON "users_user_groups" ("group_id");
CREATE UNIQUE INDEX "users_user_user_permissions_user_id_permission_id_43338c45_uniq" ON "users_user_user_permissions" ("user_id", "permission_id");
CREATE INDEX IF NOT EXISTS "users_user_user_permissions_user_id_20aca447" ON "users_user_user_permissions" ("user_id");
CREATE INDEX IF NOT EXISTS "users_user_user_permissions_permission_id_0b93982e" ON "users_user_user_permissions" ("permission_id");
CREATE INDEX IF NOT EXISTS "django_admin_log_content_type_id_c4bce8eb" ON "django_admin_log" ("content_type_id");
CREATE INDEX IF NOT EXISTS "django_admin_log_user_id_c564eba6" ON "django_admin_log" ("user_id");
CREATE INDEX IF NOT EXISTS "django_session_expire_date_a5c62663" ON "django_session" ("expire_date");
CREATE INDEX IF NOT EXISTS "store_truck_details_truck_owner_id_155e372c" ON "store_truck_details" ("truck_owner_id");
CREATE INDEX IF NOT EXISTS "transactions_request_edit_builty_id_17f4ac6b" ON "transactions_request_edit" ("builty_id");
CREATE INDEX IF NOT EXISTS "transactions_request_edit_user_id_296a97e5" ON "transactions_request_edit" ("user_id");
CREATE INDEX IF NOT EXISTS "transactions_ack_builty_id_e9cf4eb9" ON "transactions_ack" ("builty_id");
CREATE INDEX IF NOT EXISTS "store_rate_to_station_id_71b5e0d1" ON "store_rate" ("to_station_id");
CREATE INDEX IF NOT EXISTS "store_rate_from_station_id_cf4de4c2" ON "store_rate" ("from_station_id");
CREATE INDEX IF NOT EXISTS "store_district_office_location_id_def88825" ON "store_district" ("office_location_id");
CREATE INDEX IF NOT EXISTS "users_user_company_id_14799323" ON "users_user" ("company_id");
CREATE INDEX IF NOT EXISTS "users_user_office_location_id_9bf9b0fd" ON "users_user" ("office_location_id");
CREATE INDEX IF NOT EXISTS "store_article_company_name_id_236802e6" ON "store_article" ("company_name_id");
CREATE INDEX IF NOT EXISTS "store_article_consignor_id_170c72fc" ON "store_article" ("consignor_id");
CREATE INDEX IF NOT EXISTS "store_article_office_location_id_216b5e85" ON "store_article" ("office_location_id");
CREATE INDEX IF NOT EXISTS "store_consignor_company_id_9fdf29a0" ON "store_consignor" ("company_id");
CREATE INDEX IF NOT EXISTS "store_consignor_office_location_id_709e205e" ON "store_consignor" ("office_location_id");
CREATE INDEX IF NOT EXISTS "store_onaccount_company_id_8283503d" ON "store_onaccount" ("company_id");
CREATE INDEX IF NOT EXISTS "store_onaccount_office_location_id_d8877177" ON "store_onaccount" ("office_location_id");
CREATE INDEX IF NOT EXISTS "store_station_taluka_id_51032d3b" ON "store_station" ("taluka_id");
CREATE INDEX IF NOT EXISTS "store_station_office_location_id_cc8d1da0" ON "store_station" ("office_location_id");
CREATE INDEX IF NOT EXISTS "store_taluka_district_id_63ffbdb2" ON "store_taluka" ("district_id");
CREATE INDEX IF NOT EXISTS "store_taluka_office_location_id_5a2300b5" ON "store_taluka" ("office_location_id");
CREATE INDEX IF NOT EXISTS "store_from_station_office_location_id_f8e96d27" ON "store_from_station" ("office_location_id");
CREATE INDEX IF NOT EXISTS "store_from_station_taluka_id_b0acd45a" ON "store_from_station" ("taluka_id");
CREATE INDEX IF NOT EXISTS "transactions_builty_article_id_9ef4500b" ON "transactions_builty" ("article_id");
CREATE INDEX IF NOT EXISTS "transactions_builty_company_id_e5faf59d" ON "transactions_builty" ("company_id");
CREATE INDEX IF NOT EXISTS "transactions_builty_consignor_id_abafe990" ON "transactions_builty" ("consignor_id");
CREATE INDEX IF NOT EXISTS "transactions_builty_district_id_32c090e4" ON "transactions_builty" ("district_id");
CREATE INDEX IF NOT EXISTS "transactions_builty_onaccount_id_35cc36f3" ON "transactions_builty" ("onaccount_id");
CREATE INDEX IF NOT EXISTS "transactions_builty_petrol_pump_id_9922ae78" ON "transactions_builty" ("petrol_pump_id");
CREATE INDEX IF NOT EXISTS "transactions_builty_station_to_id_8018ef07" ON "transactions_builty" ("station_to_id");
CREATE INDEX IF NOT EXISTS "transactions_builty_taluka_id_3af43376" ON "transactions_builty" ("taluka_id");
CREATE INDEX IF NOT EXISTS "transactions_builty_truck_details_id_7724d30a" ON "transactions_builty" ("truck_details_id");
CREATE INDEX IF NOT EXISTS "transactions_builty_truck_owner_id_74656a52" ON "transactions_builty" ("truck_owner_id");
CREATE INDEX IF NOT EXISTS "transactions_builty_user_id_82211060" ON "transactions_builty" ("user_id");
CREATE INDEX IF NOT EXISTS "transactions_builty_station_from_id_0fc95978" ON "transactions_builty" ("station_from_id");
CREATE TABLE IF NOT EXISTS "store_district" ("id" integer NOT NULL PRIMARY KEY AUTOINCREMENT, "name" varchar(120) NOT NULL UNIQUE, "office_location_id" bigint NOT NULL REFERENCES "store_office_location" ("id") DEFERRABLE INITIALLY DEFERRED);
INSERT INTO "store_district" VALUES(1,'AKOLA',1);
INSERT INTO "store_district" VALUES(3,'BULDHANA',2);
INSERT INTO "store_district" VALUES(4,'HINGNEE H',1);
INSERT INTO "store_district" VALUES(5,'BHARAT HARDWARE DHAD',2);
INSERT INTO "store_district" VALUES(6,'SHRI TRADERS JAMOD',2);
INSERT INTO "store_district" VALUES(7,'WASHIM - D',5);
INSERT INTO "store_district" VALUES(8,'BULDHANA - D',5);
INSERT INTO "store_district" VALUES(9,'AKOLA - D',5);
CREATE UNIQUE INDEX "django_content_type_app_label_model_76bd3d3b_uniq" ON "django_content_type" ("app_label", "model");
CREATE UNIQUE INDEX "auth_group_permissions_group_id_permission_id_0cd325b0_uniq" ON "auth_group_permissions" ("group_id", "permission_id");
CREATE INDEX IF NOT EXISTS "auth_group_permissions_group_id_b120cbf9" ON "auth_group_permissions" ("group_id");
CREATE INDEX IF NOT EXISTS "auth_group_permissions_permission_id_84c5c92e" ON "auth_group_permissions" ("permission_id");
CREATE UNIQUE INDEX "auth_permission_content_type_id_codename_01ab375a_uniq" ON "auth_permission" ("content_type_id", "codename");
CREATE INDEX IF NOT EXISTS "auth_permission_content_type_id_2f476e4b" ON "auth_permission" ("content_type_id");
CREATE UNIQUE INDEX "users_user_groups_user_id_group_id_b88eab82_uniq" ON "users_user_groups" ("user_id", "group_id");
CREATE INDEX IF NOT EXISTS "users_user_groups_user_id_5f6f5a90" ON "users_user_groups" ("user_id");
CREATE INDEX IF NOT EXISTS "users_user_groups_group_id_9afc8d0e" ON "users_user_groups" ("group_id");
CREATE UNIQUE INDEX "users_user_user_permissions_user_id_permission_id_43338c45_uniq" ON "users_user_user_permissions" ("user_id", "permission_id");
CREATE INDEX IF NOT EXISTS "users_user_user_permissions_user_id_20aca447" ON "users_user_user_permissions" ("user_id");
CREATE INDEX IF NOT EXISTS "users_user_user_permissions_permission_id_0b93982e" ON "users_user_user_permissions" ("permission_id");
CREATE INDEX IF NOT EXISTS "django_admin_log_content_type_id_c4bce8eb" ON "django_admin_log" ("content_type_id");
CREATE INDEX IF NOT EXISTS "django_admin_log_user_id_c564eba6" ON "django_admin_log" ("user_id");
CREATE INDEX IF NOT EXISTS "django_session_expire_date_a5c62663" ON "django_session" ("expire_date");
CREATE INDEX IF NOT EXISTS "store_truck_details_truck_owner_id_155e372c" ON "store_truck_details" ("truck_owner_id");
CREATE INDEX IF NOT EXISTS "transactions_request_edit_builty_id_17f4ac6b" ON "transactions_request_edit" ("builty_id");
CREATE INDEX IF NOT EXISTS "transactions_request_edit_user_id_296a97e5" ON "transactions_request_edit" ("user_id");
CREATE INDEX IF NOT EXISTS "transactions_ack_builty_id_e9cf4eb9" ON "transactions_ack" ("builty_id");
CREATE INDEX IF NOT EXISTS "store_rate_to_station_id_71b5e0d1" ON "store_rate" ("to_station_id");
CREATE INDEX IF NOT EXISTS "store_rate_from_station_id_cf4de4c2" ON "store_rate" ("from_station_id");
CREATE INDEX IF NOT EXISTS "store_district_office_location_id_def88825" ON "store_district" ("office_location_id");
CREATE INDEX IF NOT EXISTS "users_user_company_id_14799323" ON "users_user" ("company_id");
CREATE INDEX IF NOT EXISTS "users_user_office_location_id_9bf9b0fd" ON "users_user" ("office_location_id");
CREATE INDEX IF NOT EXISTS "store_article_company_name_id_236802e6" ON "store_article" ("company_name_id");
CREATE INDEX IF NOT EXISTS "store_article_consignor_id_170c72fc" ON "store_article" ("consignor_id");
CREATE INDEX IF NOT EXISTS "store_article_office_location_id_216b5e85" ON "store_article" ("office_location_id");
CREATE INDEX IF NOT EXISTS "store_consignor_company_id_9fdf29a0" ON "store_consignor" ("company_id");
CREATE INDEX IF NOT EXISTS "store_consignor_office_location_id_709e205e" ON "store_consignor" ("office_location_id");
CREATE INDEX IF NOT EXISTS "store_onaccount_company_id_8283503d" ON "store_onaccount" ("company_id");
CREATE INDEX IF NOT EXISTS "store_onaccount_office_location_id_d8877177" ON "store_onaccount" ("office_location_id");
CREATE INDEX IF NOT EXISTS "store_station_taluka_id_51032d3b" ON "store_station" ("taluka_id");
CREATE INDEX IF NOT EXISTS "store_station_office_location_id_cc8d1da0" ON "store_station" ("office_location_id");
CREATE INDEX IF NOT EXISTS "store_taluka_district_id_63ffbdb2" ON "store_taluka" ("district_id");
CREATE INDEX IF NOT EXISTS "store_taluka_office_location_id_5a2300b5" ON "store_taluka" ("office_location_id");
CREATE INDEX IF NOT EXISTS "store_from_station_office_location_id_f8e96d27" ON "store_from_station" ("office_location_id");
CREATE INDEX IF NOT EXISTS "store_from_station_taluka_id_b0acd45a" ON "store_from_station" ("taluka_id");
CREATE INDEX IF NOT EXISTS "transactions_builty_article_id_9ef4500b" ON "transactions_builty" ("article_id");
CREATE INDEX IF NOT EXISTS "transactions_builty_company_id_e5faf59d" ON "transactions_builty" ("company_id");
CREATE INDEX IF NOT EXISTS "transactions_builty_consignor_id_abafe990" ON "transactions_builty" ("consignor_id");
CREATE INDEX IF NOT EXISTS "transactions_builty_district_id_32c090e4" ON "transactions_builty" ("district_id");
CREATE INDEX IF NOT EXISTS "transactions_builty_onaccount_id_35cc36f3" ON "transactions_builty" ("onaccount_id");
CREATE INDEX IF NOT EXISTS "transactions_builty_petrol_pump_id_9922ae78" ON "transactions_builty" ("petrol_pump_id");
CREATE INDEX IF NOT EXISTS "transactions_builty_station_to_id_8018ef07" ON "transactions_builty" ("station_to_id");
CREATE INDEX IF NOT EXISTS "transactions_builty_taluka_id_3af43376" ON "transactions_builty" ("taluka_id");
CREATE INDEX IF NOT EXISTS "transactions_builty_truck_details_id_7724d30a" ON "transactions_builty" ("truck_details_id");
CREATE INDEX IF NOT EXISTS "transactions_builty_truck_owner_id_74656a52" ON "transactions_builty" ("truck_owner_id");
CREATE INDEX IF NOT EXISTS "transactions_builty_user_id_82211060" ON "transactions_builty" ("user_id");
CREATE INDEX IF NOT EXISTS "transactions_builty_station_from_id_0fc95978" ON "transactions_builty" ("station_from_id");
CREATE TABLE IF NOT EXISTS "store_driver" ("id" integer NOT NULL PRIMARY KEY AUTOINCREMENT, "name" varchar(120) NOT NULL UNIQUE, "address" varchar(120) NOT NULL UNIQUE, "driving_licence" varchar(120) NOT NULL UNIQUE, "adhar_card" varchar(120) NOT NULL UNIQUE, "mobile_no" integer NOT NULL, "driving_licence_expiry_date" date NULL);
INSERT INTO "store_driver" VALUES(1,'WASIM KHAMGAON MH28BB6111','KHAMGAON','55214965','4014515154422',9834303034,NULL);
INSERT INTO "store_driver" VALUES(2,'SHAIKH SABIR MH27BX1149','MALKAPUR','4465466546','33333333333333333',5646512,NULL);
CREATE UNIQUE INDEX "django_content_type_app_label_model_76bd3d3b_uniq" ON "django_content_type" ("app_label", "model");
CREATE UNIQUE INDEX "auth_group_permissions_group_id_permission_id_0cd325b0_uniq" ON "auth_group_permissions" ("group_id", "permission_id");
CREATE INDEX IF NOT EXISTS "auth_group_permissions_group_id_b120cbf9" ON "auth_group_permissions" ("group_id");
CREATE INDEX IF NOT EXISTS "auth_group_permissions_permission_id_84c5c92e" ON "auth_group_permissions" ("permission_id");
CREATE UNIQUE INDEX "auth_permission_content_type_id_codename_01ab375a_uniq" ON "auth_permission" ("content_type_id", "codename");
CREATE INDEX IF NOT EXISTS "auth_permission_content_type_id_2f476e4b" ON "auth_permission" ("content_type_id");
CREATE UNIQUE INDEX "users_user_groups_user_id_group_id_b88eab82_uniq" ON "users_user_groups" ("user_id", "group_id");
CREATE INDEX IF NOT EXISTS "users_user_groups_user_id_5f6f5a90" ON "users_user_groups" ("user_id");
CREATE INDEX IF NOT EXISTS "users_user_groups_group_id_9afc8d0e" ON "users_user_groups" ("group_id");
CREATE UNIQUE INDEX "users_user_user_permissions_user_id_permission_id_43338c45_uniq" ON "users_user_user_permissions" ("user_id", "permission_id");
CREATE INDEX IF NOT EXISTS "users_user_user_permissions_user_id_20aca447" ON "users_user_user_permissions" ("user_id");
CREATE INDEX IF NOT EXISTS "users_user_user_permissions_permission_id_0b93982e" ON "users_user_user_permissions" ("permission_id");
CREATE INDEX IF NOT EXISTS "django_admin_log_content_type_id_c4bce8eb" ON "django_admin_log" ("content_type_id");
CREATE INDEX IF NOT EXISTS "django_admin_log_user_id_c564eba6" ON "django_admin_log" ("user_id");
CREATE INDEX IF NOT EXISTS "django_session_expire_date_a5c62663" ON "django_session" ("expire_date");
CREATE INDEX IF NOT EXISTS "store_truck_details_truck_owner_id_155e372c" ON "store_truck_details" ("truck_owner_id");
CREATE INDEX IF NOT EXISTS "transactions_request_edit_builty_id_17f4ac6b" ON "transactions_request_edit" ("builty_id");
CREATE INDEX IF NOT EXISTS "transactions_request_edit_user_id_296a97e5" ON "transactions_request_edit" ("user_id");
CREATE INDEX IF NOT EXISTS "transactions_ack_builty_id_e9cf4eb9" ON "transactions_ack" ("builty_id");
CREATE INDEX IF NOT EXISTS "store_rate_to_station_id_71b5e0d1" ON "store_rate" ("to_station_id");
CREATE INDEX IF NOT EXISTS "store_rate_from_station_id_cf4de4c2" ON "store_rate" ("from_station_id");
CREATE INDEX IF NOT EXISTS "store_district_office_location_id_def88825" ON "store_district" ("office_location_id");
CREATE INDEX IF NOT EXISTS "users_user_company_id_14799323" ON "users_user" ("company_id");
CREATE INDEX IF NOT EXISTS "users_user_office_location_id_9bf9b0fd" ON "users_user" ("office_location_id");
CREATE INDEX IF NOT EXISTS "store_article_company_name_id_236802e6" ON "store_article" ("company_name_id");
CREATE INDEX IF NOT EXISTS "store_article_consignor_id_170c72fc" ON "store_article" ("consignor_id");
CREATE INDEX IF NOT EXISTS "store_article_office_location_id_216b5e85" ON "store_article" ("office_location_id");
CREATE INDEX IF NOT EXISTS "store_consignor_company_id_9fdf29a0" ON "store_consignor" ("company_id");
CREATE INDEX IF NOT EXISTS "store_consignor_office_location_id_709e205e" ON "store_consignor" ("office_location_id");
CREATE INDEX IF NOT EXISTS "store_onaccount_company_id_8283503d" ON "store_onaccount" ("company_id");
CREATE INDEX IF NOT EXISTS "store_onaccount_office_location_id_d8877177" ON "store_onaccount" ("office_location_id");
CREATE INDEX IF NOT EXISTS "store_station_taluka_id_51032d3b" ON "store_station" ("taluka_id");
CREATE INDEX IF NOT EXISTS "store_station_office_location_id_cc8d1da0" ON "store_station" ("office_location_id");
CREATE INDEX IF NOT EXISTS "store_taluka_district_id_63ffbdb2" ON "store_taluka" ("district_id");
CREATE INDEX IF NOT EXISTS "store_taluka_office_location_id_5a2300b5" ON "store_taluka" ("office_location_id");
CREATE INDEX IF NOT EXISTS "store_from_station_office_location_id_f8e96d27" ON "store_from_station" ("office_location_id");
CREATE INDEX IF NOT EXISTS "store_from_station_taluka_id_b0acd45a" ON "store_from_station" ("taluka_id");
CREATE INDEX IF NOT EXISTS "transactions_builty_article_id_9ef4500b" ON "transactions_builty" ("article_id");
CREATE INDEX IF NOT EXISTS "transactions_builty_company_id_e5faf59d" ON "transactions_builty" ("company_id");
CREATE INDEX IF NOT EXISTS "transactions_builty_consignor_id_abafe990" ON "transactions_builty" ("consignor_id");
CREATE INDEX IF NOT EXISTS "transactions_builty_district_id_32c090e4" ON "transactions_builty" ("district_id");
CREATE INDEX IF NOT EXISTS "transactions_builty_onaccount_id_35cc36f3" ON "transactions_builty" ("onaccount_id");
CREATE INDEX IF NOT EXISTS "transactions_builty_petrol_pump_id_9922ae78" ON "transactions_builty" ("petrol_pump_id");
CREATE INDEX IF NOT EXISTS "transactions_builty_station_to_id_8018ef07" ON "transactions_builty" ("station_to_id");
CREATE INDEX IF NOT EXISTS "transactions_builty_taluka_id_3af43376" ON "transactions_builty" ("taluka_id");
CREATE INDEX IF NOT EXISTS "transactions_builty_truck_details_id_7724d30a" ON "transactions_builty" ("truck_details_id");
CREATE INDEX IF NOT EXISTS "transactions_builty_truck_owner_id_74656a52" ON "transactions_builty" ("truck_owner_id");
CREATE INDEX IF NOT EXISTS "transactions_builty_user_id_82211060" ON "transactions_builty" ("user_id");
CREATE INDEX IF NOT EXISTS "transactions_builty_station_from_id_0fc95978" ON "transactions_builty" ("station_from_id");
CREATE TABLE IF NOT EXISTS "store_from_station" ("id" integer NOT NULL PRIMARY KEY AUTOINCREMENT, "name" varchar(120) NOT NULL UNIQUE, "office_location_id" bigint NULL REFERENCES "store_office_location" ("id") DEFERRABLE INITIALLY DEFERRED, "taluka_id" bigint NOT NULL REFERENCES "store_taluka" ("id") DEFERRABLE INITIALLY DEFERRED);
INSERT INTO "store_from_station" VALUES(1,'AKOLA RAILHEAD',1,1);
INSERT INTO "store_from_station" VALUES(17,'SHIVNI GODOWN',1,7);
INSERT INTO "store_from_station" VALUES(20,'AKOLA GODOWN',1,7);
INSERT INTO "store_from_station" VALUES(48,'KHAMGAON RAILHEAD',2,44);
INSERT INTO "store_from_station" VALUES(49,'SAKHARKHERDA',2,62);
INSERT INTO "store_from_station" VALUES(50,'WADNER BHOALJI',2,57);
INSERT INTO "store_from_station" VALUES(51,'CHANDUR DISWA',2,57);
INSERT INTO "store_from_station" VALUES(52,'NANDURA',2,58);
INSERT INTO "store_from_station" VALUES(53,'NIMGAON',2,58);
INSERT INTO "store_from_station" VALUES(54,'SHENDURJAN',2,78);
INSERT INTO "store_from_station" VALUES(55,'KHAMGAON GODOWN',2,44);
INSERT INTO "store_from_station" VALUES(56,'UNDRI',2,43);
INSERT INTO "store_from_station" VALUES(57,'NARVEL',2,71);
INSERT INTO "store_from_station" VALUES(62,'NARVEL D',2,70);
INSERT INTO "store_from_station" VALUES(63,'JAMOD',2,51);
INSERT INTO "store_from_station" VALUES(64,'WAZZAR',2,45);
INSERT INTO "store_from_station" VALUES(65,'KHANDVI',2,51);
INSERT INTO "store_from_station" VALUES(69,'SHEGAON',2,56);
INSERT INTO "store_from_station" VALUES(70,'SUTALA',2,44);
INSERT INTO "store_from_station" VALUES(72,'KANJARA',2,44);
INSERT INTO "store_from_station" VALUES(73,'JALAMB',2,56);
INSERT INTO "store_from_station" VALUES(74,'AWAR',2,44);
INSERT INTO "store_from_station" VALUES(75,'ASALGAON',2,51);
INSERT INTO "store_from_station" VALUES(76,'UTHAVLI PRAKALP',2,46);
INSERT INTO "store_from_station" VALUES(77,'HINGNA S',2,45);
INSERT INTO "store_from_station" VALUES(78,'ALAMPUR',2,50);
INSERT INTO "store_from_station" VALUES(79,'CHIKHALI',2,43);
INSERT INTO "store_from_station" VALUES(80,'BHENDWAL',2,51);
INSERT INTO "store_from_station" VALUES(81,'MOTALA',2,61);
INSERT INTO "store_from_station" VALUES(83,'DEULGAON RAJA',2,48);
INSERT INTO "store_from_station" VALUES(84,'BULDHANA',2,72);
INSERT INTO "store_from_station" VALUES(85,'SHAHAPUR',2,45);
INSERT INTO "store_from_station" VALUES(86,'KHERDA S',2,56);
INSERT INTO "store_from_station" VALUES(87,'LAKHANWADA',2,73);
INSERT INTO "store_from_station" VALUES(88,'MOMINABAD',2,57);
INSERT INTO "store_from_station" VALUES(89,'JAIPUR LANDE',2,44);
INSERT INTO "store_from_station" VALUES(90,'GHATPURI',2,44);
INSERT INTO "store_from_station" VALUES(91,'WADGAON WANDE',2,74);
INSERT INTO "store_from_station" VALUES(92,'WARWAT',2,74);
INSERT INTO "store_from_station" VALUES(93,'SAVNA',2,43);
INSERT INTO "store_from_station" VALUES(94,'KOTHALI',2,61);
INSERT INTO "store_from_station" VALUES(95,'DHAD',2,75);
INSERT INTO "store_from_station" VALUES(96,'SHEKAPUR',2,75);
INSERT INTO "store_from_station" VALUES(97,'MERA BUZRUK',2,76);
INSERT INTO "store_from_station" VALUES(98,'DEULGAON MAHI',2,68);
INSERT INTO "store_from_station" VALUES(99,'SULTANPUR',2,77);
INSERT INTO "store_from_station" VALUES(100,'MOHLAI',2,75);
INSERT INTO "store_from_station" VALUES(102,'SUNGAON',2,51);
INSERT INTO "store_from_station" VALUES(103,'ROHANA',2,66);
INSERT INTO "store_from_station" VALUES(104,'GAWANDALA',2,45);
INSERT INTO "store_from_station" VALUES(105,'SANGRAMPUR',2,74);
INSERT INTO "store_from_station" VALUES(106,'AMBETAKLI',2,45);
INSERT INTO "store_from_station" VALUES(107,'KARATWADI',2,43);
INSERT INTO "store_from_station" VALUES(108,'PATURDA FATA',2,74);
INSERT INTO "store_from_station" VALUES(109,'JANEPHAL',2,46);
INSERT INTO "store_from_station" VALUES(110,'BORI ADGAON',2,45);
INSERT INTO "store_from_station" VALUES(111,'SHELGAON MUKUND',2,50);
INSERT INTO "store_from_station" VALUES(112,'PAHURJIRA',2,44);
INSERT INTO "store_from_station" VALUES(113,'JALGAON JAMOD',2,51);
INSERT INTO "store_from_station" VALUES(114,'MASRUL',2,75);
INSERT INTO "store_from_station" VALUES(115,'SINDKHED RAJA',2,78);
INSERT INTO "store_from_station" VALUES(116,'PIMPRI GAWALI',2,57);
INSERT INTO "store_from_station" VALUES(117,'DUSARBID',2,78);
INSERT INTO "store_from_station" VALUES(122,'DEULGHAT',2,72);
INSERT INTO "store_from_station" VALUES(123,'PIMPALGAON RAJA',2,44);
INSERT INTO "store_from_station" VALUES(124,'NAGZARI',2,63);
INSERT INTO "store_from_station" VALUES(125,'TEMBURNA',2,44);
INSERT INTO "store_from_station" VALUES(126,'PANCHALA',2,74);
INSERT INTO "store_from_station" VALUES(128,'MANASGAON',2,63);
INSERT INTO "store_from_station" VALUES(129,'MAMULWADI',2,79);
INSERT INTO "store_from_station" VALUES(130,'CHANGULWADI',2,74);
INSERT INTO "store_from_station" VALUES(131,'PIMPRI MALI D',2,67);
INSERT INTO "store_from_station" VALUES(132,'AJANI',2,67);
INSERT INTO "store_from_station" VALUES(133,'PANGARKHED',2,67);
INSERT INTO "store_from_station" VALUES(134,'LONAR',2,77);
INSERT INTO "store_from_station" VALUES(135,'CHANDOL D',2,75);
INSERT INTO "store_from_station" VALUES(136,'KHARATWADI',2,43);
INSERT INTO "store_from_station" VALUES(137,'DONGAON',2,67);
INSERT INTO "store_from_station" VALUES(138,'JAWLA',2,56);
INSERT INTO "store_from_station" VALUES(139,'DHORAPGAON',2,44);
INSERT INTO "store_from_station" VALUES(140,'BOTHAKAZI',2,45);
INSERT INTO "store_from_station" VALUES(141,'GHAROD',2,45);
INSERT INTO "store_from_station" VALUES(142,'MALKAPUR',2,57);
INSERT INTO "store_from_station" VALUES(143,'GONDHNAPUR',2,44);
INSERT INTO "store_from_station" VALUES(144,'TUNKI',2,74);
INSERT INTO "store_from_station" VALUES(145,'DHAMANGAON BADE',2,70);
INSERT INTO "store_from_station" VALUES(146,'MALWANDI',2,75);
INSERT INTO "store_from_station" VALUES(147,'KUMBEPHAL D',2,75);
INSERT INTO "store_from_station" VALUES(148,'BIBI',2,77);
INSERT INTO "store_from_station" VALUES(149,'JAM',2,75);
INSERT INTO "store_from_station" VALUES(150,'RAJEGAON',2,78);
INSERT INTO "store_from_station" VALUES(151,'PARKHED',2,44);
INSERT INTO "store_from_station" VALUES(153,'NIPANA',2,44);
INSERT INTO "store_from_station" VALUES(154,'SHELODI',2,44);
INSERT INTO "store_from_station" VALUES(155,'SHEMBA',2,80);
INSERT INTO "store_from_station" VALUES(156,'SAILANI',2,75);
INSERT INTO "store_from_station" VALUES(157,'BORALA',2,51);
INSERT INTO "store_from_station" VALUES(158,'SHELGAON DESHMUKH',2,67);
INSERT INTO "store_from_station" VALUES(159,'GHUMMI',2,75);
INSERT INTO "store_from_station" VALUES(161,'PATONDA',2,50);
INSERT INTO "store_from_station" VALUES(162,'LONIGAWALI',2,67);
INSERT INTO "store_from_station" VALUES(163,'MARSUL',2,75);
INSERT INTO "store_from_station" VALUES(164,'MALKAPUR PANGRA',2,78);
INSERT INTO "store_from_station" VALUES(165,'AAMKHED',2,76);
INSERT INTO "store_from_station" VALUES(166,'KHAIRAV',2,48);
INSERT INTO "store_from_station" VALUES(167,'KANCHANPUR',2,45);
INSERT INTO "store_from_station" VALUES(168,'DONGARGAON',2,63);
INSERT INTO "store_from_station" VALUES(170,'KAWADGAON',2,45);
INSERT INTO "store_from_station" VALUES(171,'BHALEGAON',2,44);
INSERT INTO "store_from_station" VALUES(172,'DHAPATI',2,44);
INSERT INTO "store_from_station" VALUES(173,'CHANGEPHAL',2,74);
INSERT INTO "store_from_station" VALUES(174,'WARKHED C',2,43);
INSERT INTO "store_from_station" VALUES(175,'JANORI',2,56);
INSERT INTO "store_from_station" VALUES(176,'DEULGAON SAKARSHA',2,46);
INSERT INTO "store_from_station" VALUES(177,'ZADEGAON',2,63);
INSERT INTO "store_from_station" VALUES(178,'KHUTPURI',2,44);
INSERT INTO "store_from_station" VALUES(179,'NILEGAON FATA',2,44);
INSERT INTO "store_from_station" VALUES(180,'ANTRAJ',2,44);
INSERT INTO "store_from_station" VALUES(181,'UMRA',2,45);
INSERT INTO "store_from_station" VALUES(182,'SAVALI',2,74);
INSERT INTO "store_from_station" VALUES(183,'JAMBHORA',2,78);
INSERT INTO "store_from_station" VALUES(186,'KOLORI',2,44);
INSERT INTO "store_from_station" VALUES(187,'MAHALUNGI',2,82);
INSERT INTO "store_from_station" VALUES(188,'AMDAPUR',2,43);
INSERT INTO "store_from_station" VALUES(189,'MORAMBA',2,44);
INSERT INTO "store_from_station" VALUES(190,'BAWANBIR',2,74);
INSERT INTO "store_from_station" VALUES(191,'KARATGAON',2,74);
INSERT INTO "store_from_station" VALUES(193,'TALNI P',2,83);
INSERT INTO "store_from_station" VALUES(194,'DONGAR KHANDALA',2,72);
INSERT INTO "store_from_station" VALUES(195,'KARWAND',2,72);
INSERT INTO "store_from_station" VALUES(196,'JIGAON',2,79);
INSERT INTO "store_from_station" VALUES(197,'CHANDOL',2,60);
INSERT INTO "store_from_station" VALUES(198,'PIMPARKHED',2,43);
INSERT INTO "store_from_station" VALUES(199,'ISOLI',2,43);
INSERT INTO "store_from_station" VALUES(200,'PATURDA',2,74);
INSERT INTO "store_from_station" VALUES(201,'WARUD',2,75);
INSERT INTO "store_from_station" VALUES(202,'SATEGAON',2,48);
INSERT INTO "store_from_station" VALUES(203,'WAGHJAI',2,78);
INSERT INTO "store_from_station" VALUES(204,'MADAKHED',2,51);
INSERT INTO "store_from_station" VALUES(205,'KULAMKHED',2,75);
INSERT INTO "store_from_station" VALUES(206,'MEHKAR',2,46);
INSERT INTO "store_from_station" VALUES(207,'PIMPRI GAWALI P',2,83);
INSERT INTO "store_from_station" VALUES(208,'LAVHALA',2,78);
INSERT INTO "store_from_station" VALUES(209,'ALAMPUR N',2,58);
INSERT INTO "store_from_station" VALUES(210,'SWAYANDEV',2,78);
INSERT INTO "store_from_station" VALUES(211,'PETH',2,43);
INSERT INTO "store_from_station" VALUES(212,'SONALA',2,74);
INSERT INTO "store_from_station" VALUES(213,'JANUNA',2,44);
INSERT INTO "store_from_station" VALUES(214,'GHATBORI',2,67);
INSERT INTO "store_from_station" VALUES(215,'DASHARKHED',2,71);
INSERT INTO "store_from_station" VALUES(216,'TAROLA',2,44);
INSERT INTO "store_from_station" VALUES(217,'RAHUD',2,44);
INSERT INTO "store_from_station" VALUES(218,'RATALI',2,78);
INSERT INTO "store_from_station" VALUES(219,'VIHIGAON',2,44);
INSERT INTO "store_from_station" VALUES(221,'KODRI',2,74);
INSERT INTO "store_from_station" VALUES(223,'MATHANI',2,44);
INSERT INTO "store_from_station" VALUES(224,'WADODA PANER',2,57);
INSERT INTO "store_from_station" VALUES(225,'HIWRA KHURD',2,46);
INSERT INTO "store_from_station" VALUES(227,'WADI',2,44);
INSERT INTO "store_from_station" VALUES(229,'UTI',2,51);
INSERT INTO "store_from_station" VALUES(230,'BORWAND',2,82);
INSERT INTO "store_from_station" VALUES(231,'HINGNA SP',2,74);
INSERT INTO "store_from_station" VALUES(232,'WADGAON',2,77);
INSERT INTO "store_from_station" VALUES(233,'NARKHED',2,50);
INSERT INTO "store_from_station" VALUES(234,'SINGAON JAHAGIR',2,48);
INSERT INTO "store_from_station" VALUES(236,'BHADGAON',2,75);
INSERT INTO "store_from_station" VALUES(238,'HIWARKHED K',2,44);
INSERT INTO "store_from_station" VALUES(239,'KALEGAON',2,45);
INSERT INTO "store_from_station" VALUES(240,'JAMBH',2,75);
INSERT INTO "store_from_station" VALUES(241,'JAMTHI D',2,75);
INSERT INTO "store_from_station" VALUES(242,'DADULGAON',2,51);
INSERT INTO "store_from_station" VALUES(243,'TAKARKHEDA',2,48);
INSERT INTO "store_from_station" VALUES(244,'TARODA M',2,63);
INSERT INTO "store_from_station" VALUES(245,'WAKUD',2,44);
INSERT INTO "store_from_station" VALUES(246,'ASADUDHA',2,45);
INSERT INTO "store_from_station" VALUES(247,'BARAFGAON',2,44);
INSERT INTO "store_from_station" VALUES(248,'KHULAMKHED',2,75);
INSERT INTO "store_from_station" VALUES(249,'SAJJANPURI',2,44);
INSERT INTO "store_from_station" VALUES(250,'DHADI J',2,79);
INSERT INTO "store_from_station" VALUES(254,'SAKHLI B',2,72);
INSERT INTO "store_from_station" VALUES(255,'WANKHED',2,74);
INSERT INTO "store_from_station" VALUES(256,'ATALI',2,45);
INSERT INTO "store_from_station" VALUES(257,'WARNA',2,45);
INSERT INTO "store_from_station" VALUES(258,'LONI GURAV',2,45);
INSERT INTO "store_from_station" VALUES(259,'NEKNAMPUR',2,74);
INSERT INTO "store_from_station" VALUES(260,'GUNDA',2,77);
INSERT INTO "store_from_station" VALUES(261,'PIMPALGAON SARAI',2,75);
INSERT INTO "store_from_station" VALUES(263,'SAVKHED TEJAN',2,78);
INSERT INTO "store_from_station" VALUES(264,'PALASHKHED',2,75);
INSERT INTO "store_from_station" VALUES(265,'PAHURJIRA S',2,56);
INSERT INTO "store_from_station" VALUES(267,'JALKA',2,44);
INSERT INTO "store_from_station" VALUES(268,'TARODA MTL',2,61);
INSERT INTO "store_from_station" VALUES(269,'SHELAPUR',2,83);
INSERT INTO "store_from_station" VALUES(270,'WADALI',2,43);
INSERT INTO "store_from_station" VALUES(271,'KURHA K',2,44);
INSERT INTO "store_from_station" VALUES(272,'SHELGAON ATOL',2,76);
INSERT INTO "store_from_station" VALUES(273,'AKOLA GODOWN-D',5,89);
INSERT INTO "store_from_station" VALUES(274,'AKOLA RAILHEAD-D',5,89);
CREATE UNIQUE INDEX "django_content_type_app_label_model_76bd3d3b_uniq" ON "django_content_type" ("app_label", "model");
CREATE UNIQUE INDEX "auth_group_permissions_group_id_permission_id_0cd325b0_uniq" ON "auth_group_permissions" ("group_id", "permission_id");
CREATE INDEX IF NOT EXISTS "auth_group_permissions_group_id_b120cbf9" ON "auth_group_permissions" ("group_id");
CREATE INDEX IF NOT EXISTS "auth_group_permissions_permission_id_84c5c92e" ON "auth_group_permissions" ("permission_id");
CREATE UNIQUE INDEX "auth_permission_content_type_id_codename_01ab375a_uniq" ON "auth_permission" ("content_type_id", "codename");
CREATE INDEX IF NOT EXISTS "auth_permission_content_type_id_2f476e4b" ON "auth_permission" ("content_type_id");
CREATE UNIQUE INDEX "users_user_groups_user_id_group_id_b88eab82_uniq" ON "users_user_groups" ("user_id", "group_id");
CREATE INDEX IF NOT EXISTS "users_user_groups_user_id_5f6f5a90" ON "users_user_groups" ("user_id");
CREATE INDEX IF NOT EXISTS "users_user_groups_group_id_9afc8d0e" ON "users_user_groups" ("group_id");
CREATE UNIQUE INDEX "users_user_user_permissions_user_id_permission_id_43338c45_uniq" ON "users_user_user_permissions" ("user_id", "permission_id");
CREATE INDEX IF NOT EXISTS "users_user_user_permissions_user_id_20aca447" ON "users_user_user_permissions" ("user_id");
CREATE INDEX IF NOT EXISTS "users_user_user_permissions_permission_id_0b93982e" ON "users_user_user_permissions" ("permission_id");
CREATE INDEX IF NOT EXISTS "django_admin_log_content_type_id_c4bce8eb" ON "django_admin_log" ("content_type_id");
CREATE INDEX IF NOT EXISTS "django_admin_log_user_id_c564eba6" ON "django_admin_log" ("user_id");
CREATE INDEX IF NOT EXISTS "django_session_expire_date_a5c62663" ON "django_session" ("expire_date");
CREATE INDEX IF NOT EXISTS "store_truck_details_truck_owner_id_155e372c" ON "store_truck_details" ("truck_owner_id");
CREATE INDEX IF NOT EXISTS "transactions_request_edit_builty_id_17f4ac6b" ON "transactions_request_edit" ("builty_id");
CREATE INDEX IF NOT EXISTS "transactions_request_edit_user_id_296a97e5" ON "transactions_request_edit" ("user_id");
CREATE INDEX IF NOT EXISTS "transactions_ack_builty_id_e9cf4eb9" ON "transactions_ack" ("builty_id");
CREATE INDEX IF NOT EXISTS "store_rate_to_station_id_71b5e0d1" ON "store_rate" ("to_station_id");
CREATE INDEX IF NOT EXISTS "store_rate_from_station_id_cf4de4c2" ON "store_rate" ("from_station_id");
CREATE INDEX IF NOT EXISTS "store_district_office_location_id_def88825" ON "store_district" ("office_location_id");
CREATE INDEX IF NOT EXISTS "users_user_company_id_14799323" ON "users_user" ("company_id");
CREATE INDEX IF NOT EXISTS "users_user_office_location_id_9bf9b0fd" ON "users_user" ("office_location_id");
CREATE INDEX IF NOT EXISTS "store_article_company_name_id_236802e6" ON "store_article" ("company_name_id");
CREATE INDEX IF NOT EXISTS "store_article_consignor_id_170c72fc" ON "store_article" ("consignor_id");
CREATE INDEX IF NOT EXISTS "store_article_office_location_id_216b5e85" ON "store_article" ("office_location_id");
CREATE INDEX IF NOT EXISTS "store_consignor_company_id_9fdf29a0" ON "store_consignor" ("company_id");
CREATE INDEX IF NOT EXISTS "store_consignor_office_location_id_709e205e" ON "store_consignor" ("office_location_id");
CREATE INDEX IF NOT EXISTS "store_onaccount_company_id_8283503d" ON "store_onaccount" ("company_id");
CREATE INDEX IF NOT EXISTS "store_onaccount_office_location_id_d8877177" ON "store_onaccount" ("office_location_id");
CREATE INDEX IF NOT EXISTS "store_station_taluka_id_51032d3b" ON "store_station" ("taluka_id");
CREATE INDEX IF NOT EXISTS "store_station_office_location_id_cc8d1da0" ON "store_station" ("office_location_id");
CREATE INDEX IF NOT EXISTS "store_taluka_district_id_63ffbdb2" ON "store_taluka" ("district_id");
CREATE INDEX IF NOT EXISTS "store_taluka_office_location_id_5a2300b5" ON "store_taluka" ("office_location_id");
CREATE INDEX IF NOT EXISTS "store_from_station_office_location_id_f8e96d27" ON "store_from_station" ("office_location_id");
CREATE INDEX IF NOT EXISTS "store_from_station_taluka_id_b0acd45a" ON "store_from_station" ("taluka_id");
CREATE INDEX IF NOT EXISTS "transactions_builty_article_id_9ef4500b" ON "transactions_builty" ("article_id");
CREATE INDEX IF NOT EXISTS "transactions_builty_company_id_e5faf59d" ON "transactions_builty" ("company_id");
CREATE INDEX IF NOT EXISTS "transactions_builty_consignor_id_abafe990" ON "transactions_builty" ("consignor_id");
CREATE INDEX IF NOT EXISTS "transactions_builty_district_id_32c090e4" ON "transactions_builty" ("district_id");
CREATE INDEX IF NOT EXISTS "transactions_builty_onaccount_id_35cc36f3" ON "transactions_builty" ("onaccount_id");
CREATE INDEX IF NOT EXISTS "transactions_builty_petrol_pump_id_9922ae78" ON "transactions_builty" ("petrol_pump_id");
CREATE INDEX IF NOT EXISTS "transactions_builty_station_to_id_8018ef07" ON "transactions_builty" ("station_to_id");
CREATE INDEX IF NOT EXISTS "transactions_builty_taluka_id_3af43376" ON "transactions_builty" ("taluka_id");
CREATE INDEX IF NOT EXISTS "transactions_builty_truck_details_id_7724d30a" ON "transactions_builty" ("truck_details_id");
CREATE INDEX IF NOT EXISTS "transactions_builty_truck_owner_id_74656a52" ON "transactions_builty" ("truck_owner_id");
CREATE INDEX IF NOT EXISTS "transactions_builty_user_id_82211060" ON "transactions_builty" ("user_id");
CREATE INDEX IF NOT EXISTS "transactions_builty_station_from_id_0fc95978" ON "transactions_builty" ("station_from_id");
CREATE TABLE IF NOT EXISTS "store_office_location" ("id" integer NOT NULL PRIMARY KEY AUTOINCREMENT, "name" varchar(120) NOT NULL UNIQUE);
INSERT INTO "store_office_location" VALUES(1,'AKOLA');
INSERT INTO "store_office_location" VALUES(2,'KHAMGAON');
INSERT INTO "store_office_location" VALUES(4,'WARDHA');
INSERT INTO "store_office_location" VALUES(5,'AKOLA-Deepak');
CREATE UNIQUE INDEX "django_content_type_app_label_model_76bd3d3b_uniq" ON "django_content_type" ("app_label", "model");
CREATE UNIQUE INDEX "auth_group_permissions_group_id_permission_id_0cd325b0_uniq" ON "auth_group_permissions" ("group_id", "permission_id");
CREATE INDEX IF NOT EXISTS "auth_group_permissions_group_id_b120cbf9" ON "auth_group_permissions" ("group_id");
CREATE INDEX IF NOT EXISTS "auth_group_permissions_permission_id_84c5c92e" ON "auth_group_permissions" ("permission_id");
CREATE UNIQUE INDEX "auth_permission_content_type_id_codename_01ab375a_uniq" ON "auth_permission" ("content_type_id", "codename");
CREATE INDEX IF NOT EXISTS "auth_permission_content_type_id_2f476e4b" ON "auth_permission" ("content_type_id");
CREATE UNIQUE INDEX "users_user_groups_user_id_group_id_b88eab82_uniq" ON "users_user_groups" ("user_id", "group_id");
CREATE INDEX IF NOT EXISTS "users_user_groups_user_id_5f6f5a90" ON "users_user_groups" ("user_id");
CREATE INDEX IF NOT EXISTS "users_user_groups_group_id_9afc8d0e" ON "users_user_groups" ("group_id");
CREATE UNIQUE INDEX "users_user_user_permissions_user_id_permission_id_43338c45_uniq" ON "users_user_user_permissions" ("user_id", "permission_id");
CREATE INDEX IF NOT EXISTS "users_user_user_permissions_user_id_20aca447" ON "users_user_user_permissions" ("user_id");
CREATE INDEX IF NOT EXISTS "users_user_user_permissions_permission_id_0b93982e" ON "users_user_user_permissions" ("permission_id");
CREATE INDEX IF NOT EXISTS "django_admin_log_content_type_id_c4bce8eb" ON "django_admin_log" ("content_type_id");
CREATE INDEX IF NOT EXISTS "django_admin_log_user_id_c564eba6" ON "django_admin_log" ("user_id");
CREATE INDEX IF NOT EXISTS "django_session_expire_date_a5c62663" ON "django_session" ("expire_date");
CREATE INDEX IF NOT EXISTS "store_truck_details_truck_owner_id_155e372c" ON "store_truck_details" ("truck_owner_id");
CREATE INDEX IF NOT EXISTS "transactions_request_edit_builty_id_17f4ac6b" ON "transactions_request_edit" ("builty_id");
CREATE INDEX IF NOT EXISTS "transactions_request_edit_user_id_296a97e5" ON "transactions_request_edit" ("user_id");
CREATE INDEX IF NOT EXISTS "transactions_ack_builty_id_e9cf4eb9" ON "transactions_ack" ("builty_id");
CREATE INDEX IF NOT EXISTS "store_rate_to_station_id_71b5e0d1" ON "store_rate" ("to_station_id");
CREATE INDEX IF NOT EXISTS "store_rate_from_station_id_cf4de4c2" ON "store_rate" ("from_station_id");
CREATE INDEX IF NOT EXISTS "store_district_office_location_id_def88825" ON "store_district" ("office_location_id");
CREATE INDEX IF NOT EXISTS "users_user_company_id_14799323" ON "users_user" ("company_id");
CREATE INDEX IF NOT EXISTS "users_user_office_location_id_9bf9b0fd" ON "users_user" ("office_location_id");
CREATE INDEX IF NOT EXISTS "store_article_company_name_id_236802e6" ON "store_article" ("company_name_id");
CREATE INDEX IF NOT EXISTS "store_article_consignor_id_170c72fc" ON "store_article" ("consignor_id");
CREATE INDEX IF NOT EXISTS "store_article_office_location_id_216b5e85" ON "store_article" ("office_location_id");
CREATE INDEX IF NOT EXISTS "store_consignor_company_id_9fdf29a0" ON "store_consignor" ("company_id");
CREATE INDEX IF NOT EXISTS "store_consignor_office_location_id_709e205e" ON "store_consignor" ("office_location_id");
CREATE INDEX IF NOT EXISTS "store_onaccount_company_id_8283503d" ON "store_onaccount" ("company_id");
CREATE INDEX IF NOT EXISTS "store_onaccount_office_location_id_d8877177" ON "store_onaccount" ("office_location_id");
CREATE INDEX IF NOT EXISTS "store_station_taluka_id_51032d3b" ON "store_station" ("taluka_id");
CREATE INDEX IF NOT EXISTS "store_station_office_location_id_cc8d1da0" ON "store_station" ("office_location_id");
CREATE INDEX IF NOT EXISTS "store_taluka_district_id_63ffbdb2" ON "store_taluka" ("district_id");
CREATE INDEX IF NOT EXISTS "store_taluka_office_location_id_5a2300b5" ON "store_taluka" ("office_location_id");
CREATE INDEX IF NOT EXISTS "store_from_station_office_location_id_f8e96d27" ON "store_from_station" ("office_location_id");
CREATE INDEX IF NOT EXISTS "store_from_station_taluka_id_b0acd45a" ON "store_from_station" ("taluka_id");
CREATE INDEX IF NOT EXISTS "transactions_builty_article_id_9ef4500b" ON "transactions_builty" ("article_id");
CREATE INDEX IF NOT EXISTS "transactions_builty_company_id_e5faf59d" ON "transactions_builty" ("company_id");
CREATE INDEX IF NOT EXISTS "transactions_builty_consignor_id_abafe990" ON "transactions_builty" ("consignor_id");
CREATE INDEX IF NOT EXISTS "transactions_builty_district_id_32c090e4" ON "transactions_builty" ("district_id");
CREATE INDEX IF NOT EXISTS "transactions_builty_onaccount_id_35cc36f3" ON "transactions_builty" ("onaccount_id");
CREATE INDEX IF NOT EXISTS "transactions_builty_petrol_pump_id_9922ae78" ON "transactions_builty" ("petrol_pump_id");
CREATE INDEX IF NOT EXISTS "transactions_builty_station_to_id_8018ef07" ON "transactions_builty" ("station_to_id");
CREATE INDEX IF NOT EXISTS "transactions_builty_taluka_id_3af43376" ON "transactions_builty" ("taluka_id");
CREATE INDEX IF NOT EXISTS "transactions_builty_truck_details_id_7724d30a" ON "transactions_builty" ("truck_details_id");
CREATE INDEX IF NOT EXISTS "transactions_builty_truck_owner_id_74656a52" ON "transactions_builty" ("truck_owner_id");
CREATE INDEX IF NOT EXISTS "transactions_builty_user_id_82211060" ON "transactions_builty" ("user_id");
CREATE INDEX IF NOT EXISTS "transactions_builty_station_from_id_0fc95978" ON "transactions_builty" ("station_from_id");
CREATE TABLE IF NOT EXISTS "store_onaccount" ("id" integer NOT NULL PRIMARY KEY AUTOINCREMENT, "name" varchar(120) NOT NULL, "company_id" bigint NOT NULL REFERENCES "store_company" ("id") DEFERRABLE INITIALLY DEFERRED, "office_location_id" bigint NULL REFERENCES "store_office_location" ("id") DEFERRABLE INITIALLY DEFERRED);
INSERT INTO "store_onaccount" VALUES(2,'KASTURI ENTERPRISES',1,1);
INSERT INTO "store_onaccount" VALUES(6,'ADINATH AGENCY',1,1);
INSERT INTO "store_onaccount" VALUES(7,'GOVIND UDYOG AGENCY MURTIZAPUR',1,1);
INSERT INTO "store_onaccount" VALUES(8,'KEDARKUMAR SAGARKUMAR BAGANI',1,1);
INSERT INTO "store_onaccount" VALUES(9,'CEMENT SALES & H/W AKOLA',1,1);
INSERT INTO "store_onaccount" VALUES(10,'INDRADEEP CONSTRUCTION CO. YAVATMAL',1,1);
INSERT INTO "store_onaccount" VALUES(11,'KESAN HOSPITAL AKOLA',1,1);
INSERT INTO "store_onaccount" VALUES(12,'SHREE VYANKATESH ERIGATION TELHARA',1,1);
INSERT INTO "store_onaccount" VALUES(13,'GAWALI ENTERPRISES BORGAON MANJU',1,1);
INSERT INTO "store_onaccount" VALUES(14,'BAKE BIHARI INFRA SOLUTION AKOLA',1,1);
INSERT INTO "store_onaccount" VALUES(15,'ADINATH AGENCY NANDURA',1,1);
INSERT INTO "store_onaccount" VALUES(16,'VIDARBHA TRADERS MURTIZAPUR',1,1);
INSERT INTO "store_onaccount" VALUES(17,'CHIRANJILAL KAMALKISHORE AKOT',1,1);
INSERT INTO "store_onaccount" VALUES(18,'IMRAN TRADERS AKOLA',1,1);
INSERT INTO "store_onaccount" VALUES(19,'IMRAN TRADERS AKOLA',1,1);
INSERT INTO "store_onaccount" VALUES(20,'SHREEJI SALES CORPORATION AKOLA',1,1);
INSERT INTO "store_onaccount" VALUES(21,'JAI AGENCY MANA',1,1);
INSERT INTO "store_onaccount" VALUES(22,'SHUBHAM H/W KATEPURNA',1,1);
INSERT INTO "store_onaccount" VALUES(23,'ADINATH AGENCY NANDURA',1,2);
INSERT INTO "store_onaccount" VALUES(24,'BHAGYODAY TRADERS SHEGAON',1,2);
INSERT INTO "store_onaccount" VALUES(25,'BHAVANI HARDWARE SHEGAON',1,2);
INSERT INTO "store_onaccount" VALUES(26,'SHRI BAJARANG TRADERS KHAMGAON',1,2);
INSERT INTO "store_onaccount" VALUES(27,'SHRI TRADERS SHEGAON',1,2);
INSERT INTO "store_onaccount" VALUES(28,'SHRI RAM ENGINEERING & H/W NIMBA',1,1);
INSERT INTO "store_onaccount" VALUES(29,'CEMENT HOUSE CHIKHALI',1,2);
INSERT INTO "store_onaccount" VALUES(30,'JAIKISAN BUILDING MATERIAL KHAMGAON',1,2);
INSERT INTO "store_onaccount" VALUES(31,'BALAJI TRADERS SHEGAON',1,2);
INSERT INTO "store_onaccount" VALUES(32,'AGRAWAL CEMENT KHAMGAON',1,2);
INSERT INTO "store_onaccount" VALUES(33,'SUDARSHAN BUILDING MATERIAL KHAMGAON',1,2);
INSERT INTO "store_onaccount" VALUES(34,'KALAMB SALES CORPORATION BARSHITAKLI',1,1);
INSERT INTO "store_onaccount" VALUES(35,'MALLAWAT TRADING COMPANY DEULGAON RAJA',1,2);
INSERT INTO "store_onaccount" VALUES(36,'CEMENT HOUSE BULDHANA',1,2);
INSERT INTO "store_onaccount" VALUES(37,'CEMENT HOUSE MOTALA',1,2);
INSERT INTO "store_onaccount" VALUES(38,'OSWAL STEEL BULDHANA',1,2);
INSERT INTO "store_onaccount" VALUES(39,'KRUSHNA TRADERS BULDHANA',1,2);
INSERT INTO "store_onaccount" VALUES(40,'KRISHNA AGENCY MEHKAR',1,2);
INSERT INTO "store_onaccount" VALUES(41,'PRAKASH STEEL BULDHANA',1,2);
INSERT INTO "store_onaccount" VALUES(42,'AJANTA TRADRS MALKAPUR',1,2);
INSERT INTO "store_onaccount" VALUES(43,'BHARAT STEEL CORP. MALKAPUR',1,2);
INSERT INTO "store_onaccount" VALUES(44,'SAVAJI & SONS CHIKHALI',1,2);
INSERT INTO "store_onaccount" VALUES(45,'VAIBHAV TRADERS ASALGAON',1,2);
INSERT INTO "store_onaccount" VALUES(46,'KRISHNAKRUPA SALES WARWAT',1,2);
INSERT INTO "store_onaccount" VALUES(47,'TAWARI TRADERS ASALGAON',1,2);
INSERT INTO "store_onaccount" VALUES(48,'GAJANAN KIRANA SHOP MANGRUL NAVGHARE',1,2);
INSERT INTO "store_onaccount" VALUES(49,'SHRI GAJANAN TILES J. JAMOD',1,2);
INSERT INTO "store_onaccount" VALUES(50,'GANESH TRADERS CHOHATTA',1,1);
INSERT INTO "store_onaccount" VALUES(51,'KHETAN TRADING COMPANY AKOLA',1,1);
INSERT INTO "store_onaccount" VALUES(52,'BALAJI H/W KUTASA',1,1);
INSERT INTO "store_onaccount" VALUES(53,'NAVATRE H/W CHOHATTA BAZAR',1,1);
INSERT INTO "store_onaccount" VALUES(54,'PIYUSH H/W PANAJ',1,1);
INSERT INTO "store_onaccount" VALUES(55,'SONAL AGRO SERVICE CENTRE WADEGAON',1,1);
INSERT INTO "store_onaccount" VALUES(56,'UTKARSH BUILDING MATERIAL KHANDVI',1,2);
INSERT INTO "store_onaccount" VALUES(57,'SANSKRUTI CONSTRUCTION',1,1);
INSERT INTO "store_onaccount" VALUES(58,'LAXMI H/W AKOT',1,1);
INSERT INTO "store_onaccount" VALUES(59,'NAWALKISHOR MITTAL & SONS JALAMB',1,2);
INSERT INTO "store_onaccount" VALUES(60,'TULJAI HARDWARE SHEGAON',1,2);
INSERT INTO "store_onaccount" VALUES(61,'SANSKRUTI CONSTATION DEULGAON RAJA',1,2);
INSERT INTO "store_onaccount" VALUES(62,'VIDERBHA TRADERS MURTIZAPUR',1,1);
INSERT INTO "store_onaccount" VALUES(63,'ABS CEMENT STRUCTURALS COMPANY BULDHANA',1,2);
INSERT INTO "store_onaccount" VALUES(64,'JANTA TRADERS KOTHALI',1,2);
INSERT INTO "store_onaccount" VALUES(65,'JANTA TRADERS DHAD',1,2);
INSERT INTO "store_onaccount" VALUES(66,'AMBIKA H/W DEULGAON MAHI',1,2);
INSERT INTO "store_onaccount" VALUES(67,'SANT NAGRI MULTISPECIALITY SHEGAON',1,2);
INSERT INTO "store_onaccount" VALUES(68,'SANSKRUTI CONSTRUCTION DEULGAON RAJA',1,2);
INSERT INTO "store_onaccount" VALUES(69,'PRIYA HARDWARE SANGRAMPUR',1,2);
INSERT INTO "store_onaccount" VALUES(70,'VISHAD TRADERS JANEPHAL',1,2);
INSERT INTO "store_onaccount" VALUES(71,'SHREE TRADERS JAMOD',1,2);
INSERT INTO "store_onaccount" VALUES(72,'BHADRAMAROTI TRADERS LONAR',1,2);
INSERT INTO "store_onaccount" VALUES(73,'SWAGAT HARDWARE DUSARBID',1,2);
INSERT INTO "store_onaccount" VALUES(74,'MAHARASHTRA TRADERS LONAR',1,2);
INSERT INTO "store_onaccount" VALUES(75,'SHRI BALAJI SALES WARWAT',1,2);
INSERT INTO "store_onaccount" VALUES(76,'SHRI OM TRADERS DEULGAON RAJA',1,2);
INSERT INTO "store_onaccount" VALUES(77,'VARAD AGENCY DONGAON',1,2);
INSERT INTO "store_onaccount" VALUES(78,'KAMAL AGENCY CHIKHALI',1,2);
INSERT INTO "store_onaccount" VALUES(79,'SAIKRUPA HARDWARE TUNKI',1,2);
INSERT INTO "store_onaccount" VALUES(80,'DHANASHRI AGENCY DHAMANGAON BADE',1,2);
INSERT INTO "store_onaccount" VALUES(81,'SHRI GAYATRI AGENCY BIBI',1,2);
INSERT INTO "store_onaccount" VALUES(82,'MAHAVIR HARDWEAR & BULDING MATERIAL DEULGAON MAHI',1,2);
INSERT INTO "store_onaccount" VALUES(83,'SARASWATI H/W HIWARKHED',1,1);
INSERT INTO "store_onaccount" VALUES(84,'SARASWATI H/W HIWARKHED',1,1);
INSERT INTO "store_onaccount" VALUES(85,'SHRINATH TRADERS PIMPALGAON RAJA',1,2);
INSERT INTO "store_onaccount" VALUES(86,'NEW MAHARASHTRA CEMENT DEPO BALAPUR',1,1);
INSERT INTO "store_onaccount" VALUES(87,'BHARAT HARDWARE DHAD',1,2);
INSERT INTO "store_onaccount" VALUES(88,'SHRI BALAJI HARDWARE DUSARBID',1,2);
INSERT INTO "store_onaccount" VALUES(89,'SHREE TRADERS JAMOD',1,2);
INSERT INTO "store_onaccount" VALUES(90,'THAKKAR H/W JAMOD',1,2);
INSERT INTO "store_onaccount" VALUES(91,'ABS CEMENT STRUCTURALS COMPANY BULDHANA',1,2);
INSERT INTO "store_onaccount" VALUES(92,'PATNI TRADERS AKOLA',1,1);
INSERT INTO "store_onaccount" VALUES(93,'BALAJI K S K TELHARA',1,1);
INSERT INTO "store_onaccount" VALUES(94,'ANAND K S K WADEGAON',1,1);
INSERT INTO "store_onaccount" VALUES(95,'SETKIVASTU BHANDAR TELHARA',1,1);
INSERT INTO "store_onaccount" VALUES(96,'CHAKRADHAR K S K BALAPUR',1,1);
INSERT INTO "store_onaccount" VALUES(97,'OM K S K RISOD',1,1);
INSERT INTO "store_onaccount" VALUES(98,'RATANLAL RADHESHYAM MANORA',1,1);
INSERT INTO "store_onaccount" VALUES(99,'GANESH AGRO CENTRE MANGRULPIR',1,1);
INSERT INTO "store_onaccount" VALUES(100,'PATIL K S K MANORA',1,1);
INSERT INTO "store_onaccount" VALUES(101,'ANUSHKA AGRO AGENCY WASHIM',1,1);
INSERT INTO "store_onaccount" VALUES(102,'SNEHSAGAR ENTERPRISES MANGRULPIR',1,1);
INSERT INTO "store_onaccount" VALUES(103,'BHARAT K S K RISOD',1,1);
INSERT INTO "store_onaccount" VALUES(104,'KISAN K S K MALEGAON',1,1);
INSERT INTO "store_onaccount" VALUES(105,'RUSHIKESH K K BULDHANA',1,1);
INSERT INTO "store_onaccount" VALUES(106,'SHRI BALAJI K K MERA BK',1,1);
INSERT INTO "store_onaccount" VALUES(107,'ADARSH SEEDS COM. DEULGAON RAJA',1,1);
INSERT INTO "store_onaccount" VALUES(108,'TRIMURTI AGRO SERVICES SAKARKHERDA',1,1);
INSERT INTO "store_onaccount" VALUES(109,'SHRUSHTI STEEL JANEPHAL',1,2);
INSERT INTO "store_onaccount" VALUES(110,'BALAJI SALES WARWAT',1,2);
INSERT INTO "store_onaccount" VALUES(111,'KALAMB SALES CORPORATION BARSHITAKLI',1,2);
INSERT INTO "store_onaccount" VALUES(112,'RATNASAGAR TRADERS LONAR',1,2);
INSERT INTO "store_onaccount" VALUES(113,'UTKARSH BUILDING MATERIAL KHANDVI',1,2);
INSERT INTO "store_onaccount" VALUES(114,'AJANTA TRADRS MALKAPUR',1,2);
INSERT INTO "store_onaccount" VALUES(115,'LAXMI MARKETING YAVATMAL',1,1);
INSERT INTO "store_onaccount" VALUES(116,'SANGEETA IRON & STEEL AKOLA',1,1);
INSERT INTO "store_onaccount" VALUES(117,'ARKV INNOVATION',1,1);
INSERT INTO "store_onaccount" VALUES(118,'RAJESH AGENCY AMRAVATI',1,1);
INSERT INTO "store_onaccount" VALUES(119,'RAJESH AGENCY AMRAVATI',1,1);
INSERT INTO "store_onaccount" VALUES(120,'KIRAN TRADERS SINDKHED RAJA',1,2);
INSERT INTO "store_onaccount" VALUES(121,'SHUBHAM HARDWARE RAIPUR',1,2);
INSERT INTO "store_onaccount" VALUES(122,'PADAM INDASTRIES KHAMGAON',1,2);
INSERT INTO "store_onaccount" VALUES(123,'JAIGURUDEO TRADERS DATALA',1,2);
INSERT INTO "store_onaccount" VALUES(124,'PATNI TRADERS AKOLA',1,5);
INSERT INTO "store_onaccount" VALUES(125,'ANAND K S K WADEGAON',1,5);
INSERT INTO "store_onaccount" VALUES(126,'BALAJI K S K TELHARA',1,5);
INSERT INTO "store_onaccount" VALUES(127,'SHETKI VASTU BHANDAR TELHARA',1,5);
INSERT INTO "store_onaccount" VALUES(128,'CHAKARADHAR K S K BALAPUR',1,5);
INSERT INTO "store_onaccount" VALUES(129,'OM K S K RISOD',1,5);
INSERT INTO "store_onaccount" VALUES(130,'RATANLAL RADHESHYAM MANORA',1,5);
INSERT INTO "store_onaccount" VALUES(131,'GANESH AGRO CENTRE MANGRULPIR',1,5);
INSERT INTO "store_onaccount" VALUES(132,'PATIL K S K MANORA',1,5);
INSERT INTO "store_onaccount" VALUES(133,'ANUSHKA AGRO AGENCY WASHIM',1,5);
INSERT INTO "store_onaccount" VALUES(134,'SNEHSAGAR ENTERPRISES MANGRULPIR',1,5);
INSERT INTO "store_onaccount" VALUES(135,'BHARAT K S K RISOD',1,5);
INSERT INTO "store_onaccount" VALUES(136,'KISAN K S K MALEGAON',1,5);
INSERT INTO "store_onaccount" VALUES(137,'RUSHIKESH K K BULDHANA',1,5);
INSERT INTO "store_onaccount" VALUES(138,'SHRI BALAJI K K MERA BK',1,5);
INSERT INTO "store_onaccount" VALUES(139,'ADARSH SEEDS COM. DEULGAON RAJA',1,5);
INSERT INTO "store_onaccount" VALUES(140,'TRIMURTI AGRO SERVICES SAKARKHERDA',1,5);
INSERT INTO "store_onaccount" VALUES(141,'SERVESH DINKAR BOCHE AKOT',1,1);
INSERT INTO "store_onaccount" VALUES(142,'SAMRAT HARDWARE DEULGAON MAHI',1,2);
INSERT INTO "store_onaccount" VALUES(143,'S.KUMAR AGRO SERVICE CENTRE CHIKHLI',1,5);
INSERT INTO "store_onaccount" VALUES(144,'V.C.M.F.L MALEGAON',1,5);
INSERT INTO "store_onaccount" VALUES(145,'VRUSHALI AGRO CENTRE AKOT',1,5);
CREATE UNIQUE INDEX "django_content_type_app_label_model_76bd3d3b_uniq" ON "django_content_type" ("app_label", "model");
CREATE UNIQUE INDEX "auth_group_permissions_group_id_permission_id_0cd325b0_uniq" ON "auth_group_permissions" ("group_id", "permission_id");
CREATE INDEX IF NOT EXISTS "auth_group_permissions_group_id_b120cbf9" ON "auth_group_permissions" ("group_id");
CREATE INDEX IF NOT EXISTS "auth_group_permissions_permission_id_84c5c92e" ON "auth_group_permissions" ("permission_id");
CREATE UNIQUE INDEX "auth_permission_content_type_id_codename_01ab375a_uniq" ON "auth_permission" ("content_type_id", "codename");
CREATE INDEX IF NOT EXISTS "auth_permission_content_type_id_2f476e4b" ON "auth_permission" ("content_type_id");
CREATE UNIQUE INDEX "users_user_groups_user_id_group_id_b88eab82_uniq" ON "users_user_groups" ("user_id", "group_id");
CREATE INDEX IF NOT EXISTS "users_user_groups_user_id_5f6f5a90" ON "users_user_groups" ("user_id");
CREATE INDEX IF NOT EXISTS "users_user_groups_group_id_9afc8d0e" ON "users_user_groups" ("group_id");
CREATE UNIQUE INDEX "users_user_user_permissions_user_id_permission_id_43338c45_uniq" ON "users_user_user_permissions" ("user_id", "permission_id");
CREATE INDEX IF NOT EXISTS "users_user_user_permissions_user_id_20aca447" ON "users_user_user_permissions" ("user_id");
CREATE INDEX IF NOT EXISTS "users_user_user_permissions_permission_id_0b93982e" ON "users_user_user_permissions" ("permission_id");
CREATE INDEX IF NOT EXISTS "django_admin_log_content_type_id_c4bce8eb" ON "django_admin_log" ("content_type_id");
CREATE INDEX IF NOT EXISTS "django_admin_log_user_id_c564eba6" ON "django_admin_log" ("user_id");
CREATE INDEX IF NOT EXISTS "django_session_expire_date_a5c62663" ON "django_session" ("expire_date");
CREATE INDEX IF NOT EXISTS "store_truck_details_truck_owner_id_155e372c" ON "store_truck_details" ("truck_owner_id");
CREATE INDEX IF NOT EXISTS "transactions_request_edit_builty_id_17f4ac6b" ON "transactions_request_edit" ("builty_id");
CREATE INDEX IF NOT EXISTS "transactions_request_edit_user_id_296a97e5" ON "transactions_request_edit" ("user_id");
CREATE INDEX IF NOT EXISTS "transactions_ack_builty_id_e9cf4eb9" ON "transactions_ack" ("builty_id");
CREATE INDEX IF NOT EXISTS "store_rate_to_station_id_71b5e0d1" ON "store_rate" ("to_station_id");
CREATE INDEX IF NOT EXISTS "store_rate_from_station_id_cf4de4c2" ON "store_rate" ("from_station_id");
CREATE INDEX IF NOT EXISTS "store_district_office_location_id_def88825" ON "store_district" ("office_location_id");
CREATE INDEX IF NOT EXISTS "users_user_company_id_14799323" ON "users_user" ("company_id");
CREATE INDEX IF NOT EXISTS "users_user_office_location_id_9bf9b0fd" ON "users_user" ("office_location_id");
CREATE INDEX IF NOT EXISTS "store_article_company_name_id_236802e6" ON "store_article" ("company_name_id");
CREATE INDEX IF NOT EXISTS "store_article_consignor_id_170c72fc" ON "store_article" ("consignor_id");
CREATE INDEX IF NOT EXISTS "store_article_office_location_id_216b5e85" ON "store_article" ("office_location_id");
CREATE INDEX IF NOT EXISTS "store_consignor_company_id_9fdf29a0" ON "store_consignor" ("company_id");
CREATE INDEX IF NOT EXISTS "store_consignor_office_location_id_709e205e" ON "store_consignor" ("office_location_id");
CREATE INDEX IF NOT EXISTS "store_onaccount_company_id_8283503d" ON "store_onaccount" ("company_id");
CREATE INDEX IF NOT EXISTS "store_onaccount_office_location_id_d8877177" ON "store_onaccount" ("office_location_id");
CREATE INDEX IF NOT EXISTS "store_station_taluka_id_51032d3b" ON "store_station" ("taluka_id");
CREATE INDEX IF NOT EXISTS "store_station_office_location_id_cc8d1da0" ON "store_station" ("office_location_id");
CREATE INDEX IF NOT EXISTS "store_taluka_district_id_63ffbdb2" ON "store_taluka" ("district_id");
CREATE INDEX IF NOT EXISTS "store_taluka_office_location_id_5a2300b5" ON "store_taluka" ("office_location_id");
CREATE INDEX IF NOT EXISTS "store_from_station_office_location_id_f8e96d27" ON "store_from_station" ("office_location_id");
CREATE INDEX IF NOT EXISTS "store_from_station_taluka_id_b0acd45a" ON "store_from_station" ("taluka_id");
CREATE INDEX IF NOT EXISTS "transactions_builty_article_id_9ef4500b" ON "transactions_builty" ("article_id");
CREATE INDEX IF NOT EXISTS "transactions_builty_company_id_e5faf59d" ON "transactions_builty" ("company_id");
CREATE INDEX IF NOT EXISTS "transactions_builty_consignor_id_abafe990" ON "transactions_builty" ("consignor_id");
CREATE INDEX IF NOT EXISTS "transactions_builty_district_id_32c090e4" ON "transactions_builty" ("district_id");
CREATE INDEX IF NOT EXISTS "transactions_builty_onaccount_id_35cc36f3" ON "transactions_builty" ("onaccount_id");
CREATE INDEX IF NOT EXISTS "transactions_builty_petrol_pump_id_9922ae78" ON "transactions_builty" ("petrol_pump_id");
CREATE INDEX IF NOT EXISTS "transactions_builty_station_to_id_8018ef07" ON "transactions_builty" ("station_to_id");
CREATE INDEX IF NOT EXISTS "transactions_builty_taluka_id_3af43376" ON "transactions_builty" ("taluka_id");
CREATE INDEX IF NOT EXISTS "transactions_builty_truck_details_id_7724d30a" ON "transactions_builty" ("truck_details_id");
CREATE INDEX IF NOT EXISTS "transactions_builty_truck_owner_id_74656a52" ON "transactions_builty" ("truck_owner_id");
CREATE INDEX IF NOT EXISTS "transactions_builty_user_id_82211060" ON "transactions_builty" ("user_id");
CREATE INDEX IF NOT EXISTS "transactions_builty_station_from_id_0fc95978" ON "transactions_builty" ("station_from_id");
CREATE TABLE IF NOT EXISTS "store_petrol_pump" ("id" integer NOT NULL PRIMARY KEY AUTOINCREMENT, "name" varchar(120) NOT NULL UNIQUE);
INSERT INTO "store_petrol_pump" VALUES(1,'Sati Servo Midc Akola');
INSERT INTO "store_petrol_pump" VALUES(2,'Simrat Servo Centre');
INSERT INTO "store_petrol_pump" VALUES(3,'Hari Auto Service');
INSERT INTO "store_petrol_pump" VALUES(4,'BPCL Petro card');
CREATE UNIQUE INDEX "django_content_type_app_label_model_76bd3d3b_uniq" ON "django_content_type" ("app_label", "model");
CREATE UNIQUE INDEX "auth_group_permissions_group_id_permission_id_0cd325b0_uniq" ON "auth_group_permissions" ("group_id", "permission_id");
CREATE INDEX IF NOT EXISTS "auth_group_permissions_group_id_b120cbf9" ON "auth_group_permissions" ("group_id");
CREATE INDEX IF NOT EXISTS "auth_group_permissions_permission_id_84c5c92e" ON "auth_group_permissions" ("permission_id");
CREATE UNIQUE INDEX "auth_permission_content_type_id_codename_01ab375a_uniq" ON "auth_permission" ("content_type_id", "codename");
CREATE INDEX IF NOT EXISTS "auth_permission_content_type_id_2f476e4b" ON "auth_permission" ("content_type_id");
CREATE UNIQUE INDEX "users_user_groups_user_id_group_id_b88eab82_uniq" ON "users_user_groups" ("user_id", "group_id");
CREATE INDEX IF NOT EXISTS "users_user_groups_user_id_5f6f5a90" ON "users_user_groups" ("user_id");
CREATE INDEX IF NOT EXISTS "users_user_groups_group_id_9afc8d0e" ON "users_user_groups" ("group_id");
CREATE UNIQUE INDEX "users_user_user_permissions_user_id_permission_id_43338c45_uniq" ON "users_user_user_permissions" ("user_id", "permission_id");
CREATE INDEX IF NOT EXISTS "users_user_user_permissions_user_id_20aca447" ON "users_user_user_permissions" ("user_id");
CREATE INDEX IF NOT EXISTS "users_user_user_permissions_permission_id_0b93982e" ON "users_user_user_permissions" ("permission_id");
CREATE INDEX IF NOT EXISTS "django_admin_log_content_type_id_c4bce8eb" ON "django_admin_log" ("content_type_id");
CREATE INDEX IF NOT EXISTS "django_admin_log_user_id_c564eba6" ON "django_admin_log" ("user_id");
CREATE INDEX IF NOT EXISTS "django_session_expire_date_a5c62663" ON "django_session" ("expire_date");
CREATE INDEX IF NOT EXISTS "store_truck_details_truck_owner_id_155e372c" ON "store_truck_details" ("truck_owner_id");
CREATE INDEX IF NOT EXISTS "transactions_request_edit_builty_id_17f4ac6b" ON "transactions_request_edit" ("builty_id");
CREATE INDEX IF NOT EXISTS "transactions_request_edit_user_id_296a97e5" ON "transactions_request_edit" ("user_id");
CREATE INDEX IF NOT EXISTS "transactions_ack_builty_id_e9cf4eb9" ON "transactions_ack" ("builty_id");
CREATE INDEX IF NOT EXISTS "store_rate_to_station_id_71b5e0d1" ON "store_rate" ("to_station_id");
CREATE INDEX IF NOT EXISTS "store_rate_from_station_id_cf4de4c2" ON "store_rate" ("from_station_id");
CREATE INDEX IF NOT EXISTS "store_district_office_location_id_def88825" ON "store_district" ("office_location_id");
CREATE INDEX IF NOT EXISTS "users_user_company_id_14799323" ON "users_user" ("company_id");
CREATE INDEX IF NOT EXISTS "users_user_office_location_id_9bf9b0fd" ON "users_user" ("office_location_id");
CREATE INDEX IF NOT EXISTS "store_article_company_name_id_236802e6" ON "store_article" ("company_name_id");
CREATE INDEX IF NOT EXISTS "store_article_consignor_id_170c72fc" ON "store_article" ("consignor_id");
CREATE INDEX IF NOT EXISTS "store_article_office_location_id_216b5e85" ON "store_article" ("office_location_id");
CREATE INDEX IF NOT EXISTS "store_consignor_company_id_9fdf29a0" ON "store_consignor" ("company_id");
CREATE INDEX IF NOT EXISTS "store_consignor_office_location_id_709e205e" ON "store_consignor" ("office_location_id");
CREATE INDEX IF NOT EXISTS "store_onaccount_company_id_8283503d" ON "store_onaccount" ("company_id");
CREATE INDEX IF NOT EXISTS "store_onaccount_office_location_id_d8877177" ON "store_onaccount" ("office_location_id");
CREATE INDEX IF NOT EXISTS "store_station_taluka_id_51032d3b" ON "store_station" ("taluka_id");
CREATE INDEX IF NOT EXISTS "store_station_office_location_id_cc8d1da0" ON "store_station" ("office_location_id");
CREATE INDEX IF NOT EXISTS "store_taluka_district_id_63ffbdb2" ON "store_taluka" ("district_id");
CREATE INDEX IF NOT EXISTS "store_taluka_office_location_id_5a2300b5" ON "store_taluka" ("office_location_id");
CREATE INDEX IF NOT EXISTS "store_from_station_office_location_id_f8e96d27" ON "store_from_station" ("office_location_id");
CREATE INDEX IF NOT EXISTS "store_from_station_taluka_id_b0acd45a" ON "store_from_station" ("taluka_id");
CREATE INDEX IF NOT EXISTS "transactions_builty_article_id_9ef4500b" ON "transactions_builty" ("article_id");
CREATE INDEX IF NOT EXISTS "transactions_builty_company_id_e5faf59d" ON "transactions_builty" ("company_id");
CREATE INDEX IF NOT EXISTS "transactions_builty_consignor_id_abafe990" ON "transactions_builty" ("consignor_id");
CREATE INDEX IF NOT EXISTS "transactions_builty_district_id_32c090e4" ON "transactions_builty" ("district_id");
CREATE INDEX IF NOT EXISTS "transactions_builty_onaccount_id_35cc36f3" ON "transactions_builty" ("onaccount_id");
CREATE INDEX IF NOT EXISTS "transactions_builty_petrol_pump_id_9922ae78" ON "transactions_builty" ("petrol_pump_id");
CREATE INDEX IF NOT EXISTS "transactions_builty_station_to_id_8018ef07" ON "transactions_builty" ("station_to_id");
CREATE INDEX IF NOT EXISTS "transactions_builty_taluka_id_3af43376" ON "transactions_builty" ("taluka_id");
CREATE INDEX IF NOT EXISTS "transactions_builty_truck_details_id_7724d30a" ON "transactions_builty" ("truck_details_id");
CREATE INDEX IF NOT EXISTS "transactions_builty_truck_owner_id_74656a52" ON "transactions_builty" ("truck_owner_id");
CREATE INDEX IF NOT EXISTS "transactions_builty_user_id_82211060" ON "transactions_builty" ("user_id");
CREATE INDEX IF NOT EXISTS "transactions_builty_station_from_id_0fc95978" ON "transactions_builty" ("station_from_id");
CREATE TABLE IF NOT EXISTS "store_rate" ("id" integer NOT NULL PRIMARY KEY AUTOINCREMENT, "company_rate" integer NOT NULL, "to_station_id" bigint NOT NULL REFERENCES "store_station" ("id") DEFERRABLE INITIALLY DEFERRED, "from_station_id" bigint NOT NULL REFERENCES "store_station" ("id") DEFERRABLE INITIALLY DEFERRED);
CREATE UNIQUE INDEX "django_content_type_app_label_model_76bd3d3b_uniq" ON "django_content_type" ("app_label", "model");
CREATE UNIQUE INDEX "auth_group_permissions_group_id_permission_id_0cd325b0_uniq" ON "auth_group_permissions" ("group_id", "permission_id");
CREATE INDEX IF NOT EXISTS "auth_group_permissions_group_id_b120cbf9" ON "auth_group_permissions" ("group_id");
CREATE INDEX IF NOT EXISTS "auth_group_permissions_permission_id_84c5c92e" ON "auth_group_permissions" ("permission_id");
CREATE UNIQUE INDEX "auth_permission_content_type_id_codename_01ab375a_uniq" ON "auth_permission" ("content_type_id", "codename");
CREATE INDEX IF NOT EXISTS "auth_permission_content_type_id_2f476e4b" ON "auth_permission" ("content_type_id");
CREATE UNIQUE INDEX "users_user_groups_user_id_group_id_b88eab82_uniq" ON "users_user_groups" ("user_id", "group_id");
CREATE INDEX IF NOT EXISTS "users_user_groups_user_id_5f6f5a90" ON "users_user_groups" ("user_id");
CREATE INDEX IF NOT EXISTS "users_user_groups_group_id_9afc8d0e" ON "users_user_groups" ("group_id");
CREATE UNIQUE INDEX "users_user_user_permissions_user_id_permission_id_43338c45_uniq" ON "users_user_user_permissions" ("user_id", "permission_id");
CREATE INDEX IF NOT EXISTS "users_user_user_permissions_user_id_20aca447" ON "users_user_user_permissions" ("user_id");
CREATE INDEX IF NOT EXISTS "users_user_user_permissions_permission_id_0b93982e" ON "users_user_user_permissions" ("permission_id");
CREATE INDEX IF NOT EXISTS "django_admin_log_content_type_id_c4bce8eb" ON "django_admin_log" ("content_type_id");
CREATE INDEX IF NOT EXISTS "django_admin_log_user_id_c564eba6" ON "django_admin_log" ("user_id");
CREATE INDEX IF NOT EXISTS "django_session_expire_date_a5c62663" ON "django_session" ("expire_date");
CREATE INDEX IF NOT EXISTS "store_truck_details_truck_owner_id_155e372c" ON "store_truck_details" ("truck_owner_id");
CREATE INDEX IF NOT EXISTS "transactions_request_edit_builty_id_17f4ac6b" ON "transactions_request_edit" ("builty_id");
CREATE INDEX IF NOT EXISTS "transactions_request_edit_user_id_296a97e5" ON "transactions_request_edit" ("user_id");
CREATE INDEX IF NOT EXISTS "transactions_ack_builty_id_e9cf4eb9" ON "transactions_ack" ("builty_id");
CREATE INDEX IF NOT EXISTS "store_rate_to_station_id_71b5e0d1" ON "store_rate" ("to_station_id");
CREATE INDEX IF NOT EXISTS "store_rate_from_station_id_cf4de4c2" ON "store_rate" ("from_station_id");
CREATE INDEX IF NOT EXISTS "store_district_office_location_id_def88825" ON "store_district" ("office_location_id");
CREATE INDEX IF NOT EXISTS "users_user_company_id_14799323" ON "users_user" ("company_id");
CREATE INDEX IF NOT EXISTS "users_user_office_location_id_9bf9b0fd" ON "users_user" ("office_location_id");
CREATE INDEX IF NOT EXISTS "store_article_company_name_id_236802e6" ON "store_article" ("company_name_id");
CREATE INDEX IF NOT EXISTS "store_article_consignor_id_170c72fc" ON "store_article" ("consignor_id");
CREATE INDEX IF NOT EXISTS "store_article_office_location_id_216b5e85" ON "store_article" ("office_location_id");
CREATE INDEX IF NOT EXISTS "store_consignor_company_id_9fdf29a0" ON "store_consignor" ("company_id");
CREATE INDEX IF NOT EXISTS "store_consignor_office_location_id_709e205e" ON "store_consignor" ("office_location_id");
CREATE INDEX IF NOT EXISTS "store_onaccount_company_id_8283503d" ON "store_onaccount" ("company_id");
CREATE INDEX IF NOT EXISTS "store_onaccount_office_location_id_d8877177" ON "store_onaccount" ("office_location_id");
CREATE INDEX IF NOT EXISTS "store_station_taluka_id_51032d3b" ON "store_station" ("taluka_id");
CREATE INDEX IF NOT EXISTS "store_station_office_location_id_cc8d1da0" ON "store_station" ("office_location_id");
CREATE INDEX IF NOT EXISTS "store_taluka_district_id_63ffbdb2" ON "store_taluka" ("district_id");
CREATE INDEX IF NOT EXISTS "store_taluka_office_location_id_5a2300b5" ON "store_taluka" ("office_location_id");
CREATE INDEX IF NOT EXISTS "store_from_station_office_location_id_f8e96d27" ON "store_from_station" ("office_location_id");
CREATE INDEX IF NOT EXISTS "store_from_station_taluka_id_b0acd45a" ON "store_from_station" ("taluka_id");
CREATE INDEX IF NOT EXISTS "transactions_builty_article_id_9ef4500b" ON "transactions_builty" ("article_id");
CREATE INDEX IF NOT EXISTS "transactions_builty_company_id_e5faf59d" ON "transactions_builty" ("company_id");
CREATE INDEX IF NOT EXISTS "transactions_builty_consignor_id_abafe990" ON "transactions_builty" ("consignor_id");
CREATE INDEX IF NOT EXISTS "transactions_builty_district_id_32c090e4" ON "transactions_builty" ("district_id");
CREATE INDEX IF NOT EXISTS "transactions_builty_onaccount_id_35cc36f3" ON "transactions_builty" ("onaccount_id");
CREATE INDEX IF NOT EXISTS "transactions_builty_petrol_pump_id_9922ae78" ON "transactions_builty" ("petrol_pump_id");
CREATE INDEX IF NOT EXISTS "transactions_builty_station_to_id_8018ef07" ON "transactions_builty" ("station_to_id");
CREATE INDEX IF NOT EXISTS "transactions_builty_taluka_id_3af43376" ON "transactions_builty" ("taluka_id");
CREATE INDEX IF NOT EXISTS "transactions_builty_truck_details_id_7724d30a" ON "transactions_builty" ("truck_details_id");
CREATE INDEX IF NOT EXISTS "transactions_builty_truck_owner_id_74656a52" ON "transactions_builty" ("truck_owner_id");
CREATE INDEX IF NOT EXISTS "transactions_builty_user_id_82211060" ON "transactions_builty" ("user_id");
CREATE INDEX IF NOT EXISTS "transactions_builty_station_from_id_0fc95978" ON "transactions_builty" ("station_from_id");
CREATE TABLE IF NOT EXISTS "store_station" ("id" integer NOT NULL PRIMARY KEY AUTOINCREMENT, "name" varchar(120) NOT NULL UNIQUE, "taluka_id" bigint NOT NULL REFERENCES "store_taluka" ("id") DEFERRABLE INITIALLY DEFERRED, "office_location_id" bigint NULL REFERENCES "store_office_location" ("id") DEFERRABLE INITIALLY DEFERRED);
INSERT INTO "store_station" VALUES(1,'AKOLA RAILHEAD',1,1);
INSERT INTO "store_station" VALUES(2,'ADGAON',1,1);
INSERT INTO "store_station" VALUES(3,'TELHARA',1,1);
INSERT INTO "store_station" VALUES(4,'AKOT',2,1);
INSERT INTO "store_station" VALUES(5,'KHAMGAON',1,1);
INSERT INTO "store_station" VALUES(7,'KATEPURNA',6,1);
INSERT INTO "store_station" VALUES(8,'KANSHIVNI',6,1);
INSERT INTO "store_station" VALUES(9,'PARAS',3,1);
INSERT INTO "store_station" VALUES(10,'MURTIZAPUR',6,1);
INSERT INTO "store_station" VALUES(12,'WADEGAON',3,1);
INSERT INTO "store_station" VALUES(15,'KUTASA',2,1);
INSERT INTO "store_station" VALUES(17,'SHIVNI GODOWN',7,1);
INSERT INTO "store_station" VALUES(18,'DANAPUR',29,1);
INSERT INTO "store_station" VALUES(19,'TALEGAON',1,1);
INSERT INTO "store_station" VALUES(20,'AKOLA GODOWN',7,1);
INSERT INTO "store_station" VALUES(21,'WADALI DESHMUKH',27,1);
INSERT INTO "store_station" VALUES(22,'NIMBA',35,1);
INSERT INTO "store_station" VALUES(23,'AKOLA TQ',7,1);
INSERT INTO "store_station" VALUES(24,'BHAMBERI',1,1);
INSERT INTO "store_station" VALUES(25,'ADSUL',1,1);
INSERT INTO "store_station" VALUES(26,'UKALI',1,1);
INSERT INTO "store_station" VALUES(27,'JAMTHI',19,1);
INSERT INTO "store_station" VALUES(28,'WARU BIHADE',1,1);
INSERT INTO "store_station" VALUES(31,'PATHARDI',1,1);
INSERT INTO "store_station" VALUES(32,'BALAPUR',3,1);
INSERT INTO "store_station" VALUES(33,'MANA',18,1);
INSERT INTO "store_station" VALUES(34,'PATUR NANDAPUR',6,1);
INSERT INTO "store_station" VALUES(35,'MAHAN',30,1);
INSERT INTO "store_station" VALUES(36,'KURUM',19,1);
INSERT INTO "store_station" VALUES(37,'SAUNDALA',28,1);
INSERT INTO "store_station" VALUES(38,'CHANNI',37,1);
INSERT INTO "store_station" VALUES(39,'KARLA T',1,1);
INSERT INTO "store_station" VALUES(41,'PATUR',4,1);
INSERT INTO "store_station" VALUES(42,'CHOHATTA BAZAR',39,1);
INSERT INTO "store_station" VALUES(43,'HINGNEE H',52,1);
INSERT INTO "store_station" VALUES(44,'JANORI K',53,1);
INSERT INTO "store_station" VALUES(45,'KASUR K',53,1);
INSERT INTO "store_station" VALUES(46,'BABULGAON',37,1);
INSERT INTO "store_station" VALUES(47,'MALSUR',37,1);
INSERT INTO "store_station" VALUES(48,'KHAMGAON RAILHEAD',44,2);
INSERT INTO "store_station" VALUES(49,'SAKHARKHERDA',62,2);
INSERT INTO "store_station" VALUES(50,'WADNER BHOALJI',57,2);
INSERT INTO "store_station" VALUES(51,'CHANDUR DISWA',57,2);
INSERT INTO "store_station" VALUES(52,'NANDURA',58,2);
INSERT INTO "store_station" VALUES(53,'NIMGAON',58,2);
INSERT INTO "store_station" VALUES(54,'SHENDURJAN',78,2);
INSERT INTO "store_station" VALUES(55,'KHAMGAON GODOWN',44,2);
INSERT INTO "store_station" VALUES(56,'UNDRI',43,2);
INSERT INTO "store_station" VALUES(57,'NARVEL',71,2);
INSERT INTO "store_station" VALUES(58,'PANAJ P',24,1);
INSERT INTO "store_station" VALUES(59,'SHIVPUR W .D',27,1);
INSERT INTO "store_station" VALUES(60,'SAWARA W.D',27,1);
INSERT INTO "store_station" VALUES(61,'SONORI M',6,1);
INSERT INTO "store_station" VALUES(62,'NARVEL D',70,2);
INSERT INTO "store_station" VALUES(63,'JAMOD',51,2);
INSERT INTO "store_station" VALUES(64,'WAZZAR',45,2);
INSERT INTO "store_station" VALUES(65,'KHANDVI',51,2);
INSERT INTO "store_station" VALUES(66,'DEULGAON.RAJA',48,1);
INSERT INTO "store_station" VALUES(67,'BORDI',2,1);
INSERT INTO "store_station" VALUES(68,'ASEGAON',27,1);
INSERT INTO "store_station" VALUES(69,'SHEGAON',56,2);
INSERT INTO "store_station" VALUES(70,'SUTALA',44,2);
INSERT INTO "store_station" VALUES(71,'PALSOBADE',6,1);
INSERT INTO "store_station" VALUES(72,'KANJARA',44,2);
INSERT INTO "store_station" VALUES(73,'JALAMB',56,2);
INSERT INTO "store_station" VALUES(74,'AWAR',44,2);
INSERT INTO "store_station" VALUES(75,'ASALGAON',51,2);
INSERT INTO "store_station" VALUES(76,'UTHAVLI PRAKALP',46,2);
INSERT INTO "store_station" VALUES(77,'HINGNA S',45,2);
INSERT INTO "store_station" VALUES(78,'ALAMPUR',50,2);
INSERT INTO "store_station" VALUES(79,'CHIKHALI',43,2);
INSERT INTO "store_station" VALUES(80,'BHENDWAL',51,2);
INSERT INTO "store_station" VALUES(81,'MOTALA',61,2);
INSERT INTO "store_station" VALUES(82,'HIWARKHED',36,1);
INSERT INTO "store_station" VALUES(83,'DEULGAON RAJA',48,2);
INSERT INTO "store_station" VALUES(84,'BULDHANA',72,2);
INSERT INTO "store_station" VALUES(85,'SHAHAPUR',45,2);
INSERT INTO "store_station" VALUES(86,'KHERDA S',56,2);
INSERT INTO "store_station" VALUES(87,'LAKHANWADA',73,2);
INSERT INTO "store_station" VALUES(88,'MOMINABAD',57,2);
INSERT INTO "store_station" VALUES(89,'JAIPUR LANDE',44,2);
INSERT INTO "store_station" VALUES(90,'GHATPURI',44,2);
INSERT INTO "store_station" VALUES(91,'WADGAON WANDE',74,2);
INSERT INTO "store_station" VALUES(92,'WARWAT',74,2);
INSERT INTO "store_station" VALUES(93,'SAVNA',43,2);
INSERT INTO "store_station" VALUES(94,'KOTHALI',61,2);
INSERT INTO "store_station" VALUES(95,'DHAD',75,2);
INSERT INTO "store_station" VALUES(96,'SHEKAPUR',75,2);
INSERT INTO "store_station" VALUES(97,'MERA BUZRUK',76,2);
INSERT INTO "store_station" VALUES(98,'DEULGAON MAHI',68,2);
INSERT INTO "store_station" VALUES(99,'SULTANPUR',77,2);
INSERT INTO "store_station" VALUES(100,'MOHLAI',75,2);
INSERT INTO "store_station" VALUES(101,'PARADH',6,1);
INSERT INTO "store_station" VALUES(102,'SUNGAON',51,2);
INSERT INTO "store_station" VALUES(103,'ROHANA',66,2);
INSERT INTO "store_station" VALUES(104,'GAWANDALA',45,2);
INSERT INTO "store_station" VALUES(105,'SANGRAMPUR',74,2);
INSERT INTO "store_station" VALUES(106,'AMBETAKLI',45,2);
INSERT INTO "store_station" VALUES(107,'KARATWADI',43,2);
INSERT INTO "store_station" VALUES(108,'PATURDA FATA',74,2);
INSERT INTO "store_station" VALUES(109,'JANEPHAL',46,2);
INSERT INTO "store_station" VALUES(110,'BORI ADGAON',45,2);
INSERT INTO "store_station" VALUES(111,'SHELGAON MUKUND',50,2);
INSERT INTO "store_station" VALUES(112,'PAHURJIRA',44,2);
INSERT INTO "store_station" VALUES(113,'JALGAON JAMOD',51,2);
INSERT INTO "store_station" VALUES(114,'MASRUL',75,2);
INSERT INTO "store_station" VALUES(115,'SINDKHED RAJA',78,2);
INSERT INTO "store_station" VALUES(116,'PIMPRI GAWALI',57,2);
INSERT INTO "store_station" VALUES(117,'DUSARBID',78,2);
INSERT INTO "store_station" VALUES(118,'MUNDGAON',2,1);
INSERT INTO "store_station" VALUES(119,'NANDIPETH',2,1);
INSERT INTO "store_station" VALUES(120,'DHABA M',30,1);
INSERT INTO "store_station" VALUES(121,'HATRUN',35,1);
INSERT INTO "store_station" VALUES(122,'DEULGHAT',72,2);
INSERT INTO "store_station" VALUES(123,'PIMPALGAON RAJA',44,2);
INSERT INTO "store_station" VALUES(124,'NAGZARI',63,2);
INSERT INTO "store_station" VALUES(125,'TEMBURNA',44,2);
INSERT INTO "store_station" VALUES(126,'PANCHALA',74,2);
INSERT INTO "store_station" VALUES(127,'ADGAON A',40,1);
INSERT INTO "store_station" VALUES(128,'MANASGAON',63,2);
INSERT INTO "store_station" VALUES(129,'MAMULWADI',79,2);
INSERT INTO "store_station" VALUES(130,'CHANGULWADI',74,2);
INSERT INTO "store_station" VALUES(131,'PIMPRI MALI D',67,2);
INSERT INTO "store_station" VALUES(132,'AJANI',67,2);
INSERT INTO "store_station" VALUES(133,'PANGARKHED',67,2);
INSERT INTO "store_station" VALUES(134,'LONAR',77,2);
INSERT INTO "store_station" VALUES(135,'CHANDOL D',75,2);
INSERT INTO "store_station" VALUES(136,'KHARATWADI',43,2);
INSERT INTO "store_station" VALUES(137,'DONGAON',67,2);
INSERT INTO "store_station" VALUES(138,'JAWLA',56,2);
INSERT INTO "store_station" VALUES(139,'DHORAPGAON',44,2);
INSERT INTO "store_station" VALUES(140,'BOTHAKAZI',45,2);
INSERT INTO "store_station" VALUES(141,'GHAROD',45,2);
INSERT INTO "store_station" VALUES(142,'MALKAPUR',57,2);
INSERT INTO "store_station" VALUES(143,'GONDHNAPUR',44,2);
INSERT INTO "store_station" VALUES(144,'TUNKI',74,2);
INSERT INTO "store_station" VALUES(145,'DHAMANGAON BADE',70,2);
INSERT INTO "store_station" VALUES(146,'MALWANDI',75,2);
INSERT INTO "store_station" VALUES(147,'KUMBEPHAL D',75,2);
INSERT INTO "store_station" VALUES(148,'BIBI',77,2);
INSERT INTO "store_station" VALUES(149,'JAM',75,2);
INSERT INTO "store_station" VALUES(150,'RAJEGAON',78,2);
INSERT INTO "store_station" VALUES(151,'PARKHED',44,2);
INSERT INTO "store_station" VALUES(152,'ALEGAON M',37,1);
INSERT INTO "store_station" VALUES(153,'NIPANA',44,2);
INSERT INTO "store_station" VALUES(154,'SHELODI',44,2);
INSERT INTO "store_station" VALUES(155,'SHEMBA',80,2);
INSERT INTO "store_station" VALUES(156,'SAILANI',75,2);
INSERT INTO "store_station" VALUES(157,'BORALA',51,2);
INSERT INTO "store_station" VALUES(158,'SHELGAON DESHMUKH',67,2);
INSERT INTO "store_station" VALUES(159,'GHUMMI',75,2);
INSERT INTO "store_station" VALUES(160,'PINJAR P',81,1);
INSERT INTO "store_station" VALUES(161,'PATONDA',50,2);
INSERT INTO "store_station" VALUES(162,'LONIGAWALI',67,2);
INSERT INTO "store_station" VALUES(163,'MARSUL',75,2);
INSERT INTO "store_station" VALUES(164,'MALKAPUR PANGRA',78,2);
INSERT INTO "store_station" VALUES(165,'AAMKHED',76,2);
INSERT INTO "store_station" VALUES(166,'KHAIRAV',48,2);
INSERT INTO "store_station" VALUES(167,'KANCHANPUR',45,2);
INSERT INTO "store_station" VALUES(168,'DONGARGAON',63,2);
INSERT INTO "store_station" VALUES(169,'KAPSHI',4,1);
INSERT INTO "store_station" VALUES(170,'KAWADGAON',45,2);
INSERT INTO "store_station" VALUES(171,'BHALEGAON',44,2);
INSERT INTO "store_station" VALUES(172,'DHAPATI',44,2);
INSERT INTO "store_station" VALUES(173,'CHANGEPHAL',74,2);
INSERT INTO "store_station" VALUES(174,'WARKHED C',43,2);
INSERT INTO "store_station" VALUES(175,'JANORI',56,2);
INSERT INTO "store_station" VALUES(176,'DEULGAON SAKARSHA',46,2);
INSERT INTO "store_station" VALUES(177,'ZADEGAON',63,2);
INSERT INTO "store_station" VALUES(178,'KHUTPURI',44,2);
INSERT INTO "store_station" VALUES(179,'NILEGAON FATA',44,2);
INSERT INTO "store_station" VALUES(180,'ANTRAJ',44,2);
INSERT INTO "store_station" VALUES(181,'UMRA',45,2);
INSERT INTO "store_station" VALUES(182,'SAVALI',74,2);
INSERT INTO "store_station" VALUES(183,'JAMBHORA',78,2);
INSERT INTO "store_station" VALUES(184,'VAI MURAMBA M',18,1);
INSERT INTO "store_station" VALUES(185,'AKOLI JAHAGIR',27,1);
INSERT INTO "store_station" VALUES(186,'KOLORI',44,2);
INSERT INTO "store_station" VALUES(187,'MAHALUNGI',82,2);
INSERT INTO "store_station" VALUES(188,'AMDAPUR',43,2);
INSERT INTO "store_station" VALUES(189,'MORAMBA',44,2);
INSERT INTO "store_station" VALUES(190,'BAWANBIR',74,2);
INSERT INTO "store_station" VALUES(191,'KARATGAON',74,2);
INSERT INTO "store_station" VALUES(192,'UMRA A',40,1);
INSERT INTO "store_station" VALUES(193,'TALNI P',83,2);
INSERT INTO "store_station" VALUES(194,'DONGAR KHANDALA',72,2);
INSERT INTO "store_station" VALUES(195,'KARWAND',72,2);
INSERT INTO "store_station" VALUES(196,'JIGAON',79,2);
INSERT INTO "store_station" VALUES(197,'CHANDOL',60,2);
INSERT INTO "store_station" VALUES(198,'PIMPARKHED',43,2);
INSERT INTO "store_station" VALUES(199,'ISOLI',43,2);
INSERT INTO "store_station" VALUES(200,'PATURDA',74,2);
INSERT INTO "store_station" VALUES(201,'WARUD',75,2);
INSERT INTO "store_station" VALUES(202,'SATEGAON',48,2);
INSERT INTO "store_station" VALUES(203,'WAGHJAI',78,2);
INSERT INTO "store_station" VALUES(204,'MADAKHED',51,2);
INSERT INTO "store_station" VALUES(205,'KULAMKHED',75,2);
INSERT INTO "store_station" VALUES(206,'MEHKAR',46,2);
INSERT INTO "store_station" VALUES(207,'PIMPRI GAWALI P',83,2);
INSERT INTO "store_station" VALUES(208,'LAVHALA',78,2);
INSERT INTO "store_station" VALUES(209,'ALAMPUR N',58,2);
INSERT INTO "store_station" VALUES(210,'SWAYANDEV',78,2);
INSERT INTO "store_station" VALUES(211,'PETH',43,2);
INSERT INTO "store_station" VALUES(212,'SONALA',74,2);
INSERT INTO "store_station" VALUES(213,'JANUNA',44,2);
INSERT INTO "store_station" VALUES(214,'GHATBORI',67,2);
INSERT INTO "store_station" VALUES(215,'DASHARKHED',71,2);
INSERT INTO "store_station" VALUES(216,'TAROLA',44,2);
INSERT INTO "store_station" VALUES(217,'RAHUD',44,2);
INSERT INTO "store_station" VALUES(218,'RATALI',78,2);
INSERT INTO "store_station" VALUES(219,'VIHIGAON',44,2);
INSERT INTO "store_station" VALUES(220,'BELKHED T',1,1);
INSERT INTO "store_station" VALUES(221,'KODRI',74,2);
INSERT INTO "store_station" VALUES(222,'GOREGAON M',6,1);
INSERT INTO "store_station" VALUES(223,'MATHANI',44,2);
INSERT INTO "store_station" VALUES(224,'WADODA PANER',57,2);
INSERT INTO "store_station" VALUES(225,'HIWRA KHURD',46,2);
INSERT INTO "store_station" VALUES(226,'BARSITAKLI',5,1);
INSERT INTO "store_station" VALUES(227,'WADI',44,2);
INSERT INTO "store_station" VALUES(228,'KAULKHED M',6,1);
INSERT INTO "store_station" VALUES(229,'UTI',51,2);
INSERT INTO "store_station" VALUES(230,'BORWAND',82,2);
INSERT INTO "store_station" VALUES(231,'HINGNA SP',74,2);
INSERT INTO "store_station" VALUES(232,'WADGAON',77,2);
INSERT INTO "store_station" VALUES(233,'NARKHED',50,2);
INSERT INTO "store_station" VALUES(234,'SINGAON JAHAGIR',48,2);
INSERT INTO "store_station" VALUES(235,'RAJANDA',4,1);
INSERT INTO "store_station" VALUES(236,'BHADGAON',75,2);
INSERT INTO "store_station" VALUES(237,'HIRPUR M',6,1);
INSERT INTO "store_station" VALUES(238,'HIWARKHED K',44,2);
INSERT INTO "store_station" VALUES(239,'KALEGAON',45,2);
INSERT INTO "store_station" VALUES(240,'JAMBH',75,2);
INSERT INTO "store_station" VALUES(241,'JAMTHI D',75,2);
INSERT INTO "store_station" VALUES(242,'DADULGAON',51,2);
INSERT INTO "store_station" VALUES(243,'TAKARKHEDA',48,2);
INSERT INTO "store_station" VALUES(244,'TARODA M',63,2);
INSERT INTO "store_station" VALUES(245,'WAKUD',44,2);
INSERT INTO "store_station" VALUES(246,'ASADUDHA',45,2);
INSERT INTO "store_station" VALUES(247,'BARAFGAON',44,2);
INSERT INTO "store_station" VALUES(248,'KHULAMKHED',75,2);
INSERT INTO "store_station" VALUES(249,'SAJJANPURI',44,2);
INSERT INTO "store_station" VALUES(250,'DHADI J',79,2);
INSERT INTO "store_station" VALUES(251,'GUNJWADA M',18,1);
INSERT INTO "store_station" VALUES(252,'KAJIKHED',53,1);
INSERT INTO "store_station" VALUES(253,'DINODA W',27,1);
INSERT INTO "store_station" VALUES(254,'SAKHLI B',72,2);
INSERT INTO "store_station" VALUES(255,'WANKHED',74,2);
INSERT INTO "store_station" VALUES(256,'ATALI',45,2);
INSERT INTO "store_station" VALUES(257,'WARNA',45,2);
INSERT INTO "store_station" VALUES(258,'LONI GURAV',45,2);
INSERT INTO "store_station" VALUES(259,'NEKNAMPUR',74,2);
INSERT INTO "store_station" VALUES(260,'GUNDA',77,2);
INSERT INTO "store_station" VALUES(261,'PIMPALGAON SARAI',75,2);
INSERT INTO "store_station" VALUES(262,'KHANDALA',1,1);
INSERT INTO "store_station" VALUES(263,'SAVKHED TEJAN',78,2);
INSERT INTO "store_station" VALUES(264,'PALASHKHED',75,2);
INSERT INTO "store_station" VALUES(265,'PAHURJIRA S',56,2);
INSERT INTO "store_station" VALUES(266,'PANCHGAWAN',1,1);
INSERT INTO "store_station" VALUES(267,'JALKA',44,2);
INSERT INTO "store_station" VALUES(268,'TARODA MTL',61,2);
INSERT INTO "store_station" VALUES(269,'SHELAPUR',83,2);
INSERT INTO "store_station" VALUES(270,'WADALI',43,2);
INSERT INTO "store_station" VALUES(271,'KURHA K',44,2);
INSERT INTO "store_station" VALUES(272,'PIMPRI GAWALI K',44,2);
INSERT INTO "store_station" VALUES(273,'DHAMANGAON',75,2);
INSERT INTO "store_station" VALUES(274,'PIMPALKHUTA M',37,1);
INSERT INTO "store_station" VALUES(275,'RAIPUR',75,2);
INSERT INTO "store_station" VALUES(276,'BORGAON KH. M',6,1);
INSERT INTO "store_station" VALUES(277,'M.I.D.C. KHAMGAON',44,2);
INSERT INTO "store_station" VALUES(278,'SATGAON BHUSARI',76,2);
INSERT INTO "store_station" VALUES(279,'EKLARA',74,2);
INSERT INTO "store_station" VALUES(280,'DATALA',57,2);
INSERT INTO "store_station" VALUES(281,'BORGAON',6,1);
INSERT INTO "store_station" VALUES(282,'SAKHLI',75,2);
INSERT INTO "store_station" VALUES(283,'TALNI',61,2);
INSERT INTO "store_station" VALUES(284,'TAKLIPOTE',6,1);
INSERT INTO "store_station" VALUES(285,'SHIRSOLI',1,1);
INSERT INTO "store_station" VALUES(286,'SHELGAON ATOL',76,2);
INSERT INTO "store_station" VALUES(287,'BADEGAON',2,1);
INSERT INTO "store_station" VALUES(288,'ALAND',48,2);
INSERT INTO "store_station" VALUES(289,'YELGAON',72,2);
INSERT INTO "store_station" VALUES(290,'GHATNANDRA',75,2);
INSERT INTO "store_station" VALUES(291,'HIWRA ASHRAM',86,2);
INSERT INTO "store_station" VALUES(292,'MORMBA S',50,2);
INSERT INTO "store_station" VALUES(293,'HIWRA',44,2);
INSERT INTO "store_station" VALUES(294,'WARNA K',44,2);
INSERT INTO "store_station" VALUES(295,'ADGAON-D',90,5);
INSERT INTO "store_station" VALUES(296,'ADSUL-D',90,5);
INSERT INTO "store_station" VALUES(297,'BHANDARI',44,2);
INSERT INTO "store_station" VALUES(298,'BHANDARI S',45,2);
INSERT INTO "store_station" VALUES(299,'AWDHA',50,2);
INSERT INTO "store_station" VALUES(300,'WARDALI',78,2);
INSERT INTO "store_station" VALUES(301,'RAHERI',78,2);
INSERT INTO "store_station" VALUES(302,'MUDHA',45,2);
INSERT INTO "store_station" VALUES(303,'MUDHA D',75,2);
INSERT INTO "store_station" VALUES(304,'KHERDI',45,2);
INSERT INTO "store_station" VALUES(305,'ADGAON RAHER',92,1);
INSERT INTO "store_station" VALUES(306,'SAMBHAPUR',45,2);
INSERT INTO "store_station" VALUES(307,'KALEGAON K',44,2);
INSERT INTO "store_station" VALUES(308,'NIMBA-D',93,5);
INSERT INTO "store_station" VALUES(309,'NAKASHI',94,5);
INSERT INTO "store_station" VALUES(310,'MURTIZAPUR-D',95,5);
INSERT INTO "store_station" VALUES(311,'KHAMGAON-D',96,5);
INSERT INTO "store_station" VALUES(312,'RISOD',97,5);
INSERT INTO "store_station" VALUES(313,'DHABA-D',98,5);
INSERT INTO "store_station" VALUES(314,'MANGRULPIR',99,5);
INSERT INTO "store_station" VALUES(315,'BABHULGAON',100,5);
INSERT INTO "store_station" VALUES(316,'MANORA',101,5);
INSERT INTO "store_station" VALUES(317,'DHANAJ',102,5);
INSERT INTO "store_station" VALUES(318,'CHIKHLI',103,5);
INSERT INTO "store_station" VALUES(319,'CHOHATTA BAZAR-D',104,5);
INSERT INTO "store_station" VALUES(320,'CHINCHKHED',48,2);
INSERT INTO "store_station" VALUES(321,'KHERDA J',51,2);
INSERT INTO "store_station" VALUES(322,'TELHARA-D',90,5);
INSERT INTO "store_station" VALUES(323,'DANAPUR-D',90,5);
INSERT INTO "store_station" VALUES(324,'ANSING',105,5);
INSERT INTO "store_station" VALUES(325,'MALKAPUR PANGRA-D',106,5);
INSERT INTO "store_station" VALUES(326,'SAROLA',45,2);
INSERT INTO "store_station" VALUES(327,'WADEGAON-D',93,5);
INSERT INTO "store_station" VALUES(328,'GANGALGAON',76,2);
INSERT INTO "store_station" VALUES(329,'KAMARGAON',102,5);
INSERT INTO "store_station" VALUES(330,'URAL',93,5);
INSERT INTO "store_station" VALUES(331,'MALEGAON',107,5);
INSERT INTO "store_station" VALUES(332,'NIMKARDA',93,5);
INSERT INTO "store_station" VALUES(333,'ADGAON A-D',104,5);
INSERT INTO "store_station" VALUES(334,'WASHIM',108,5);
INSERT INTO "store_station" VALUES(335,'AKOT-D',104,5);
INSERT INTO "store_station" VALUES(336,'NARKHED N',58,2);
INSERT INTO "store_station" VALUES(337,'SONOSHI',78,2);
INSERT INTO "store_station" VALUES(338,'PAHURPURNA S',74,2);
INSERT INTO "store_station" VALUES(339,'HIWRA S',45,2);
INSERT INTO "store_station" VALUES(340,'NIMGAON S',50,2);
CREATE UNIQUE INDEX "django_content_type_app_label_model_76bd3d3b_uniq" ON "django_content_type" ("app_label", "model");
CREATE UNIQUE INDEX "auth_group_permissions_group_id_permission_id_0cd325b0_uniq" ON "auth_group_permissions" ("group_id", "permission_id");
CREATE INDEX IF NOT EXISTS "auth_group_permissions_group_id_b120cbf9" ON "auth_group_permissions" ("group_id");
CREATE INDEX IF NOT EXISTS "auth_group_permissions_permission_id_84c5c92e" ON "auth_group_permissions" ("permission_id");
CREATE UNIQUE INDEX "auth_permission_content_type_id_codename_01ab375a_uniq" ON "auth_permission" ("content_type_id", "codename");
CREATE INDEX IF NOT EXISTS "auth_permission_content_type_id_2f476e4b" ON "auth_permission" ("content_type_id");
CREATE UNIQUE INDEX "users_user_groups_user_id_group_id_b88eab82_uniq" ON "users_user_groups" ("user_id", "group_id");
CREATE INDEX IF NOT EXISTS "users_user_groups_user_id_5f6f5a90" ON "users_user_groups" ("user_id");
CREATE INDEX IF NOT EXISTS "users_user_groups_group_id_9afc8d0e" ON "users_user_groups" ("group_id");
CREATE UNIQUE INDEX "users_user_user_permissions_user_id_permission_id_43338c45_uniq" ON "users_user_user_permissions" ("user_id", "permission_id");
CREATE INDEX IF NOT EXISTS "users_user_user_permissions_user_id_20aca447" ON "users_user_user_permissions" ("user_id");
CREATE INDEX IF NOT EXISTS "users_user_user_permissions_permission_id_0b93982e" ON "users_user_user_permissions" ("permission_id");
CREATE INDEX IF NOT EXISTS "django_admin_log_content_type_id_c4bce8eb" ON "django_admin_log" ("content_type_id");
CREATE INDEX IF NOT EXISTS "django_admin_log_user_id_c564eba6" ON "django_admin_log" ("user_id");
CREATE INDEX IF NOT EXISTS "django_session_expire_date_a5c62663" ON "django_session" ("expire_date");
CREATE INDEX IF NOT EXISTS "store_truck_details_truck_owner_id_155e372c" ON "store_truck_details" ("truck_owner_id");
CREATE INDEX IF NOT EXISTS "transactions_request_edit_builty_id_17f4ac6b" ON "transactions_request_edit" ("builty_id");
CREATE INDEX IF NOT EXISTS "transactions_request_edit_user_id_296a97e5" ON "transactions_request_edit" ("user_id");
CREATE INDEX IF NOT EXISTS "transactions_ack_builty_id_e9cf4eb9" ON "transactions_ack" ("builty_id");
CREATE INDEX IF NOT EXISTS "store_rate_to_station_id_71b5e0d1" ON "store_rate" ("to_station_id");
CREATE INDEX IF NOT EXISTS "store_rate_from_station_id_cf4de4c2" ON "store_rate" ("from_station_id");
CREATE INDEX IF NOT EXISTS "store_district_office_location_id_def88825" ON "store_district" ("office_location_id");
CREATE INDEX IF NOT EXISTS "users_user_company_id_14799323" ON "users_user" ("company_id");
CREATE INDEX IF NOT EXISTS "users_user_office_location_id_9bf9b0fd" ON "users_user" ("office_location_id");
CREATE INDEX IF NOT EXISTS "store_article_company_name_id_236802e6" ON "store_article" ("company_name_id");
CREATE INDEX IF NOT EXISTS "store_article_consignor_id_170c72fc" ON "store_article" ("consignor_id");
CREATE INDEX IF NOT EXISTS "store_article_office_location_id_216b5e85" ON "store_article" ("office_location_id");
CREATE INDEX IF NOT EXISTS "store_consignor_company_id_9fdf29a0" ON "store_consignor" ("company_id");
CREATE INDEX IF NOT EXISTS "store_consignor_office_location_id_709e205e" ON "store_consignor" ("office_location_id");
CREATE INDEX IF NOT EXISTS "store_onaccount_company_id_8283503d" ON "store_onaccount" ("company_id");
CREATE INDEX IF NOT EXISTS "store_onaccount_office_location_id_d8877177" ON "store_onaccount" ("office_location_id");
CREATE INDEX IF NOT EXISTS "store_station_taluka_id_51032d3b" ON "store_station" ("taluka_id");
CREATE INDEX IF NOT EXISTS "store_station_office_location_id_cc8d1da0" ON "store_station" ("office_location_id");
CREATE INDEX IF NOT EXISTS "store_taluka_district_id_63ffbdb2" ON "store_taluka" ("district_id");
CREATE INDEX IF NOT EXISTS "store_taluka_office_location_id_5a2300b5" ON "store_taluka" ("office_location_id");
CREATE INDEX IF NOT EXISTS "store_from_station_office_location_id_f8e96d27" ON "store_from_station" ("office_location_id");
CREATE INDEX IF NOT EXISTS "store_from_station_taluka_id_b0acd45a" ON "store_from_station" ("taluka_id");
CREATE INDEX IF NOT EXISTS "transactions_builty_article_id_9ef4500b" ON "transactions_builty" ("article_id");
CREATE INDEX IF NOT EXISTS "transactions_builty_company_id_e5faf59d" ON "transactions_builty" ("company_id");
CREATE INDEX IF NOT EXISTS "transactions_builty_consignor_id_abafe990" ON "transactions_builty" ("consignor_id");
CREATE INDEX IF NOT EXISTS "transactions_builty_district_id_32c090e4" ON "transactions_builty" ("district_id");
CREATE INDEX IF NOT EXISTS "transactions_builty_onaccount_id_35cc36f3" ON "transactions_builty" ("onaccount_id");
CREATE INDEX IF NOT EXISTS "transactions_builty_petrol_pump_id_9922ae78" ON "transactions_builty" ("petrol_pump_id");
CREATE INDEX IF NOT EXISTS "transactions_builty_station_to_id_8018ef07" ON "transactions_builty" ("station_to_id");
CREATE INDEX IF NOT EXISTS "transactions_builty_taluka_id_3af43376" ON "transactions_builty" ("taluka_id");
CREATE INDEX IF NOT EXISTS "transactions_builty_truck_details_id_7724d30a" ON "transactions_builty" ("truck_details_id");
CREATE INDEX IF NOT EXISTS "transactions_builty_truck_owner_id_74656a52" ON "transactions_builty" ("truck_owner_id");
CREATE INDEX IF NOT EXISTS "transactions_builty_user_id_82211060" ON "transactions_builty" ("user_id");
CREATE INDEX IF NOT EXISTS "transactions_builty_station_from_id_0fc95978" ON "transactions_builty" ("station_from_id");
CREATE TABLE IF NOT EXISTS "store_taluka" ("id" integer NOT NULL PRIMARY KEY AUTOINCREMENT, "name" varchar(120) NOT NULL UNIQUE, "district_id" bigint NOT NULL REFERENCES "store_district" ("id") DEFERRABLE INITIALLY DEFERRED, "office_location_id" bigint NULL REFERENCES "store_office_location" ("id") DEFERRABLE INITIALLY DEFERRED);
INSERT INTO "store_taluka" VALUES(1,'TELHARA',1,1);
INSERT INTO "store_taluka" VALUES(2,'AKOT',1,1);
INSERT INTO "store_taluka" VALUES(3,'BALAPUR',1,1);
INSERT INTO "store_taluka" VALUES(4,'PATUR',1,1);
INSERT INTO "store_taluka" VALUES(5,'BARSITAKLI',1,1);
INSERT INTO "store_taluka" VALUES(6,'MURTIZAPUR',1,1);
INSERT INTO "store_taluka" VALUES(7,'AKOLA TQ',1,1);
INSERT INTO "store_taluka" VALUES(18,'MANA',1,1);
INSERT INTO "store_taluka" VALUES(19,'KURUM',1,1);
INSERT INTO "store_taluka" VALUES(24,'PANAJ',1,1);
INSERT INTO "store_taluka" VALUES(27,'WADALI.DESHMUKH',1,1);
INSERT INTO "store_taluka" VALUES(28,'SAUNDALA',1,1);
INSERT INTO "store_taluka" VALUES(29,'DANAPUR',1,1);
INSERT INTO "store_taluka" VALUES(30,'MAHAN',1,1);
INSERT INTO "store_taluka" VALUES(35,'NIMBA',1,1);
INSERT INTO "store_taluka" VALUES(36,'HIWARKHED',1,1);
INSERT INTO "store_taluka" VALUES(37,'MALSUR',1,1);
INSERT INTO "store_taluka" VALUES(38,'BORGAON.MANJU',1,1);
INSERT INTO "store_taluka" VALUES(39,'CHOTTA.BAZAR',1,1);
INSERT INTO "store_taluka" VALUES(40,'ADGAON',1,1);
INSERT INTO "store_taluka" VALUES(41,'MIDC',1,1);
INSERT INTO "store_taluka" VALUES(43,'CHIKHALI',3,2);
INSERT INTO "store_taluka" VALUES(44,'KHAMGAON',3,2);
INSERT INTO "store_taluka" VALUES(45,'SHAHAPUR',3,2);
INSERT INTO "store_taluka" VALUES(46,'MEHKAR',3,2);
INSERT INTO "store_taluka" VALUES(47,'SINDHKEDRAJA',3,NULL);
INSERT INTO "store_taluka" VALUES(48,'DEULGAON RAJA',3,2);
INSERT INTO "store_taluka" VALUES(49,'WARWAT',3,2);
INSERT INTO "store_taluka" VALUES(50,'SHELGAON MUKUND',3,2);
INSERT INTO "store_taluka" VALUES(51,'JALGAON JAMOD',3,2);
INSERT INTO "store_taluka" VALUES(52,'HINGNEE H',1,1);
INSERT INTO "store_taluka" VALUES(53,'KAJIKHED',1,1);
INSERT INTO "store_taluka" VALUES(55,'SAKHARKHERDA',3,NULL);
INSERT INTO "store_taluka" VALUES(56,'SHEGAON',3,2);
INSERT INTO "store_taluka" VALUES(57,'MALKAPUR',3,2);
INSERT INTO "store_taluka" VALUES(58,'NANDURA',3,2);
INSERT INTO "store_taluka" VALUES(59,'DAHAD',3,NULL);
INSERT INTO "store_taluka" VALUES(60,'CHANDOL',3,2);
INSERT INTO "store_taluka" VALUES(61,'MOTALA',3,2);
INSERT INTO "store_taluka" VALUES(62,'SAKARKHERDA',3,2);
INSERT INTO "store_taluka" VALUES(63,'MANASGAON',3,2);
INSERT INTO "store_taluka" VALUES(64,'JAMOD',3,2);
INSERT INTO "store_taluka" VALUES(65,'KHAMGAON JAMOD',3,2);
INSERT INTO "store_taluka" VALUES(66,'KHAMGAON TQ',3,2);
INSERT INTO "store_taluka" VALUES(67,'DONGAON',3,2);
INSERT INTO "store_taluka" VALUES(68,'DEULGAON MAHI',3,2);
INSERT INTO "store_taluka" VALUES(69,'MERA BUJURG',3,NULL);
INSERT INTO "store_taluka" VALUES(70,'DHAMANGAON BADE',3,2);
INSERT INTO "store_taluka" VALUES(71,'DASARKHED',3,2);
INSERT INTO "store_taluka" VALUES(72,'BULDHANA',3,2);
INSERT INTO "store_taluka" VALUES(73,'LAKHANWADA',3,2);
INSERT INTO "store_taluka" VALUES(74,'SANGRAMPUR',3,2);
INSERT INTO "store_taluka" VALUES(75,'DHAD',3,2);
INSERT INTO "store_taluka" VALUES(76,'MERA BUZRUK',3,2);
INSERT INTO "store_taluka" VALUES(77,'LONAR',3,2);
INSERT INTO "store_taluka" VALUES(78,'SINDKHED RAJA',3,2);
INSERT INTO "store_taluka" VALUES(79,'JIGAON',3,2);
INSERT INTO "store_taluka" VALUES(80,'SHEMBA',3,2);
INSERT INTO "store_taluka" VALUES(81,'PINJAR',1,1);
INSERT INTO "store_taluka" VALUES(82,'MAHALUNGI',3,2);
INSERT INTO "store_taluka" VALUES(83,'PIMPRI GAWALI',3,2);
INSERT INTO "store_taluka" VALUES(84,'pimpri gawali',3,2);
INSERT INTO "store_taluka" VALUES(85,'JAMTHI',3,2);
INSERT INTO "store_taluka" VALUES(86,'HIWRA ASHRAM',3,2);
INSERT INTO "store_taluka" VALUES(89,'AKOLA',9,5);
INSERT INTO "store_taluka" VALUES(90,'TELHARA-D',9,5);
INSERT INTO "store_taluka" VALUES(91,'AKOLA-D',9,5);
INSERT INTO "store_taluka" VALUES(92,'ADGAON RAHER',1,1);
INSERT INTO "store_taluka" VALUES(93,'BALAPUR-D',9,5);
INSERT INTO "store_taluka" VALUES(94,'WADEGAON-D',9,5);
INSERT INTO "store_taluka" VALUES(95,'MURTIZAPUR-D',9,5);
INSERT INTO "store_taluka" VALUES(96,'KHAMGAON-D',8,5);
INSERT INTO "store_taluka" VALUES(97,'RISOD-D',7,5);
INSERT INTO "store_taluka" VALUES(98,'BARSHITAKLI-D',9,5);
INSERT INTO "store_taluka" VALUES(99,'MANGRULPIR-D',7,5);
INSERT INTO "store_taluka" VALUES(100,'PATUR-D',9,5);
INSERT INTO "store_taluka" VALUES(101,'MANORA-D',7,5);
INSERT INTO "store_taluka" VALUES(102,'KARANJA-D',7,5);
INSERT INTO "store_taluka" VALUES(103,'CHIKHLI-D',8,5);
INSERT INTO "store_taluka" VALUES(104,'AKOT-D',9,5);
INSERT INTO "store_taluka" VALUES(105,'ANSING-D',7,5);
INSERT INTO "store_taluka" VALUES(106,'SINDHKHEDRAJA-D',8,5);
INSERT INTO "store_taluka" VALUES(107,'MALEGAON',7,5);
INSERT INTO "store_taluka" VALUES(108,'WASHIM-D',7,5);
CREATE UNIQUE INDEX "django_content_type_app_label_model_76bd3d3b_uniq" ON "django_content_type" ("app_label", "model");
CREATE UNIQUE INDEX "auth_group_permissions_group_id_permission_id_0cd325b0_uniq" ON "auth_group_permissions" ("group_id", "permission_id");
CREATE INDEX IF NOT EXISTS "auth_group_permissions_group_id_b120cbf9" ON "auth_group_permissions" ("group_id");
CREATE INDEX IF NOT EXISTS "auth_group_permissions_permission_id_84c5c92e" ON "auth_group_permissions" ("permission_id");
CREATE UNIQUE INDEX "auth_permission_content_type_id_codename_01ab375a_uniq" ON "auth_permission" ("content_type_id", "codename");
CREATE INDEX IF NOT EXISTS "auth_permission_content_type_id_2f476e4b" ON "auth_permission" ("content_type_id");
CREATE UNIQUE INDEX "users_user_groups_user_id_group_id_b88eab82_uniq" ON "users_user_groups" ("user_id", "group_id");
CREATE INDEX IF NOT EXISTS "users_user_groups_user_id_5f6f5a90" ON "users_user_groups" ("user_id");
CREATE INDEX IF NOT EXISTS "users_user_groups_group_id_9afc8d0e" ON "users_user_groups" ("group_id");
CREATE UNIQUE INDEX "users_user_user_permissions_user_id_permission_id_43338c45_uniq" ON "users_user_user_permissions" ("user_id", "permission_id");
CREATE INDEX IF NOT EXISTS "users_user_user_permissions_user_id_20aca447" ON "users_user_user_permissions" ("user_id");
CREATE INDEX IF NOT EXISTS "users_user_user_permissions_permission_id_0b93982e" ON "users_user_user_permissions" ("permission_id");
CREATE INDEX IF NOT EXISTS "django_admin_log_content_type_id_c4bce8eb" ON "django_admin_log" ("content_type_id");
CREATE INDEX IF NOT EXISTS "django_admin_log_user_id_c564eba6" ON "django_admin_log" ("user_id");
CREATE INDEX IF NOT EXISTS "django_session_expire_date_a5c62663" ON "django_session" ("expire_date");
CREATE INDEX IF NOT EXISTS "store_truck_details_truck_owner_id_155e372c" ON "store_truck_details" ("truck_owner_id");
CREATE INDEX IF NOT EXISTS "transactions_request_edit_builty_id_17f4ac6b" ON "transactions_request_edit" ("builty_id");
CREATE INDEX IF NOT EXISTS "transactions_request_edit_user_id_296a97e5" ON "transactions_request_edit" ("user_id");
CREATE INDEX IF NOT EXISTS "transactions_ack_builty_id_e9cf4eb9" ON "transactions_ack" ("builty_id");
CREATE INDEX IF NOT EXISTS "store_rate_to_station_id_71b5e0d1" ON "store_rate" ("to_station_id");
CREATE INDEX IF NOT EXISTS "store_rate_from_station_id_cf4de4c2" ON "store_rate" ("from_station_id");
CREATE INDEX IF NOT EXISTS "store_district_office_location_id_def88825" ON "store_district" ("office_location_id");
CREATE INDEX IF NOT EXISTS "users_user_company_id_14799323" ON "users_user" ("company_id");
CREATE INDEX IF NOT EXISTS "users_user_office_location_id_9bf9b0fd" ON "users_user" ("office_location_id");
CREATE INDEX IF NOT EXISTS "store_article_company_name_id_236802e6" ON "store_article" ("company_name_id");
CREATE INDEX IF NOT EXISTS "store_article_consignor_id_170c72fc" ON "store_article" ("consignor_id");
CREATE INDEX IF NOT EXISTS "store_article_office_location_id_216b5e85" ON "store_article" ("office_location_id");
CREATE INDEX IF NOT EXISTS "store_consignor_company_id_9fdf29a0" ON "store_consignor" ("company_id");
CREATE INDEX IF NOT EXISTS "store_consignor_office_location_id_709e205e" ON "store_consignor" ("office_location_id");
CREATE INDEX IF NOT EXISTS "store_onaccount_company_id_8283503d" ON "store_onaccount" ("company_id");
CREATE INDEX IF NOT EXISTS "store_onaccount_office_location_id_d8877177" ON "store_onaccount" ("office_location_id");
CREATE INDEX IF NOT EXISTS "store_station_taluka_id_51032d3b" ON "store_station" ("taluka_id");
CREATE INDEX IF NOT EXISTS "store_station_office_location_id_cc8d1da0" ON "store_station" ("office_location_id");
CREATE INDEX IF NOT EXISTS "store_taluka_district_id_63ffbdb2" ON "store_taluka" ("district_id");
CREATE INDEX IF NOT EXISTS "store_taluka_office_location_id_5a2300b5" ON "store_taluka" ("office_location_id");
CREATE INDEX IF NOT EXISTS "store_from_station_office_location_id_f8e96d27" ON "store_from_station" ("office_location_id");
CREATE INDEX IF NOT EXISTS "store_from_station_taluka_id_b0acd45a" ON "store_from_station" ("taluka_id");
CREATE INDEX IF NOT EXISTS "transactions_builty_article_id_9ef4500b" ON "transactions_builty" ("article_id");
CREATE INDEX IF NOT EXISTS "transactions_builty_company_id_e5faf59d" ON "transactions_builty" ("company_id");
CREATE INDEX IF NOT EXISTS "transactions_builty_consignor_id_abafe990" ON "transactions_builty" ("consignor_id");
CREATE INDEX IF NOT EXISTS "transactions_builty_district_id_32c090e4" ON "transactions_builty" ("district_id");
CREATE INDEX IF NOT EXISTS "transactions_builty_onaccount_id_35cc36f3" ON "transactions_builty" ("onaccount_id");
CREATE INDEX IF NOT EXISTS "transactions_builty_petrol_pump_id_9922ae78" ON "transactions_builty" ("petrol_pump_id");
CREATE INDEX IF NOT EXISTS "transactions_builty_station_to_id_8018ef07" ON "transactions_builty" ("station_to_id");
CREATE INDEX IF NOT EXISTS "transactions_builty_taluka_id_3af43376" ON "transactions_builty" ("taluka_id");
CREATE INDEX IF NOT EXISTS "transactions_builty_truck_details_id_7724d30a" ON "transactions_builty" ("truck_details_id");
CREATE INDEX IF NOT EXISTS "transactions_builty_truck_owner_id_74656a52" ON "transactions_builty" ("truck_owner_id");
CREATE INDEX IF NOT EXISTS "transactions_builty_user_id_82211060" ON "transactions_builty" ("user_id");
CREATE INDEX IF NOT EXISTS "transactions_builty_station_from_id_0fc95978" ON "transactions_builty" ("station_from_id");
CREATE TABLE IF NOT EXISTS "store_truck_details" ("id" integer NOT NULL PRIMARY KEY AUTOINCREMENT, "truck_number" varchar(120) NOT NULL UNIQUE, "insurance_number" varchar(120) NULL UNIQUE, "permit_number" varchar(120) NULL UNIQUE, "puc_number" varchar(120) NULL UNIQUE, "fitness" varchar(120) NULL, "truck_owner_id" bigint NOT NULL REFERENCES "store_truck_owner" ("id") DEFERRABLE INITIALLY DEFERRED);
INSERT INTO "store_truck_details" VALUES(1,'MH30L2820',NULL,NULL,NULL,NULL,1);
INSERT INTO "store_truck_details" VALUES(2,'MH30L3745',NULL,NULL,NULL,NULL,1);
INSERT INTO "store_truck_details" VALUES(3,'MH30L4124',NULL,NULL,NULL,NULL,1);
INSERT INTO "store_truck_details" VALUES(4,'MH30L4767',NULL,NULL,NULL,NULL,1);
INSERT INTO "store_truck_details" VALUES(5,'MH30L4684',NULL,NULL,NULL,NULL,1);
INSERT INTO "store_truck_details" VALUES(6,'MH18AA1945',NULL,NULL,NULL,NULL,1);
INSERT INTO "store_truck_details" VALUES(7,'MH18AA7034',NULL,NULL,NULL,NULL,1);
INSERT INTO "store_truck_details" VALUES(8,'MH30AB1400',NULL,NULL,NULL,NULL,1);
INSERT INTO "store_truck_details" VALUES(9,'MH37J8090',NULL,NULL,NULL,NULL,1);
INSERT INTO "store_truck_details" VALUES(10,'MH30AB3075',NULL,NULL,NULL,NULL,1);
INSERT INTO "store_truck_details" VALUES(11,'MH30AB4597',NULL,NULL,NULL,NULL,1);
INSERT INTO "store_truck_details" VALUES(12,'MH30AV0646',NULL,NULL,NULL,NULL,1);
INSERT INTO "store_truck_details" VALUES(13,'MH30AV0067',NULL,NULL,NULL,NULL,1);
INSERT INTO "store_truck_details" VALUES(14,'MH40Y3464',NULL,NULL,NULL,NULL,1);
INSERT INTO "store_truck_details" VALUES(15,'MH30L0985',NULL,NULL,NULL,NULL,1);
INSERT INTO "store_truck_details" VALUES(16,'MH30L0983',NULL,NULL,NULL,NULL,1);
INSERT INTO "store_truck_details" VALUES(17,'MH30L0564',NULL,NULL,NULL,NULL,1);
INSERT INTO "store_truck_details" VALUES(18,'MH30L0563',NULL,NULL,NULL,NULL,1);
INSERT INTO "store_truck_details" VALUES(19,'MH19Z5155',NULL,NULL,NULL,NULL,2);
INSERT INTO "store_truck_details" VALUES(20,'MH30AV4099',NULL,NULL,NULL,NULL,4);
INSERT INTO "store_truck_details" VALUES(21,'MH31CQ6893',NULL,NULL,NULL,NULL,5);
INSERT INTO "store_truck_details" VALUES(22,'MH30AB2917',NULL,NULL,NULL,NULL,5);
INSERT INTO "store_truck_details" VALUES(23,'MH40CD4595',NULL,NULL,NULL,NULL,6);
INSERT INTO "store_truck_details" VALUES(24,'MH30AB2426',NULL,NULL,NULL,NULL,6);
INSERT INTO "store_truck_details" VALUES(25,'MH30AV1144',NULL,NULL,NULL,NULL,5);
INSERT INTO "store_truck_details" VALUES(26,'MH30AB2536',NULL,NULL,NULL,NULL,7);
INSERT INTO "store_truck_details" VALUES(27,'MP09HG9955',NULL,NULL,NULL,NULL,8);
INSERT INTO "store_truck_details" VALUES(28,'MH30AB1065',NULL,NULL,NULL,NULL,9);
INSERT INTO "store_truck_details" VALUES(29,'MH30BD3486',NULL,NULL,NULL,NULL,10);
INSERT INTO "store_truck_details" VALUES(30,'MH40BL1511',NULL,NULL,NULL,NULL,11);
INSERT INTO "store_truck_details" VALUES(31,'MH12EF3699',NULL,NULL,NULL,NULL,12);
INSERT INTO "store_truck_details" VALUES(32,'MH31CQ4993',NULL,NULL,NULL,NULL,13);
INSERT INTO "store_truck_details" VALUES(33,'TS15UA2466',NULL,NULL,NULL,NULL,14);
INSERT INTO "store_truck_details" VALUES(34,'MH27X1245',NULL,NULL,NULL,NULL,15);
INSERT INTO "store_truck_details" VALUES(35,'MH04CU7457',NULL,NULL,NULL,NULL,14);
INSERT INTO "store_truck_details" VALUES(36,'MH40N4457',NULL,NULL,NULL,NULL,5);
INSERT INTO "store_truck_details" VALUES(37,'MH30AB0691',NULL,NULL,NULL,NULL,16);
INSERT INTO "store_truck_details" VALUES(38,'MH30AB4099',NULL,NULL,NULL,NULL,4);
INSERT INTO "store_truck_details" VALUES(39,'MH27BX6317',NULL,NULL,NULL,NULL,17);
INSERT INTO "store_truck_details" VALUES(40,'MH30AV1122',NULL,NULL,NULL,NULL,18);
INSERT INTO "store_truck_details" VALUES(41,'MH30BD9927',NULL,NULL,NULL,NULL,18);
INSERT INTO "store_truck_details" VALUES(42,'MH27C0927',NULL,NULL,NULL,NULL,18);
INSERT INTO "store_truck_details" VALUES(43,'MH28B8558',NULL,NULL,NULL,NULL,18);
INSERT INTO "store_truck_details" VALUES(44,'MH19 Z 7896',NULL,NULL,NULL,NULL,19);
INSERT INTO "store_truck_details" VALUES(45,'MH30L1190',NULL,NULL,NULL,NULL,22);
INSERT INTO "store_truck_details" VALUES(46,'MH31CB6716',NULL,NULL,NULL,NULL,23);
INSERT INTO "store_truck_details" VALUES(47,'MH04FP0619',NULL,NULL,NULL,NULL,24);
INSERT INTO "store_truck_details" VALUES(48,'MH28 BB 3497',NULL,NULL,NULL,NULL,25);
INSERT INTO "store_truck_details" VALUES(49,'MH30 AB 0963',NULL,NULL,NULL,NULL,26);
INSERT INTO "store_truck_details" VALUES(50,'MP09 HG 4778',NULL,NULL,NULL,NULL,31);
INSERT INTO "store_truck_details" VALUES(51,'MH19 CY 6260',NULL,NULL,NULL,NULL,31);
INSERT INTO "store_truck_details" VALUES(52,'MH28AB8900',NULL,NULL,NULL,NULL,32);
INSERT INTO "store_truck_details" VALUES(53,'MH13R3937',NULL,NULL,NULL,NULL,33);
INSERT INTO "store_truck_details" VALUES(54,'MH30BD0694',NULL,NULL,NULL,NULL,17);
INSERT INTO "store_truck_details" VALUES(55,'MH31CB2571',NULL,NULL,NULL,NULL,34);
INSERT INTO "store_truck_details" VALUES(56,'MH04F3851',NULL,NULL,NULL,NULL,35);
INSERT INTO "store_truck_details" VALUES(57,'MH19Z3476',NULL,NULL,NULL,NULL,36);
INSERT INTO "store_truck_details" VALUES(58,'MH27BX1149',NULL,NULL,NULL,NULL,37);
INSERT INTO "store_truck_details" VALUES(59,'MH19CY8389',NULL,NULL,NULL,NULL,38);
INSERT INTO "store_truck_details" VALUES(60,'MH04CP9012',NULL,NULL,NULL,NULL,39);
INSERT INTO "store_truck_details" VALUES(61,'MH28BB9100',NULL,NULL,NULL,NULL,32);
INSERT INTO "store_truck_details" VALUES(62,'MH04FD0854',NULL,NULL,NULL,NULL,40);
INSERT INTO "store_truck_details" VALUES(63,'MH28BB2045',NULL,NULL,NULL,NULL,41);
INSERT INTO "store_truck_details" VALUES(64,'MH28BB3845',NULL,NULL,NULL,NULL,42);
INSERT INTO "store_truck_details" VALUES(65,'MH28AB7433',NULL,NULL,NULL,NULL,42);
INSERT INTO "store_truck_details" VALUES(66,'MH32B9333',NULL,NULL,NULL,NULL,43);
INSERT INTO "store_truck_details" VALUES(67,'MH04FU0787',NULL,NULL,NULL,NULL,44);
INSERT INTO "store_truck_details" VALUES(68,'MH17T8808',NULL,NULL,NULL,NULL,45);
INSERT INTO "store_truck_details" VALUES(69,'MH26AD0992',NULL,NULL,NULL,NULL,46);
INSERT INTO "store_truck_details" VALUES(70,'MH40BG5035',NULL,NULL,NULL,NULL,47);
INSERT INTO "store_truck_details" VALUES(71,'MH28B6440',NULL,NULL,NULL,NULL,49);
INSERT INTO "store_truck_details" VALUES(72,'MH28B6441',NULL,NULL,NULL,NULL,49);
INSERT INTO "store_truck_details" VALUES(73,'MH04DR4185',NULL,NULL,NULL,NULL,50);
INSERT INTO "store_truck_details" VALUES(74,'MH40Y8734',NULL,NULL,NULL,NULL,51);
INSERT INTO "store_truck_details" VALUES(75,'MH28BT2130',NULL,NULL,NULL,NULL,52);
INSERT INTO "store_truck_details" VALUES(76,'MH04FP6251',NULL,NULL,NULL,NULL,53);
INSERT INTO "store_truck_details" VALUES(77,'MH38D0967',NULL,NULL,NULL,NULL,54);
INSERT INTO "store_truck_details" VALUES(78,'MH15FE7723',NULL,NULL,NULL,NULL,55);
INSERT INTO "store_truck_details" VALUES(79,'MH19 Z 4812',NULL,NULL,NULL,NULL,47);
INSERT INTO "store_truck_details" VALUES(80,'MH37B2129',NULL,NULL,NULL,NULL,56);
INSERT INTO "store_truck_details" VALUES(81,'MH04 DS 4589',NULL,NULL,NULL,NULL,3);
INSERT INTO "store_truck_details" VALUES(82,'MH43FU8148',NULL,NULL,NULL,NULL,50);
INSERT INTO "store_truck_details" VALUES(83,'MH04CP3619',NULL,NULL,NULL,NULL,57);
INSERT INTO "store_truck_details" VALUES(84,'MH28B8967',NULL,NULL,NULL,NULL,50);
INSERT INTO "store_truck_details" VALUES(85,'MH21X2911',NULL,NULL,NULL,NULL,58);
INSERT INTO "store_truck_details" VALUES(86,'MH48T8112',NULL,NULL,NULL,NULL,59);
INSERT INTO "store_truck_details" VALUES(87,'MH49AT9473',NULL,NULL,NULL,NULL,60);
INSERT INTO "store_truck_details" VALUES(88,'MH30AV1213',NULL,NULL,NULL,NULL,61);
INSERT INTO "store_truck_details" VALUES(89,'MH40BL9390',NULL,NULL,NULL,NULL,62);
INSERT INTO "store_truck_details" VALUES(90,'MH30BD5538',NULL,NULL,NULL,NULL,17);
INSERT INTO "store_truck_details" VALUES(91,'MH30AV1247',NULL,NULL,NULL,NULL,63);
INSERT INTO "store_truck_details" VALUES(92,'MH28B8744',NULL,NULL,NULL,NULL,32);
INSERT INTO "store_truck_details" VALUES(93,'MH28BB9200',NULL,NULL,NULL,NULL,32);
INSERT INTO "store_truck_details" VALUES(94,'MH28BB5565',NULL,NULL,NULL,NULL,64);
INSERT INTO "store_truck_details" VALUES(95,'MH04EY4527',NULL,NULL,NULL,NULL,65);
INSERT INTO "store_truck_details" VALUES(96,'MH40N7789',NULL,NULL,NULL,NULL,66);
INSERT INTO "store_truck_details" VALUES(97,'MH20CT0451',NULL,NULL,NULL,NULL,67);
INSERT INTO "store_truck_details" VALUES(98,'MH21X1404',NULL,NULL,NULL,NULL,2);
INSERT INTO "store_truck_details" VALUES(99,'MH31CB0512',NULL,NULL,NULL,NULL,68);
INSERT INTO "store_truck_details" VALUES(100,'MH43U8813',NULL,NULL,NULL,NULL,69);
INSERT INTO "store_truck_details" VALUES(101,'MH29T1744',NULL,NULL,NULL,NULL,71);
INSERT INTO "store_truck_details" VALUES(102,'MH19Z4276',NULL,NULL,NULL,NULL,72);
INSERT INTO "store_truck_details" VALUES(103,'MH04EY9461',NULL,NULL,NULL,NULL,39);
INSERT INTO "store_truck_details" VALUES(104,'MH20BT0320',NULL,NULL,NULL,NULL,2);
INSERT INTO "store_truck_details" VALUES(105,'MH30AV0177',NULL,NULL,NULL,NULL,73);
INSERT INTO "store_truck_details" VALUES(106,'MH20DE7327',NULL,NULL,NULL,NULL,74);
INSERT INTO "store_truck_details" VALUES(107,'MH28AB7032',NULL,NULL,NULL,NULL,75);
INSERT INTO "store_truck_details" VALUES(108,'MH37B1721',NULL,NULL,NULL,NULL,76);
INSERT INTO "store_truck_details" VALUES(109,'MH28B8864',NULL,NULL,NULL,NULL,77);
INSERT INTO "store_truck_details" VALUES(110,'MH20DE1378',NULL,NULL,NULL,NULL,78);
INSERT INTO "store_truck_details" VALUES(111,'MH21AB3323',NULL,NULL,NULL,NULL,79);
INSERT INTO "store_truck_details" VALUES(112,'MH04DK7213',NULL,NULL,NULL,NULL,80);
INSERT INTO "store_truck_details" VALUES(113,'MH30L2444',NULL,NULL,NULL,NULL,81);
INSERT INTO "store_truck_details" VALUES(114,'MH28AB7865',NULL,NULL,NULL,NULL,82);
INSERT INTO "store_truck_details" VALUES(115,'MH31CQ3056',NULL,NULL,NULL,NULL,83);
INSERT INTO "store_truck_details" VALUES(116,'MH28AB7667',NULL,NULL,NULL,NULL,84);
INSERT INTO "store_truck_details" VALUES(117,'MH40Y8435',NULL,NULL,NULL,NULL,86);
INSERT INTO "store_truck_details" VALUES(118,'MH19Z4947',NULL,NULL,NULL,NULL,87);
INSERT INTO "store_truck_details" VALUES(119,'MH28BB0677',NULL,NULL,NULL,NULL,88);
INSERT INTO "store_truck_details" VALUES(120,'MH28BB4616',NULL,NULL,NULL,NULL,89);
INSERT INTO "store_truck_details" VALUES(121,'MH28 AB 8158',NULL,NULL,NULL,NULL,90);
INSERT INTO "store_truck_details" VALUES(122,'NH14V4485',NULL,NULL,NULL,NULL,91);
INSERT INTO "store_truck_details" VALUES(123,'MH18 AA 9926',NULL,NULL,NULL,NULL,92);
INSERT INTO "store_truck_details" VALUES(124,'MH40CD6226',NULL,NULL,NULL,NULL,93);
INSERT INTO "store_truck_details" VALUES(125,'MH28B8913',NULL,NULL,NULL,NULL,94);
INSERT INTO "store_truck_details" VALUES(126,'MH46F0036',NULL,NULL,NULL,NULL,95);
INSERT INTO "store_truck_details" VALUES(127,'MH21X9446',NULL,NULL,NULL,NULL,96);
INSERT INTO "store_truck_details" VALUES(128,'MH19Z2132',NULL,NULL,NULL,NULL,97);
INSERT INTO "store_truck_details" VALUES(129,'MH19Z0977',NULL,NULL,NULL,NULL,98);
INSERT INTO "store_truck_details" VALUES(130,'MH18AA1300',NULL,NULL,NULL,NULL,99);
INSERT INTO "store_truck_details" VALUES(131,'MH28BB8600',NULL,NULL,NULL,NULL,100);
INSERT INTO "store_truck_details" VALUES(132,'MH21X6521',NULL,NULL,NULL,NULL,101);
INSERT INTO "store_truck_details" VALUES(133,'MH27X6565',NULL,NULL,NULL,NULL,102);
INSERT INTO "store_truck_details" VALUES(134,'MH21X3499',NULL,NULL,NULL,NULL,103);
INSERT INTO "store_truck_details" VALUES(135,'MH28AB8541',NULL,NULL,NULL,NULL,104);
INSERT INTO "store_truck_details" VALUES(136,'MH26AD0392',NULL,NULL,NULL,NULL,105);
INSERT INTO "store_truck_details" VALUES(137,'MH20EG8585',NULL,NULL,NULL,NULL,106);
INSERT INTO "store_truck_details" VALUES(138,'MP09HF5048',NULL,NULL,NULL,NULL,17);
INSERT INTO "store_truck_details" VALUES(139,'MH28B7551',NULL,NULL,NULL,NULL,107);
INSERT INTO "store_truck_details" VALUES(140,'MH28B8419',NULL,NULL,NULL,NULL,50);
INSERT INTO "store_truck_details" VALUES(141,'MH28B7482',NULL,NULL,NULL,NULL,39);
INSERT INTO "store_truck_details" VALUES(142,'MH28AB7765',NULL,NULL,NULL,NULL,109);
INSERT INTO "store_truck_details" VALUES(143,'MH28AB7155',NULL,NULL,NULL,NULL,110);
INSERT INTO "store_truck_details" VALUES(144,'MP09HG0368',NULL,NULL,NULL,NULL,110);
INSERT INTO "store_truck_details" VALUES(145,'MH29T7150',NULL,NULL,NULL,NULL,111);
INSERT INTO "store_truck_details" VALUES(146,'MH37T1626',NULL,NULL,NULL,NULL,112);
INSERT INTO "store_truck_details" VALUES(147,'MH40AK0697',NULL,NULL,NULL,NULL,113);
INSERT INTO "store_truck_details" VALUES(148,'MH18AA0771',NULL,NULL,NULL,NULL,114);
INSERT INTO "store_truck_details" VALUES(149,'MH361929',NULL,NULL,NULL,NULL,115);
INSERT INTO "store_truck_details" VALUES(150,'MH18AA0559',NULL,NULL,NULL,NULL,116);
INSERT INTO "store_truck_details" VALUES(151,'MH37T2324',NULL,NULL,NULL,NULL,118);
INSERT INTO "store_truck_details" VALUES(152,'MH34BZ6426',NULL,NULL,NULL,NULL,119);
INSERT INTO "store_truck_details" VALUES(153,'MH37T0675',NULL,NULL,NULL,NULL,120);
INSERT INTO "store_truck_details" VALUES(154,'MH40CD6292',NULL,NULL,NULL,NULL,121);
INSERT INTO "store_truck_details" VALUES(155,'MH40BL3133',NULL,NULL,NULL,NULL,122);
INSERT INTO "store_truck_details" VALUES(156,'MH30AB0397',NULL,NULL,NULL,NULL,123);
INSERT INTO "store_truck_details" VALUES(157,'MH30AB2204',NULL,NULL,NULL,NULL,124);
INSERT INTO "store_truck_details" VALUES(158,'MH34AB2111',NULL,NULL,NULL,NULL,125);
INSERT INTO "store_truck_details" VALUES(159,'MH19Z3266',NULL,NULL,NULL,NULL,126);
INSERT INTO "store_truck_details" VALUES(160,'MH40BL5784',NULL,NULL,NULL,NULL,127);
INSERT INTO "store_truck_details" VALUES(161,'MH37T0698',NULL,NULL,NULL,NULL,128);
INSERT INTO "store_truck_details" VALUES(162,'MH15BJ2596',NULL,NULL,NULL,NULL,129);
INSERT INTO "store_truck_details" VALUES(163,'MH19Z5056',NULL,NULL,NULL,NULL,130);
INSERT INTO "store_truck_details" VALUES(164,'MH37T2547',NULL,NULL,NULL,NULL,132);
INSERT INTO "store_truck_details" VALUES(165,'MH37J5151',NULL,NULL,NULL,NULL,133);
INSERT INTO "store_truck_details" VALUES(166,'MH37T0753',NULL,NULL,NULL,NULL,134);
INSERT INTO "store_truck_details" VALUES(167,'MH37T2425',NULL,NULL,NULL,NULL,118);
INSERT INTO "store_truck_details" VALUES(168,'MH29T1687',NULL,NULL,NULL,NULL,135);
INSERT INTO "store_truck_details" VALUES(169,'MH37J1212',NULL,NULL,NULL,NULL,132);
INSERT INTO "store_truck_details" VALUES(170,'MH37T0517',NULL,NULL,NULL,NULL,136);
INSERT INTO "store_truck_details" VALUES(171,'MH37B1340',NULL,NULL,NULL,NULL,137);
INSERT INTO "store_truck_details" VALUES(172,'MH43AD5989',NULL,NULL,NULL,NULL,138);
INSERT INTO "store_truck_details" VALUES(173,'MH28AB9444',NULL,NULL,NULL,NULL,139);
INSERT INTO "store_truck_details" VALUES(174,'MH21X3313',NULL,NULL,NULL,NULL,140);
INSERT INTO "store_truck_details" VALUES(175,'MH21X4286',NULL,NULL,NULL,NULL,141);
INSERT INTO "store_truck_details" VALUES(176,'MH04GC9592',NULL,NULL,NULL,NULL,142);
INSERT INTO "store_truck_details" VALUES(177,'MH27C0705',NULL,NULL,NULL,NULL,143);
INSERT INTO "store_truck_details" VALUES(178,'MH04EB6048',NULL,NULL,NULL,NULL,144);
INSERT INTO "store_truck_details" VALUES(179,'MH04EL6533',NULL,NULL,NULL,NULL,145);
INSERT INTO "store_truck_details" VALUES(180,'MH18BA8724',NULL,NULL,NULL,NULL,146);
INSERT INTO "store_truck_details" VALUES(181,'MH15EG3027',NULL,NULL,NULL,NULL,147);
INSERT INTO "store_truck_details" VALUES(182,'MH12CH2320',NULL,NULL,NULL,NULL,148);
INSERT INTO "store_truck_details" VALUES(183,'MP09HG4778',NULL,NULL,NULL,NULL,149);
INSERT INTO "store_truck_details" VALUES(184,'MH04EL2995',NULL,NULL,NULL,NULL,154);
INSERT INTO "store_truck_details" VALUES(185,'MH19Z4159',NULL,NULL,NULL,NULL,155);
INSERT INTO "store_truck_details" VALUES(186,'MH28AB7099',NULL,NULL,NULL,NULL,156);
INSERT INTO "store_truck_details" VALUES(187,'MH28B8632',NULL,NULL,NULL,NULL,157);
INSERT INTO "store_truck_details" VALUES(188,'MH28B7849',NULL,NULL,NULL,NULL,158);
INSERT INTO "store_truck_details" VALUES(189,'MH18M2396',NULL,NULL,NULL,NULL,159);
INSERT INTO "store_truck_details" VALUES(190,'MH28B6443',NULL,NULL,NULL,NULL,160);
INSERT INTO "store_truck_details" VALUES(191,'MH43Y0959',NULL,NULL,NULL,NULL,161);
INSERT INTO "store_truck_details" VALUES(192,'MH18BA7824',NULL,NULL,NULL,NULL,162);
INSERT INTO "store_truck_details" VALUES(193,'MH19Z9700',NULL,NULL,NULL,NULL,163);
INSERT INTO "store_truck_details" VALUES(194,'MH30AB4697',NULL,NULL,NULL,NULL,60);
INSERT INTO "store_truck_details" VALUES(195,'MA30AV1259',NULL,NULL,NULL,NULL,164);
INSERT INTO "store_truck_details" VALUES(196,'MH22N1263',NULL,NULL,NULL,NULL,165);
INSERT INTO "store_truck_details" VALUES(197,'MH30AV1260',NULL,NULL,NULL,NULL,5);
INSERT INTO "store_truck_details" VALUES(198,'MH28BB5271',NULL,NULL,NULL,NULL,166);
INSERT INTO "store_truck_details" VALUES(199,'MH40N8977',NULL,NULL,NULL,NULL,167);
INSERT INTO "store_truck_details" VALUES(200,'MH12AQ6852',NULL,NULL,NULL,NULL,45);
INSERT INTO "store_truck_details" VALUES(201,'MH19Z3718',NULL,NULL,NULL,NULL,168);
INSERT INTO "store_truck_details" VALUES(202,'MH28B7719',NULL,NULL,NULL,NULL,169);
INSERT INTO "store_truck_details" VALUES(203,'MH34M6914',NULL,NULL,NULL,NULL,170);
INSERT INTO "store_truck_details" VALUES(204,'MH40BL2278',NULL,NULL,NULL,NULL,170);
INSERT INTO "store_truck_details" VALUES(205,'MH30BD3112',NULL,NULL,NULL,NULL,60);
INSERT INTO "store_truck_details" VALUES(206,'MH19Z4466',NULL,NULL,NULL,NULL,171);
INSERT INTO "store_truck_details" VALUES(207,'MH19Z4714',NULL,NULL,NULL,NULL,172);
INSERT INTO "store_truck_details" VALUES(208,'MH18AA1528',NULL,NULL,NULL,NULL,174);
INSERT INTO "store_truck_details" VALUES(209,'MH41G6953',NULL,NULL,NULL,NULL,2);
INSERT INTO "store_truck_details" VALUES(210,'MH40BZ8961',NULL,NULL,NULL,NULL,185);
INSERT INTO "store_truck_details" VALUES(211,'MH40 CD 8080',NULL,NULL,NULL,NULL,186);
INSERT INTO "store_truck_details" VALUES(212,'MH18BA0611',NULL,NULL,NULL,NULL,187);
INSERT INTO "store_truck_details" VALUES(213,'MH19CY4181',NULL,NULL,NULL,NULL,188);
INSERT INTO "store_truck_details" VALUES(214,'MH04DK5009',NULL,NULL,NULL,NULL,189);
INSERT INTO "store_truck_details" VALUES(215,'MH28 B 7456',NULL,NULL,NULL,NULL,190);
INSERT INTO "store_truck_details" VALUES(216,'MH04DK5368',NULL,NULL,NULL,NULL,191);
INSERT INTO "store_truck_details" VALUES(217,'MH04FP4475',NULL,NULL,NULL,NULL,192);
INSERT INTO "store_truck_details" VALUES(218,'MH28B8179',NULL,NULL,NULL,NULL,193);
INSERT INTO "store_truck_details" VALUES(219,'MP09HG7531',NULL,NULL,NULL,NULL,194);
INSERT INTO "store_truck_details" VALUES(220,'MH46F1114',NULL,NULL,NULL,NULL,195);
INSERT INTO "store_truck_details" VALUES(221,'MH19Z0552',NULL,NULL,NULL,NULL,196);
INSERT INTO "store_truck_details" VALUES(222,'MHH28BB6111',NULL,NULL,NULL,NULL,197);
INSERT INTO "store_truck_details" VALUES(223,'MH30AB4186',NULL,NULL,NULL,NULL,198);
INSERT INTO "store_truck_details" VALUES(224,'MH18AG8585',NULL,NULL,NULL,NULL,199);
INSERT INTO "store_truck_details" VALUES(225,'MH01L0149',NULL,NULL,NULL,NULL,200);
INSERT INTO "store_truck_details" VALUES(226,'MH30BD0231',NULL,NULL,NULL,NULL,201);
INSERT INTO "store_truck_details" VALUES(227,'MH21X8616',NULL,NULL,NULL,NULL,202);
INSERT INTO "store_truck_details" VALUES(228,'MH15BJ6998',NULL,NULL,NULL,NULL,10);
INSERT INTO "store_truck_details" VALUES(229,'MH28AB8128',NULL,NULL,NULL,NULL,203);
INSERT INTO "store_truck_details" VALUES(230,'MH30BD1248',NULL,NULL,NULL,NULL,112);
INSERT INTO "store_truck_details" VALUES(231,'MH37J2055',NULL,NULL,NULL,NULL,112);
INSERT INTO "store_truck_details" VALUES(232,'MH28 AB 1496',NULL,NULL,NULL,NULL,204);
INSERT INTO "store_truck_details" VALUES(233,'MH30AB3344',NULL,NULL,NULL,NULL,205);
INSERT INTO "store_truck_details" VALUES(234,'MH28B4113',NULL,NULL,NULL,NULL,206);
INSERT INTO "store_truck_details" VALUES(235,'MH28 BB 1129',NULL,NULL,NULL,NULL,207);
INSERT INTO "store_truck_details" VALUES(236,'MH28B2494',NULL,NULL,NULL,NULL,56);
INSERT INTO "store_truck_details" VALUES(237,'MH20DT8786',NULL,NULL,NULL,NULL,208);
INSERT INTO "store_truck_details" VALUES(238,'MH40CD0782',NULL,NULL,NULL,NULL,209);
INSERT INTO "store_truck_details" VALUES(239,'MH30E5888',NULL,NULL,NULL,NULL,210);
INSERT INTO "store_truck_details" VALUES(240,'MH34BG8035',NULL,NULL,NULL,NULL,211);
INSERT INTO "store_truck_details" VALUES(241,'MH40N2700',NULL,NULL,NULL,NULL,212);
INSERT INTO "store_truck_details" VALUES(242,'MH43E7745',NULL,NULL,NULL,NULL,213);
INSERT INTO "store_truck_details" VALUES(243,'MH405232',NULL,NULL,NULL,NULL,211);
INSERT INTO "store_truck_details" VALUES(244,'MH12AQ6812',NULL,NULL,NULL,NULL,45);
INSERT INTO "store_truck_details" VALUES(245,'MH04 BU 5542',NULL,NULL,NULL,NULL,39);
INSERT INTO "store_truck_details" VALUES(246,'MH12CH2920',NULL,NULL,NULL,NULL,56);
INSERT INTO "store_truck_details" VALUES(247,'MH43Y9252',NULL,NULL,NULL,NULL,214);
CREATE UNIQUE INDEX "django_content_type_app_label_model_76bd3d3b_uniq" ON "django_content_type" ("app_label", "model");
CREATE UNIQUE INDEX "auth_group_permissions_group_id_permission_id_0cd325b0_uniq" ON "auth_group_permissions" ("group_id", "permission_id");
CREATE INDEX IF NOT EXISTS "auth_group_permissions_group_id_b120cbf9" ON "auth_group_permissions" ("group_id");
CREATE INDEX IF NOT EXISTS "auth_group_permissions_permission_id_84c5c92e" ON "auth_group_permissions" ("permission_id");
CREATE UNIQUE INDEX "auth_permission_content_type_id_codename_01ab375a_uniq" ON "auth_permission" ("content_type_id", "codename");
CREATE INDEX IF NOT EXISTS "auth_permission_content_type_id_2f476e4b" ON "auth_permission" ("content_type_id");
CREATE UNIQUE INDEX "users_user_groups_user_id_group_id_b88eab82_uniq" ON "users_user_groups" ("user_id", "group_id");
CREATE INDEX IF NOT EXISTS "users_user_groups_user_id_5f6f5a90" ON "users_user_groups" ("user_id");
CREATE INDEX IF NOT EXISTS "users_user_groups_group_id_9afc8d0e" ON "users_user_groups" ("group_id");
CREATE UNIQUE INDEX "users_user_user_permissions_user_id_permission_id_43338c45_uniq" ON "users_user_user_permissions" ("user_id", "permission_id");
CREATE INDEX IF NOT EXISTS "users_user_user_permissions_user_id_20aca447" ON "users_user_user_permissions" ("user_id");
CREATE INDEX IF NOT EXISTS "users_user_user_permissions_permission_id_0b93982e" ON "users_user_user_permissions" ("permission_id");
CREATE INDEX IF NOT EXISTS "django_admin_log_content_type_id_c4bce8eb" ON "django_admin_log" ("content_type_id");
CREATE INDEX IF NOT EXISTS "django_admin_log_user_id_c564eba6" ON "django_admin_log" ("user_id");
CREATE INDEX IF NOT EXISTS "django_session_expire_date_a5c62663" ON "django_session" ("expire_date");
CREATE INDEX IF NOT EXISTS "store_truck_details_truck_owner_id_155e372c" ON "store_truck_details" ("truck_owner_id");
CREATE INDEX IF NOT EXISTS "transactions_request_edit_builty_id_17f4ac6b" ON "transactions_request_edit" ("builty_id");
CREATE INDEX IF NOT EXISTS "transactions_request_edit_user_id_296a97e5" ON "transactions_request_edit" ("user_id");
CREATE INDEX IF NOT EXISTS "transactions_ack_builty_id_e9cf4eb9" ON "transactions_ack" ("builty_id");
CREATE INDEX IF NOT EXISTS "store_rate_to_station_id_71b5e0d1" ON "store_rate" ("to_station_id");
CREATE INDEX IF NOT EXISTS "store_rate_from_station_id_cf4de4c2" ON "store_rate" ("from_station_id");
CREATE INDEX IF NOT EXISTS "store_district_office_location_id_def88825" ON "store_district" ("office_location_id");
CREATE INDEX IF NOT EXISTS "users_user_company_id_14799323" ON "users_user" ("company_id");
CREATE INDEX IF NOT EXISTS "users_user_office_location_id_9bf9b0fd" ON "users_user" ("office_location_id");
CREATE INDEX IF NOT EXISTS "store_article_company_name_id_236802e6" ON "store_article" ("company_name_id");
CREATE INDEX IF NOT EXISTS "store_article_consignor_id_170c72fc" ON "store_article" ("consignor_id");
CREATE INDEX IF NOT EXISTS "store_article_office_location_id_216b5e85" ON "store_article" ("office_location_id");
CREATE INDEX IF NOT EXISTS "store_consignor_company_id_9fdf29a0" ON "store_consignor" ("company_id");
CREATE INDEX IF NOT EXISTS "store_consignor_office_location_id_709e205e" ON "store_consignor" ("office_location_id");
CREATE INDEX IF NOT EXISTS "store_onaccount_company_id_8283503d" ON "store_onaccount" ("company_id");
CREATE INDEX IF NOT EXISTS "store_onaccount_office_location_id_d8877177" ON "store_onaccount" ("office_location_id");
CREATE INDEX IF NOT EXISTS "store_station_taluka_id_51032d3b" ON "store_station" ("taluka_id");
CREATE INDEX IF NOT EXISTS "store_station_office_location_id_cc8d1da0" ON "store_station" ("office_location_id");
CREATE INDEX IF NOT EXISTS "store_taluka_district_id_63ffbdb2" ON "store_taluka" ("district_id");
CREATE INDEX IF NOT EXISTS "store_taluka_office_location_id_5a2300b5" ON "store_taluka" ("office_location_id");
CREATE INDEX IF NOT EXISTS "store_from_station_office_location_id_f8e96d27" ON "store_from_station" ("office_location_id");
CREATE INDEX IF NOT EXISTS "store_from_station_taluka_id_b0acd45a" ON "store_from_station" ("taluka_id");
CREATE INDEX IF NOT EXISTS "transactions_builty_article_id_9ef4500b" ON "transactions_builty" ("article_id");
CREATE INDEX IF NOT EXISTS "transactions_builty_company_id_e5faf59d" ON "transactions_builty" ("company_id");
CREATE INDEX IF NOT EXISTS "transactions_builty_consignor_id_abafe990" ON "transactions_builty" ("consignor_id");
CREATE INDEX IF NOT EXISTS "transactions_builty_district_id_32c090e4" ON "transactions_builty" ("district_id");
CREATE INDEX IF NOT EXISTS "transactions_builty_onaccount_id_35cc36f3" ON "transactions_builty" ("onaccount_id");
CREATE INDEX IF NOT EXISTS "transactions_builty_petrol_pump_id_9922ae78" ON "transactions_builty" ("petrol_pump_id");
CREATE INDEX IF NOT EXISTS "transactions_builty_station_to_id_8018ef07" ON "transactions_builty" ("station_to_id");
CREATE INDEX IF NOT EXISTS "transactions_builty_taluka_id_3af43376" ON "transactions_builty" ("taluka_id");
CREATE INDEX IF NOT EXISTS "transactions_builty_truck_details_id_7724d30a" ON "transactions_builty" ("truck_details_id");
CREATE INDEX IF NOT EXISTS "transactions_builty_truck_owner_id_74656a52" ON "transactions_builty" ("truck_owner_id");
CREATE INDEX IF NOT EXISTS "transactions_builty_user_id_82211060" ON "transactions_builty" ("user_id");
CREATE INDEX IF NOT EXISTS "transactions_builty_station_from_id_0fc95978" ON "transactions_builty" ("station_from_id");
CREATE TABLE IF NOT EXISTS "store_truck_owner" ("id" integer NOT NULL PRIMARY KEY AUTOINCREMENT, "mobile_number" integer NULL, "address" varchar(120) NULL, "bank_acc" integer NULL, "pan_card" varchar(120) NULL, "owner_name" varchar(120) NULL);
INSERT INTO "store_truck_owner" VALUES(1,1,'1',1,'1','Sahani Goods Transport');
INSERT INTO "store_truck_owner" VALUES(2,9970001366,NULL,NULL,NULL,'Shaikh Razique Shaikh Razzaque');
INSERT INTO "store_truck_owner" VALUES(3,NULL,NULL,NULL,NULL,'ratik');
INSERT INTO "store_truck_owner" VALUES(4,NULL,NULL,NULL,NULL,'VIJAY RAMESH MALUSAR');
INSERT INTO "store_truck_owner" VALUES(5,NULL,NULL,NULL,NULL,'DINESH SHALIGRAM CHANDAN');
INSERT INTO "store_truck_owner" VALUES(6,NULL,NULL,NULL,NULL,'SAYEED TANVEER SAYEED TAJUDDIN');
INSERT INTO "store_truck_owner" VALUES(7,NULL,NULL,NULL,NULL,'RIZWAN KHAN NASIR KHAN AKOLA');
INSERT INTO "store_truck_owner" VALUES(8,NULL,NULL,NULL,NULL,'WASEEM KHAN YUSUF KHAN AKOLA');
INSERT INTO "store_truck_owner" VALUES(9,NULL,NULL,NULL,NULL,'NISAR AHMAD SHABBIR AHMAD');
INSERT INTO "store_truck_owner" VALUES(10,NULL,NULL,NULL,NULL,'RUPESH SHRINATH YADAV AKOLA');
INSERT INTO "store_truck_owner" VALUES(11,NULL,NULL,NULL,NULL,'MOHAMMAD RIZWAN SHAIKH RAHMAN AKOLA');
INSERT INTO "store_truck_owner" VALUES(12,NULL,NULL,NULL,NULL,'SAYED MUJEEBUDDIN SAYEDARIFUDDIN AKOLA');
INSERT INTO "store_truck_owner" VALUES(13,NULL,NULL,NULL,NULL,'ABDUL SATTAR ABDUL GAFUR AKOLA');
INSERT INTO "store_truck_owner" VALUES(14,NULL,NULL,NULL,NULL,'ALIYAR KHAN MOTI KHAN AKOLA');
INSERT INTO "store_truck_owner" VALUES(15,NULL,NULL,NULL,NULL,'CHANDRAKANT GANGADHAR PEDGAONKAR AKOLA');
INSERT INTO "store_truck_owner" VALUES(16,9823272498,NULL,NULL,NULL,'DEEPCHAND MULCHAND BAGRECHA AKOLA');
INSERT INTO "store_truck_owner" VALUES(17,NULL,NULL,NULL,NULL,'AMAJADKHAN MOTI KHAN AKOLA');
INSERT INTO "store_truck_owner" VALUES(18,8888065858,NULL,NULL,NULL,'DHIRAJKUMAR DAMODHARJI PADIYA TELHARA');
INSERT INTO "store_truck_owner" VALUES(19,8208580073,'MALKAPUR',NULL,NULL,'SEKH NISIR SEKH RASHID MALKAPUR');
INSERT INTO "store_truck_owner" VALUES(20,NULL,NULL,NULL,NULL,'demo truck');
INSERT INTO "store_truck_owner" VALUES(21,NULL,NULL,NULL,NULL,'demo');
INSERT INTO "store_truck_owner" VALUES(22,NULL,NULL,NULL,NULL,'SAMIR KHAN SAHEB KHA AKOT');
INSERT INTO "store_truck_owner" VALUES(23,NULL,NULL,NULL,NULL,'ABDUL HAMID ABDUL AZIZ SHAIKH AKOLA');
INSERT INTO "store_truck_owner" VALUES(24,NULL,NULL,NULL,NULL,'JAVED ALI SAIYUSUF ALI AKOT');
INSERT INTO "store_truck_owner" VALUES(25,NULL,'BULDHANA',NULL,NULL,'SHAIKH SHABBIR SHAIKHHUSSAIN BULDHANA');
INSERT INTO "store_truck_owner" VALUES(26,9850379642,'KHAMGAON',NULL,NULL,'SURESH SARAP KHAMGAON');
INSERT INTO "store_truck_owner" VALUES(27,NULL,'AKOT',NULL,'KLPPS6452A','JAVED ALI SAIYUSUF ALI AKOT');
INSERT INTO "store_truck_owner" VALUES(28,NULL,'AKOT',NULL,'KLPPS6452A','JAVED ALI SAIYUSUF ALI AKOT');
INSERT INTO "store_truck_owner" VALUES(29,NULL,'AKOT',NULL,'DCIPS6683A','SAMIR KHAN SAHEB KHA AKOT');
INSERT INTO "store_truck_owner" VALUES(30,NULL,'AKOLA',NULL,'ALXPA2181Q','ABDUL HAMID ABDUL AZIZ SHAIKH AKOLA');
INSERT INTO "store_truck_owner" VALUES(31,NULL,'KHANDVI',NULL,'LDHPS3505D','PARMESHWAR DAULAT SONONE KHANDVI');
INSERT INTO "store_truck_owner" VALUES(32,9529224183,'Khamgaon',NULL,'BLWPM9645R','RAVINDRA SAHADEO MAHALE');
INSERT INTO "store_truck_owner" VALUES(33,NULL,'DEULGAON.RAJA',NULL,'BTIPK0433M','AMEERKHAN SHAHAJKHAN');
INSERT INTO "store_truck_owner" VALUES(34,8999476725,'KHAMGAON',NULL,'AVYPN8735A','PANKAJ DINESH NETKE KHAMGAON');
INSERT INTO "store_truck_owner" VALUES(35,0,NULL,NULL,NULL,'XYZ');
INSERT INTO "store_truck_owner" VALUES(36,9850032325,'KHAMGAON',NULL,'FXFPS6019L','SHAIKH MAZHAR SHAIKH ASGAR KHAMGAON');
INSERT INTO "store_truck_owner" VALUES(37,NULL,'MALKAPUR',NULL,'GLGPS6450H','SHAIKH SHABBIR SHAIKH HUSSAIN');
INSERT INTO "store_truck_owner" VALUES(38,9730000034,'KHAMGAON',NULL,'HBGPD2925F','YOGESH ANANDRAO DESHMUKH KHAMGAON');
INSERT INTO "store_truck_owner" VALUES(39,9850855637,'KHAMGAON',NULL,'FXFPS6173F','ZAKIR SHAH BASHIR SHAH');
INSERT INTO "store_truck_owner" VALUES(40,9096965570,'KHAMGAON',NULL,'CUWPD6881N','VIVEK SUNIL RAO DESHMUKH');
INSERT INTO "store_truck_owner" VALUES(41,9881308130,NULL,NULL,'CGGPS0692N','RAVINDRA A SHINDE KHAMGAON');
INSERT INTO "store_truck_owner" VALUES(42,9527301498,NULL,NULL,'AEJPW2958Q','PRAKASH SHALIGRAM WAKODE SHEGAON');
INSERT INTO "store_truck_owner" VALUES(43,9309780129,'KHAMGAON',NULL,'CEEPM3931A','WASIM YASIN MOHAMMAD');
INSERT INTO "store_truck_owner" VALUES(44,9561947084,'KHAMGAON',NULL,'BTOPR1965H','AMIR KHAN RAFIQUE KHAN KHAMGAON');
INSERT INTO "store_truck_owner" VALUES(45,7263852268,'KHAMGAON',NULL,'BNMPL0283N','GAUTTAM LAXMAN LANDAGE');
INSERT INTO "store_truck_owner" VALUES(46,9822463284,NULL,NULL,NULL,'MOHAMMAD ARBAZ MOHAMMAD ARIF');
INSERT INTO "store_truck_owner" VALUES(47,8149100950,'KHAMGAON',NULL,'ASHWINKUMAR RAJENDRA DHANLOBHE KHAMGAON','ASHWINKUMAR RAJENDRA DHANLOBHE KHAMGAON');
INSERT INTO "store_truck_owner" VALUES(48,NULL,NULL,NULL,NULL,'VINAY AGRAWAL');
INSERT INTO "store_truck_owner" VALUES(49,NULL,'BULDHANA',NULL,'BPZPA2829E','VINAY AGRAWAL BULDHANA');
INSERT INTO "store_truck_owner" VALUES(50,NULL,'KHAMGAON',NULL,NULL,'XYZ');
INSERT INTO "store_truck_owner" VALUES(51,NULL,'CHIKHALI',NULL,'KRSPS8411L','SHAIKH SOHIL SHAIKH ZAMIR CHIKHALI');
INSERT INTO "store_truck_owner" VALUES(52,9960460419,'PIMPALGAON RAJA',NULL,'ABQPZ0174K','MOHD ZAKIR PIMPALGAON RAJA');
INSERT INTO "store_truck_owner" VALUES(53,9604665626,NULL,NULL,'DNSPP8826D','INDRISKHA SARFARAJAKHA PATHAN D.MAHI');
INSERT INTO "store_truck_owner" VALUES(54,8329646212,'LONAR',NULL,'FJDPS1360G','KAISARALI SAKAVATALI SIDDIQUI LONAR');
INSERT INTO "store_truck_owner" VALUES(55,9022651362,'DHAD',NULL,'FCMPP7922K','BHAGWAT DNYADEO PADOL DHAD');
INSERT INTO "store_truck_owner" VALUES(56,9975869599,'KHAMGAON',NULL,'JLKPK2340R','AJAY BHAGWAN KIRKALE KHAMGAON');
INSERT INTO "store_truck_owner" VALUES(57,7387427578,'KHAMGAON',NULL,'CGSPC2042Q','SIDDHESH UKHARDA CHOKHANDE KHAMGAON');
INSERT INTO "store_truck_owner" VALUES(58,NULL,'LONAR',NULL,'AGGPH7468B','ABRAR HASAN LONAR');
INSERT INTO "store_truck_owner" VALUES(59,7218014509,'MALKAPUR',NULL,'CZEPM6062P','FIROZABI GULAM MOHAMMAD MALKAPUR');
INSERT INTO "store_truck_owner" VALUES(60,NULL,'MURTIZAPUR',NULL,'DNKPS5262N','ZAKIR AHEMAD SAGIR AHEMAD MURTIZAPUR');
INSERT INTO "store_truck_owner" VALUES(61,NULL,'TELHARA',NULL,'FFEPP5514Q','ALKESH RAJESH PALIWAL TELHARA');
INSERT INTO "store_truck_owner" VALUES(62,9637656240,'CHIKHALI',NULL,'HGLPM5484E','VILAS SHESHRAO MUNDHE CHIKHALI');
INSERT INTO "store_truck_owner" VALUES(63,NULL,'AKOLA',NULL,'DISPM0803A','MOHAMMAD HANIF MOHAMMAD ASHRAF AKOLA');
INSERT INTO "store_truck_owner" VALUES(64,7350924052,'KHAMGAON',NULL,'EOTPM8693Q','KESHAV VITTHAL MORE KHAMGAON');
INSERT INTO "store_truck_owner" VALUES(65,8698878409,'JALNA',NULL,'AIOPU5858J','UMESH RAVSAHEB UGALE JALNA');
INSERT INTO "store_truck_owner" VALUES(66,8830177613,'KHAMGAON',NULL,'EBIPS4145D','SHAIKH TASLEEN SHAIKH RABBU KHAMGAON');
INSERT INTO "store_truck_owner" VALUES(67,9423722367,'BULDHANA',NULL,'EDIPM1082D','MOHD SHADAB MOHD YOUNUS BULDHANA');
INSERT INTO "store_truck_owner" VALUES(68,NULL,'DEULGAON RAJA',NULL,'LJKPS1327J','SHRKH KAMRAN AHMAD SHER DEULGAON RAJA');
INSERT INTO "store_truck_owner" VALUES(69,9604752195,'LONAR',NULL,'NLLPS7731B','MUZAMMIL KHAN SALIM KHAN LONAR');
INSERT INTO "store_truck_owner" VALUES(70,9130389901,'CHIKHALI',NULL,'GPOPS0917B','SHAIKH JAFAR SHAIKH HASAN CHIKHALI');
INSERT INTO "store_truck_owner" VALUES(71,9130389901,'CHIKHALI',NULL,'GPOPS0917B','SHAIKH JAFAR SHAIKH HASAN CHIKHALI');
INSERT INTO "store_truck_owner" VALUES(72,9623772082,'MALKAPUR',NULL,'CUTPS5858P','SHAIKH SHARIF SHAIKH FARID MALKAPUR');
INSERT INTO "store_truck_owner" VALUES(73,9420497459,'KHAMGAON',NULL,'ANLPS1052N','MAHESH RAMGOPAL SHARMA KHAMGAON');
INSERT INTO "store_truck_owner" VALUES(74,9423722367,'BULDHANA',31125885935,'AOAPJ0213N','RIYAJODDIN JAINODDIN BULDHANA');
INSERT INTO "store_truck_owner" VALUES(75,8888917032,'LONAR',NULL,'DNKPS2029R','SANGLE BADRINATH VISHNU LONAR');
INSERT INTO "store_truck_owner" VALUES(76,8793479616,'LONAR',NULL,'CYSPK6173N','RAIS KHAN TAMIZ KHAN LONAR');
INSERT INTO "store_truck_owner" VALUES(77,NULL,'CHIKHALI',NULL,'AGWPK9493M','BHARAT SAMPATRAO KHARAT CHIKHALI');
INSERT INTO "store_truck_owner" VALUES(78,8010336573,'LONAR',NULL,'AKQPA3396K','ABDUL SALIM ABDUL RAHIM LONAR');
INSERT INTO "store_truck_owner" VALUES(79,9921566213,'LONAR',NULL,'CXYPS6775D','SHEKH IMRAN RAHEMAN LONAR');
INSERT INTO "store_truck_owner" VALUES(80,NULL,'AKOLA',NULL,'HBAPS3537L','SHAIKH SHAKIL SHAIKH KASAM AKOLA');
INSERT INTO "store_truck_owner" VALUES(81,7499316615,'SHEGAON',NULL,'LNHPS6859J','VAIBHAV PRALHAD SARDAR SHEGAON');
INSERT INTO "store_truck_owner" VALUES(82,NULL,'SAWARA',NULL,'KXJPS2936F','SUSHANT RAMESH SAPKAL SAWARA');
INSERT INTO "store_truck_owner" VALUES(83,NULL,'BETUL',NULL,'CTZPM8569A','SHRIRAM MALVIYA BETUL');
INSERT INTO "store_truck_owner" VALUES(84,9421394529,'BULDHANA',NULL,'EPXPS9529Q','SYED ISHAQUE SYED YAQUB BULDHANA');
INSERT INTO "store_truck_owner" VALUES(85,7218372622,'KHAMGAON',NULL,'ADGPW1648B','PRITAM AJABRAO WANKHADE KHAMGAON');
INSERT INTO "store_truck_owner" VALUES(86,7218372622,'KHAMGAON',NULL,'ADGPW1648B','PRITAM AJABRAO WANKHADE KHAMGAON');
INSERT INTO "store_truck_owner" VALUES(87,9823829116,'JALNA',NULL,'FWBPK7755L','PRAVIN PRAKASH KOLTE JALNA');
INSERT INTO "store_truck_owner" VALUES(88,8482900721,'MEHKAR',NULL,'EJKPP0887F','SATYANARAYAN SUWALAL PUROHIT MEHKAR');
INSERT INTO "store_truck_owner" VALUES(89,9881851839,'KHAMGAON',NULL,'JPGPS2033F','SHAIKH IRFAN SHAIKH');
INSERT INTO "store_truck_owner" VALUES(90,9822463284,'BULDHANA',NULL,'DYDPA2360B','MOHAMMAD ARBAZ MOHAMMAD ARIF BULDHANA');
INSERT INTO "store_truck_owner" VALUES(91,NULL,'JALNA',NULL,'AYAPAS1430','DNYANESHWAR P RAYKAR');
INSERT INTO "store_truck_owner" VALUES(92,NULL,'BULDHANA',NULL,'GGBPM7705R','GAJANAN PANDHARI MALTHANE BULDHANA');
INSERT INTO "store_truck_owner" VALUES(93,NULL,'KHAMGAON',NULL,'FOBPS0077D','SHAIKH NAEEM SHAIKH RAHIM KHAMGAON');
INSERT INTO "store_truck_owner" VALUES(94,9767378205,'CHIKHALI',NULL,'EVIPM6172M','SALIM PATHAN MAHEBUB PATHAN CHIKHALI');
INSERT INTO "store_truck_owner" VALUES(95,9881971055,'KHAMGAON',NULL,'CRVPS9232C','SHEKAYYUM SHEBAPHATI KHAMGAON');
INSERT INTO "store_truck_owner" VALUES(96,NULL,'BULDHANA',NULL,'AWQPM0063P','KAILASH PANDHARI MALTHANE BULDHANA');
INSERT INTO "store_truck_owner" VALUES(97,7350924052,'KHAMGAON',NULL,'EOTPM8693Q','KESHAV VITTHAL MORE KHAMGAON');
INSERT INTO "store_truck_owner" VALUES(98,9371201611,'MALKAPUR',NULL,'BUPPC8753A','MOHAMMAD TAFIM MOHAMMAD FAHIM CHAUDHARI');
INSERT INTO "store_truck_owner" VALUES(99,7823803635,'MALKAPUR',NULL,'CRVPS9232G','SHEKAYYUM SHEBAPHATI MALKAPUR');
INSERT INTO "store_truck_owner" VALUES(100,9511709542,'MALKAPUR',NULL,'GLGPS6450H','SHAIKH FIROZ SHAIKH SHABBIR MALKAPUR');
INSERT INTO "store_truck_owner" VALUES(101,9421463235,'BULDHANA',NULL,'FIROZKHAN HAMIDKHAN PATHAN BULDANA','FIROZKHAN HAMIDKHAN PATHAN BULDANA');
INSERT INTO "store_truck_owner" VALUES(102,766204904,'KHAMGAON',NULL,'HLAPS8851M','SHAIKH BABBU SHAIKH RABBANI');
INSERT INTO "store_truck_owner" VALUES(103,9890821771,'MALKAPUR',NULL,'GLWPS1623G','SHAIKH AYYUB SHAIKH IMAM MALKAPUR');
INSERT INTO "store_truck_owner" VALUES(104,9423722367,'BULDHANA',NULL,'AOAPJ0213N','RIYAJODDIN JAINODDIN BULDHANA');
INSERT INTO "store_truck_owner" VALUES(105,9822463284,'BULDHANA',NULL,'DYDPA2360B','MOHAMMAD ARBAZ MOHAMMAD ARIF BULDHANA');
INSERT INTO "store_truck_owner" VALUES(106,9422091020,'CHIKHALI',916020081381344,'APBPB4092D','ANEES BAIG AMEEN BAIG CHIKHALI');
INSERT INTO "store_truck_owner" VALUES(107,7774818088,'KHAMGAON',NULL,'ATFPC4264Q','TARANJITSINGH A CHAVAN KHAMGAON');
INSERT INTO "store_truck_owner" VALUES(108,NULL,NULL,NULL,NULL,'XYZ');
INSERT INTO "store_truck_owner" VALUES(109,9922282687,'CHIKHALI',NULL,'ALUPI7226D','SHAIKH FAIZAN SHAIKH AKABAL CHIKHALI');
INSERT INTO "store_truck_owner" VALUES(110,NULL,'AKOLA',NULL,'DRXPS0177K','SYED ANEES SYED HANEEF AKOLA');
INSERT INTO "store_truck_owner" VALUES(111,NULL,'AKOLA',NULL,'AFAPB6531Q','PRAKASH BANSILAL BANG AKOLA');
INSERT INTO "store_truck_owner" VALUES(112,NULL,'WASHIM',NULL,'CFKPA9117F','ALI AMJADKHAN AJMAL KHAN WASHIM');
INSERT INTO "store_truck_owner" VALUES(113,NULL,'NAGPUR',NULL,'ATKPY7832P','UDAY RAJENDRA YADAV NAGPUR');
INSERT INTO "store_truck_owner" VALUES(114,NULL,'RISOD',NULL,'LJYPK9997C','MOBIN ALI KHAN AHSAN KHAN RISOD');
INSERT INTO "store_truck_owner" VALUES(115,NULL,'RISOD',NULL,'ISUPS2082G','NAVED BAIG SAFDAR BAIG RISOD');
INSERT INTO "store_truck_owner" VALUES(116,NULL,'RISOD',NULL,'DJMPM7956M','MAQSOOD ALI MUKADADRAR ALI RISOD');
INSERT INTO "store_truck_owner" VALUES(117,NULL,'LONAR',NULL,'BKIPJ0152M','SAJID KHAN JAWED KHAN LONAR');
INSERT INTO "store_truck_owner" VALUES(118,NULL,'MANORA',NULL,'AAYPR6815L','VIJAYKANT DHANRAJ RATHI MANORA');
INSERT INTO "store_truck_owner" VALUES(119,NULL,'CHANDRAPUR',NULL,'EZRPK5330M','MOHAMMAD SOHIL MOHAMMAD SIDDIK KACCHI CHANDRAPUR');
INSERT INTO "store_truck_owner" VALUES(120,NULL,'RISOD',NULL,'CRVPA3519G','NAEEM ALI KHAN AHSAN ALI KHAN');
INSERT INTO "store_truck_owner" VALUES(121,NULL,'NAGPUR',NULL,'DAZPR3307F','GHANSHAM UDEBHAN RATHOD NAGPUR');
INSERT INTO "store_truck_owner" VALUES(122,NULL,'AKOLA',NULL,'BMPPR4293C','IMRAN KHAN RAHIM KHANAKOLA');
INSERT INTO "store_truck_owner" VALUES(123,NULL,'RISOD',NULL,'BDRPA1364C','BABU ASMAT ALI RISOD');
INSERT INTO "store_truck_owner" VALUES(124,NULL,'AKOLA',NULL,'GGPPK7863A','ATTAULLAH KAHN HASAN KHAN AKOLA');
INSERT INTO "store_truck_owner" VALUES(125,NULL,'AMRAVATI',NULL,'AUTPN2490A','PERVEZUDDIN NAIMUDDIN AMRAVATI');
INSERT INTO "store_truck_owner" VALUES(126,NULL,'AKOLA',NULL,'GKJPM2719D','RIZWAN BAIG MUKHTAR BAIG AKOLA');
INSERT INTO "store_truck_owner" VALUES(127,NULL,'WARUD',NULL,'HQMPS4903P','ABDUL ZAHEER SHAIKH KADEER WARUD');
INSERT INTO "store_truck_owner" VALUES(128,NULL,'WASIM',NULL,'DJEPM7185J','MOHAMMAD MUSTAK ISAK MOHAMMAD WASHIM');
INSERT INTO "store_truck_owner" VALUES(129,NULL,'HINGOLI',NULL,'ALEPB 4425F','GOVIND BHAVARILAL BIYANI  HINGOGLI');
INSERT INTO "store_truck_owner" VALUES(130,NULL,'CHIKHALI',NULL,'CFGPG6701G','SHAIKH IKABAL SHAIKH GAFFAR CHIKHLI');
INSERT INTO "store_truck_owner" VALUES(131,NULL,'BULDHANA',NULL,'AOAPJ0213N','RIYAJODDIN JAINODDIN BULDHANA');
INSERT INTO "store_truck_owner" VALUES(132,NULL,'WASHIM',NULL,'ABEPB6695B','SUBHASH SATYANARAYAN BANG WASHIM');
INSERT INTO "store_truck_owner" VALUES(133,NULL,'MANGRULPIR',NULL,'AFRPB1088B','ANIL SATYANARAYN BANG MANGRULPIR');
INSERT INTO "store_truck_owner" VALUES(134,NULL,'KARANJA',NULL,'ATBPA2616C','HASAN ALI NASIR ALI KARANJA');
INSERT INTO "store_truck_owner" VALUES(135,NULL,'MANGRULPIR',NULL,'EPWPM7450D','SOHEB KHAN MAHEBUB KHAN MANGRULPIR');
INSERT INTO "store_truck_owner" VALUES(136,NULL,'RISOD',NULL,'CHFPG4919L','MUNAVAR KHAN GAUS KHAN RISOD');
INSERT INTO "store_truck_owner" VALUES(137,NULL,'RISOD',NULL,'CQVPS7621G','MARDANALI KHAN SADATALI KHAN RISOD');
INSERT INTO "store_truck_owner" VALUES(138,7498221696,'KHAMGAON',NULL,'BFZPK7973P','ZIYAULLA KHAN ATAULLA KHAN KHAMGAON');
INSERT INTO "store_truck_owner" VALUES(139,7756896148,'MALKAPUR',NULL,'CSNPS2459A','SYYED AKHTAR SYYED AKBAR MALKAPUR');
INSERT INTO "store_truck_owner" VALUES(140,9518507279,'MALKAPUR',NULL,'HTSPK7862N','SHARUKH KHAN HAMID KHAN MALKAPUR');
INSERT INTO "store_truck_owner" VALUES(141,7262047987,'CHIKHALI',NULL,'AGWPK9493M','BHARAT SAMPATRAO KHARAT CHIKHALI');
INSERT INTO "store_truck_owner" VALUES(142,NULL,'AKOT',NULL,'CRXPS4159N','AJAZ KHAN SHABBIR KHAN,AKOT');
INSERT INTO "store_truck_owner" VALUES(143,NULL,'ANGAON GAON',NULL,'KREPK2311F','ABDUL BILAL ABDUL KHALIK,ANJANGAON');
INSERT INTO "store_truck_owner" VALUES(144,NULL,'KHAMGAON',NULL,'BXNPC7518N','WASIM CHAND CHAUDHARY');
INSERT INTO "store_truck_owner" VALUES(145,NULL,'MALKAPUR',NULL,'CYQPK1474C','SHAHNAWAZ KHAN JABBR MIYA KHAN');
INSERT INTO "store_truck_owner" VALUES(146,9881962437,'CHIKHALI',NULL,'BIQPN8433F','SHAIKH IRSHAD SHAIKH NISAR');
INSERT INTO "store_truck_owner" VALUES(147,NULL,'khamgaon',NULL,'HFNPS9713D','SHAIKH RAZIQUE SHAIKH RAZZAQUE');
INSERT INTO "store_truck_owner" VALUES(148,NULL,'KHAMGAON',NULL,'DOGPM3402H','MOHAMMAD ZABI MOHAMMAD HAROON');
INSERT INTO "store_truck_owner" VALUES(149,NULL,'KHANDVI',NULL,'LDHPS3505D','PARAMESHWAR DAULAT SONONE KHANDVI');
INSERT INTO "store_truck_owner" VALUES(150,9604995317,NULL,NULL,'AMSPJ6292','BALU MANIKRAV JADHAV');
INSERT INTO "store_truck_owner" VALUES(151,9604995317,NULL,NULL,'AMSPJ6292','BALU MANIKRAV JADHAV');
INSERT INTO "store_truck_owner" VALUES(152,9604995317,NULL,NULL,'AMSPJ6292','BALU MANIKRAV JADHAV');
INSERT INTO "store_truck_owner" VALUES(153,9604995317,NULL,NULL,'AMSPJ6292','BALU MANIKRAV JADHAV');
INSERT INTO "store_truck_owner" VALUES(154,9604995317,NULL,NULL,'AMSPJ6292','BALU MANIKRAV JADHAV');
INSERT INTO "store_truck_owner" VALUES(155,9960386613,'TELHARA',32589200740,NULL,'SHABBIR SHAH YUSUF SHAH TELHARA');
INSERT INTO "store_truck_owner" VALUES(156,9096397883,'KHAMGAON',NULL,'FFNPS2826P','SHAIKH HAIDAR SHAIKHRASHID');
INSERT INTO "store_truck_owner" VALUES(157,NULL,'MALKAPUR',NULL,'AATPQ8352J','SHAIKH RIYAZ SHAIKH MURAD QURESHI');
INSERT INTO "store_truck_owner" VALUES(158,NULL,'KHAMGAON',NULL,'ATFPC4264Q','TARANJITSINGH A CHAVAN KHAMGAON');
INSERT INTO "store_truck_owner" VALUES(159,NULL,'KHAMGAON',NULL,'ABZPT3735H','SHIVMURTI SHIVLINGAPPA TODKAR');
INSERT INTO "store_truck_owner" VALUES(160,9763409191,'UNDRI',0,'NHFPS9358A','SHAIKH SALIMODDIN SHAIKH SHAMSHODDIN  UNDRI');
INSERT INTO "store_truck_owner" VALUES(161,8530082595,'CHIKHALI',NULL,'NDFPS1598A','ERFAN NAJIR SHAIKH');
INSERT INTO "store_truck_owner" VALUES(162,7821094856,'CHIKHALI',NULL,'MCXPS5618F','SHAIKH FARHAN SHAIKH SALEEM CHIKHALI');
INSERT INTO "store_truck_owner" VALUES(163,9011168699,'MALKAPUR',NULL,'DVJPS4293C','SHAIKH SALIM SHAIKH IMAM BAGBAN');
INSERT INTO "store_truck_owner" VALUES(164,NULL,'AKOLA',NULL,'ANTPA4700D','PRAVIN MADHUKAR AGASHE AKOLA');
INSERT INTO "store_truck_owner" VALUES(165,NULL,'AKOT',NULL,'BPNPK3525H','RIZWAN BEG KALIMULLAH BEG AKOT');
INSERT INTO "store_truck_owner" VALUES(166,NULL,'BULDHANA',8698404848,'BPZPA2829E','VINAY AGRAWAL BULDHANA');
INSERT INTO "store_truck_owner" VALUES(167,NULL,'KHAMGAON',NULL,'EBIPS4145D','SHAIKH TASLEEN SHAIKH RABBU');
INSERT INTO "store_truck_owner" VALUES(168,9552665951,'KHAMGAON',NULL,'KNSPS6049L','ARIF SHAIKH KHAMGAON');
INSERT INTO "store_truck_owner" VALUES(169,9422180619,'MALKAPUR',NULL,'AADPW6144L','CHAKRADHAR SHANKARRAO WANKHADE MALKAPUR');
INSERT INTO "store_truck_owner" VALUES(170,NULL,'MURTIZAPUR',NULL,'BJSPA7737E','SAGIR AHEMAD BASHIR AHEMAD MURTIZAPUR');
INSERT INTO "store_truck_owner" VALUES(171,8766987278,'MALKAPUR',NULL,'HVLPK6698R','AZAM KHAN AKBAR KHAN MALKAPUR');
INSERT INTO "store_truck_owner" VALUES(172,9975722172,'DHAD',NULL,'DNTPA7086M','MOHAMMAD JAVED ABDUL HAFIZ DHAD');
INSERT INTO "store_truck_owner" VALUES(173,9975722172,'DHAD',NULL,'DNTPA7086M','MOHAMMAD JAVED ABDUL HAFIZ DHAD');
INSERT INTO "store_truck_owner" VALUES(174,9511742493,'CHIKHALI',NULL,'AUXPH5754R','MOHSIN KHAN HABIB KHAN CHIKHALI');
INSERT INTO "store_truck_owner" VALUES(175,9604056169,'LONAR',NULL,'ACDPZ3412G','ZEESHANUDDIN EKBALODDIN LONAR');
INSERT INTO "store_truck_owner" VALUES(176,9604056169,'LONAR',NULL,'ACDPZ3412G','ZEESHANUDDIN EKBALODDIN LONAR');
INSERT INTO "store_truck_owner" VALUES(177,9604056169,'LONAR',NULL,'ACDPZ3412G','ZEESHANUDDIN EKBALODDIN LONAR');
INSERT INTO "store_truck_owner" VALUES(178,9604056169,'LONAR',NULL,'ACDPZ3412G','ZEESHANUDDIN EKBALODDIN LONAR');
INSERT INTO "store_truck_owner" VALUES(179,9604056169,'LONAR',NULL,'ACDPZ3412G','ZEESHANUDDIN EKBALODDIN LONAR');
INSERT INTO "store_truck_owner" VALUES(180,9604056169,'LONAR',NULL,'ACDPZ3412G','ZEESHANUDDIN EKBALODDIN LONAR');
INSERT INTO "store_truck_owner" VALUES(181,9604056169,'LONAR',NULL,'ACDPZ3412G','ZEESHANUDDIN EKBALODDIN LONAR');
INSERT INTO "store_truck_owner" VALUES(182,9604056169,'LONAR',NULL,'ACDPZ3412G','ZEESHANUDDIN EKBALODDIN LONAR');
INSERT INTO "store_truck_owner" VALUES(183,9604056169,'LONAR',NULL,'ACDPZ3412G','ZEESHANUDDIN EKBALODDIN LONAR');
INSERT INTO "store_truck_owner" VALUES(184,9604056169,'LONAR',NULL,'ACDPZ3412G','ZEESHANUDDIN EKBALODDIN LONAR');
INSERT INTO "store_truck_owner" VALUES(185,9604056169,'LONAR',NULL,'ACDPZ3412G','ZEESHANUDDIN EKBALODDIN LONAR');
INSERT INTO "store_truck_owner" VALUES(186,9763099086,'MALKAPUR',NULL,'FFZPB3363G','ASHPAK SHAHA BISMILLAH SHAHA MALKAPUR');
INSERT INTO "store_truck_owner" VALUES(187,9561161652,'MALKAPUR',NULL,'GFMPB3826Q','SHEKH ANWAR SHEKH RAFIK BAGWAN');
INSERT INTO "store_truck_owner" VALUES(188,NULL,'AKOLA',NULL,'LNIPK4474N','ARIF KHAN ASAD KHAN AKOLA');
INSERT INTO "store_truck_owner" VALUES(189,7620443491,'KHAMGAON',NULL,'MHKPS2813J','SHAIKH RAJU SHAIKH YUNUS');
INSERT INTO "store_truck_owner" VALUES(190,NULL,'KHAMGAON',NULL,'EWAPS3460N','SHAIKH HASAM SHAIKH KASAM');
INSERT INTO "store_truck_owner" VALUES(191,7972814060,'KHAMGAON',NULL,'FOBPS1501A','SHAIKH QADIR SHAIKH QASAM KHAMGAON');
INSERT INTO "store_truck_owner" VALUES(192,9881437338,'KHAMGAON',NULL,'EZUPS2900A','SHAIKH MOHSIN SHAIKH SALIM');
INSERT INTO "store_truck_owner" VALUES(193,7020407411,'KHAMGAON',NULL,NULL,'XYZ');
INSERT INTO "store_truck_owner" VALUES(194,NULL,'AKOLA',NULL,'BNFPA1102E','MOBINODDIN AMINODDIN AKOLA');
INSERT INTO "store_truck_owner" VALUES(195,NULL,'BULDHANA',NULL,'FBBPS2747M','SHAIKH RAFEEQUE SHAIKH KALOO');
INSERT INTO "store_truck_owner" VALUES(196,NULL,'AKOLA',NULL,'MMVPS4924E','SHAIKH JAVED SHAIKH MALANG AKOLA');
INSERT INTO "store_truck_owner" VALUES(197,NULL,'BULDHANA',NULL,'HFNPS9713D','SHAIKH RAZIQUE SHAIKH RAZZAQUE');
INSERT INTO "store_truck_owner" VALUES(198,NULL,'MALKAPUR',NULL,'DMDPB2867N','SHAIKH SHAHZADA SALIM BAGWAN MALKAPUR');
INSERT INTO "store_truck_owner" VALUES(199,9284022502,'MALKAPUR',NULL,'DQFPP5463L','MOHAMMED JAVED SHAIKH BISMILLAH PINJARI');
INSERT INTO "store_truck_owner" VALUES(200,9822300327,'KHAMGAON',NULL,'CNNPA6213P','DILIP CHOTULAL AGRAWAL');
INSERT INTO "store_truck_owner" VALUES(201,NULL,NULL,NULL,'AUBPA2881L','ANIL SHRIKRUSHNA AMBHORE');
INSERT INTO "store_truck_owner" VALUES(202,NULL,'CHIKHALI',NULL,'CZHPK7747L','NAHED KHA YUNUS KHA CHIKHALI');
INSERT INTO "store_truck_owner" VALUES(203,9850145251,'ASALGAON',NULL,'AHKPT6053F','GOPAL DEVILAL TAWARI ASALGAON');
INSERT INTO "store_truck_owner" VALUES(204,NULL,'SHEGAON',9527301498,'AEJPW2958Q','PRAKASH SHALIGRAM WAKODE SHEGAON');
INSERT INTO "store_truck_owner" VALUES(205,NULL,'CHIKHALI',NULL,'AOAPJ0214M','GAYASODDIN JAYANODDIN BULDANA');
INSERT INTO "store_truck_owner" VALUES(206,NULL,'SANGRAMPUR',NULL,'AIWPT4294M','UMESH ASHOKUMAR TAVARI');
INSERT INTO "store_truck_owner" VALUES(207,9822463284,'BULDHANA',NULL,'CCDM9519F','MOHAMMAD ARIF MOHAMMAD YUSUF');
INSERT INTO "store_truck_owner" VALUES(208,NULL,'AKOLA',NULL,'CNYPS4115D','SHEKHAMIR SHEKHABDUL AKOLKA');
INSERT INTO "store_truck_owner" VALUES(209,NULL,'RISOD',NULL,'IQHPS9552L','SHEIKH NAEEMODDIN SHEKH ANEESDDIN RISOD');
INSERT INTO "store_truck_owner" VALUES(210,NULL,NULL,NULL,'OBCPS4523M','ABDUL RAJIQUE ABDUL SAMAD');
INSERT INTO "store_truck_owner" VALUES(211,NULL,'AKOLA',NULL,'EKJPS3383H','SHALIMAR ROAD LINES AKOLA');
INSERT INTO "store_truck_owner" VALUES(212,NULL,'AKOT',NULL,'ABJPW5415B','SAHEB KHAN WAHAB KHAN AKOT');
INSERT INTO "store_truck_owner" VALUES(213,NULL,'AKOT',NULL,'AEWPH8738J','ASLAM KHAN HAJI ABLE KHAN AKOT');
INSERT INTO "store_truck_owner" VALUES(214,NULL,NULL,NULL,'APFPA2460J','MANSUR AHMAD MUZAFFAR AHMAD');
CREATE UNIQUE INDEX "django_content_type_app_label_model_76bd3d3b_uniq" ON "django_content_type" ("app_label", "model");
CREATE UNIQUE INDEX "auth_group_permissions_group_id_permission_id_0cd325b0_uniq" ON "auth_group_permissions" ("group_id", "permission_id");
CREATE INDEX IF NOT EXISTS "auth_group_permissions_group_id_b120cbf9" ON "auth_group_permissions" ("group_id");
CREATE INDEX IF NOT EXISTS "auth_group_permissions_permission_id_84c5c92e" ON "auth_group_permissions" ("permission_id");
CREATE UNIQUE INDEX "auth_permission_content_type_id_codename_01ab375a_uniq" ON "auth_permission" ("content_type_id", "codename");
CREATE INDEX IF NOT EXISTS "auth_permission_content_type_id_2f476e4b" ON "auth_permission" ("content_type_id");
CREATE UNIQUE INDEX "users_user_groups_user_id_group_id_b88eab82_uniq" ON "users_user_groups" ("user_id", "group_id");
CREATE INDEX IF NOT EXISTS "users_user_groups_user_id_5f6f5a90" ON "users_user_groups" ("user_id");
CREATE INDEX IF NOT EXISTS "users_user_groups_group_id_9afc8d0e" ON "users_user_groups" ("group_id");
CREATE UNIQUE INDEX "users_user_user_permissions_user_id_permission_id_43338c45_uniq" ON "users_user_user_permissions" ("user_id", "permission_id");
CREATE INDEX IF NOT EXISTS "users_user_user_permissions_user_id_20aca447" ON "users_user_user_permissions" ("user_id");
CREATE INDEX IF NOT EXISTS "users_user_user_permissions_permission_id_0b93982e" ON "users_user_user_permissions" ("permission_id");
CREATE INDEX IF NOT EXISTS "django_admin_log_content_type_id_c4bce8eb" ON "django_admin_log" ("content_type_id");
CREATE INDEX IF NOT EXISTS "django_admin_log_user_id_c564eba6" ON "django_admin_log" ("user_id");
CREATE INDEX IF NOT EXISTS "django_session_expire_date_a5c62663" ON "django_session" ("expire_date");
CREATE INDEX IF NOT EXISTS "store_truck_details_truck_owner_id_155e372c" ON "store_truck_details" ("truck_owner_id");
CREATE INDEX IF NOT EXISTS "transactions_request_edit_builty_id_17f4ac6b" ON "transactions_request_edit" ("builty_id");
CREATE INDEX IF NOT EXISTS "transactions_request_edit_user_id_296a97e5" ON "transactions_request_edit" ("user_id");
CREATE INDEX IF NOT EXISTS "transactions_ack_builty_id_e9cf4eb9" ON "transactions_ack" ("builty_id");
CREATE INDEX IF NOT EXISTS "store_rate_to_station_id_71b5e0d1" ON "store_rate" ("to_station_id");
CREATE INDEX IF NOT EXISTS "store_rate_from_station_id_cf4de4c2" ON "store_rate" ("from_station_id");
CREATE INDEX IF NOT EXISTS "store_district_office_location_id_def88825" ON "store_district" ("office_location_id");
CREATE INDEX IF NOT EXISTS "users_user_company_id_14799323" ON "users_user" ("company_id");
CREATE INDEX IF NOT EXISTS "users_user_office_location_id_9bf9b0fd" ON "users_user" ("office_location_id");
CREATE INDEX IF NOT EXISTS "store_article_company_name_id_236802e6" ON "store_article" ("company_name_id");
CREATE INDEX IF NOT EXISTS "store_article_consignor_id_170c72fc" ON "store_article" ("consignor_id");
CREATE INDEX IF NOT EXISTS "store_article_office_location_id_216b5e85" ON "store_article" ("office_location_id");
CREATE INDEX IF NOT EXISTS "store_consignor_company_id_9fdf29a0" ON "store_consignor" ("company_id");
CREATE INDEX IF NOT EXISTS "store_consignor_office_location_id_709e205e" ON "store_consignor" ("office_location_id");
CREATE INDEX IF NOT EXISTS "store_onaccount_company_id_8283503d" ON "store_onaccount" ("company_id");
CREATE INDEX IF NOT EXISTS "store_onaccount_office_location_id_d8877177" ON "store_onaccount" ("office_location_id");
CREATE INDEX IF NOT EXISTS "store_station_taluka_id_51032d3b" ON "store_station" ("taluka_id");
CREATE INDEX IF NOT EXISTS "store_station_office_location_id_cc8d1da0" ON "store_station" ("office_location_id");
CREATE INDEX IF NOT EXISTS "store_taluka_district_id_63ffbdb2" ON "store_taluka" ("district_id");
CREATE INDEX IF NOT EXISTS "store_taluka_office_location_id_5a2300b5" ON "store_taluka" ("office_location_id");
CREATE INDEX IF NOT EXISTS "store_from_station_office_location_id_f8e96d27" ON "store_from_station" ("office_location_id");
CREATE INDEX IF NOT EXISTS "store_from_station_taluka_id_b0acd45a" ON "store_from_station" ("taluka_id");
CREATE INDEX IF NOT EXISTS "transactions_builty_article_id_9ef4500b" ON "transactions_builty" ("article_id");
CREATE INDEX IF NOT EXISTS "transactions_builty_company_id_e5faf59d" ON "transactions_builty" ("company_id");
CREATE INDEX IF NOT EXISTS "transactions_builty_consignor_id_abafe990" ON "transactions_builty" ("consignor_id");
CREATE INDEX IF NOT EXISTS "transactions_builty_district_id_32c090e4" ON "transactions_builty" ("district_id");
CREATE INDEX IF NOT EXISTS "transactions_builty_onaccount_id_35cc36f3" ON "transactions_builty" ("onaccount_id");
CREATE INDEX IF NOT EXISTS "transactions_builty_petrol_pump_id_9922ae78" ON "transactions_builty" ("petrol_pump_id");
CREATE INDEX IF NOT EXISTS "transactions_builty_station_to_id_8018ef07" ON "transactions_builty" ("station_to_id");
CREATE INDEX IF NOT EXISTS "transactions_builty_taluka_id_3af43376" ON "transactions_builty" ("taluka_id");
CREATE INDEX IF NOT EXISTS "transactions_builty_truck_details_id_7724d30a" ON "transactions_builty" ("truck_details_id");
CREATE INDEX IF NOT EXISTS "transactions_builty_truck_owner_id_74656a52" ON "transactions_builty" ("truck_owner_id");
CREATE INDEX IF NOT EXISTS "transactions_builty_user_id_82211060" ON "transactions_builty" ("user_id");
CREATE INDEX IF NOT EXISTS "transactions_builty_station_from_id_0fc95978" ON "transactions_builty" ("station_from_id");
CREATE TABLE IF NOT EXISTS "transactions_ack" ("id" integer NOT NULL PRIMARY KEY AUTOINCREMENT, "challan_number" varchar(50) NOT NULL, "builty_id" bigint NOT NULL REFERENCES "transactions_builty" ("id") DEFERRABLE INITIALLY DEFERRED, "challan_date" date NULL);
INSERT INTO "transactions_ack" VALUES(2,'8320434428',20,'2023-04-02');
INSERT INTO "transactions_ack" VALUES(3,'8320434429',21,'2023-04-02');
INSERT INTO "transactions_ack" VALUES(4,'8320434440',23,'2023-04-04');
INSERT INTO "transactions_ack" VALUES(5,'8320434439',24,'2023-04-04');
INSERT INTO "transactions_ack" VALUES(6,'8320434562',46,'2023-04-05');
INSERT INTO "transactions_ack" VALUES(7,'8320434579',53,'2023-04-05');
INSERT INTO "transactions_ack" VALUES(8,'8320434642',78,'2023-04-05');
INSERT INTO "transactions_ack" VALUES(9,'8320434603',59,'2023-04-06');
INSERT INTO "transactions_ack" VALUES(10,'8320434601',60,'2023-04-06');
INSERT INTO "transactions_ack" VALUES(11,'8320434628',70,'2023-04-06');
INSERT INTO "transactions_ack" VALUES(12,'8320434629',71,'2023-04-06');
INSERT INTO "transactions_ack" VALUES(13,'8320434655',85,'2023-04-06');
INSERT INTO "transactions_ack" VALUES(14,'8320434654',86,'2023-04-06');
INSERT INTO "transactions_ack" VALUES(15,'8320434676',88,'2023-04-06');
INSERT INTO "transactions_ack" VALUES(16,'8320434565',47,'2023-04-06');
INSERT INTO "transactions_ack" VALUES(17,'8320434596',54,'2023-04-07');
INSERT INTO "transactions_ack" VALUES(18,'8320434620',67,'2023-04-07');
INSERT INTO "transactions_ack" VALUES(19,'8320434633',73,'2023-04-07');
INSERT INTO "transactions_ack" VALUES(20,'8320434587',55,'2023-04-08');
INSERT INTO "transactions_ack" VALUES(21,'8320434657',84,'2023-04-08');
INSERT INTO "transactions_ack" VALUES(22,'8320434925',106,'2023-04-09');
INSERT INTO "transactions_ack" VALUES(23,'8320434926',107,'2023-04-09');
INSERT INTO "transactions_ack" VALUES(24,'8320434948',110,'2023-04-09');
INSERT INTO "transactions_ack" VALUES(25,'8320434949',111,'2023-04-09');
INSERT INTO "transactions_ack" VALUES(26,'8320434582',58,'2023-04-10');
INSERT INTO "transactions_ack" VALUES(27,'8320435019',132,'2023-04-10');
INSERT INTO "transactions_ack" VALUES(28,'8320434766',255,'2023-04-11');
INSERT INTO "transactions_ack" VALUES(29,'8320434765',254,'2023-04-11');
INSERT INTO "transactions_ack" VALUES(30,'8320434630',72,'2023-04-11');
INSERT INTO "transactions_ack" VALUES(31,'8320435047',135,'2023-04-11');
INSERT INTO "transactions_ack" VALUES(32,'8320434930',108,'2023-04-11');
INSERT INTO "transactions_ack" VALUES(33,'8320434929',109,'2023-04-11');
INSERT INTO "transactions_ack" VALUES(34,'8320434755',90,'2023-04-16');
INSERT INTO "transactions_ack" VALUES(35,'8320434753',91,'2023-04-16');
INSERT INTO "transactions_ack" VALUES(36,'8320434750',92,'2023-04-16');
INSERT INTO "transactions_ack" VALUES(37,'8320435222',289,'2023-04-16');
INSERT INTO "transactions_ack" VALUES(38,'8320435359',427,'2023-04-16');
INSERT INTO "transactions_ack" VALUES(39,'8320435357',428,'2023-04-16');
INSERT INTO "transactions_ack" VALUES(40,'8320435264',361,'2023-04-16');
INSERT INTO "transactions_ack" VALUES(41,'8320435263',362,'2023-04-16');
INSERT INTO "transactions_ack" VALUES(42,'8320435286',372,'2023-04-16');
INSERT INTO "transactions_ack" VALUES(43,'8320435285',373,'2023-04-16');
INSERT INTO "transactions_ack" VALUES(44,'8320435271',363,'2023-04-16');
INSERT INTO "transactions_ack" VALUES(45,'8320435225',293,'2023-04-16');
INSERT INTO "transactions_ack" VALUES(46,'8320434968',348,'2023-04-17');
INSERT INTO "transactions_ack" VALUES(47,'8320434986',354,'2023-04-17');
INSERT INTO "transactions_ack" VALUES(48,'8320435070',395,'2023-04-17');
INSERT INTO "transactions_ack" VALUES(49,'8320435161',438,'2023-04-17');
INSERT INTO "transactions_ack" VALUES(50,'8320434665',213,'2023-04-17');
INSERT INTO "transactions_ack" VALUES(51,'8320434664',214,'2023-04-17');
INSERT INTO "transactions_ack" VALUES(52,'8320434528',167,'2023-04-17');
INSERT INTO "transactions_ack" VALUES(53,'8320434595',193,'2023-04-17');
INSERT INTO "transactions_ack" VALUES(54,'8320434594',194,'2023-04-17');
INSERT INTO "transactions_ack" VALUES(55,'8320434675',220,'2023-04-17');
INSERT INTO "transactions_ack" VALUES(56,'8320434756',247,'2023-04-17');
INSERT INTO "transactions_ack" VALUES(57,'8320435034',381,'2023-04-17');
INSERT INTO "transactions_ack" VALUES(58,'8320435033',382,'2023-04-17');
INSERT INTO "transactions_ack" VALUES(59,'8320435095',409,'2023-04-17');
INSERT INTO "transactions_ack" VALUES(60,'8320435239',449,'2023-04-17');
INSERT INTO "transactions_ack" VALUES(61,'8320434404',117,'2023-04-17');
INSERT INTO "transactions_ack" VALUES(62,'83204344437',139,'2023-04-17');
INSERT INTO "transactions_ack" VALUES(63,'83204344437',139,'2023-04-17');
INSERT INTO "transactions_ack" VALUES(64,'8320434438',140,'2023-04-17');
INSERT INTO "transactions_ack" VALUES(65,'8320434623',198,'2023-04-17');
INSERT INTO "transactions_ack" VALUES(66,'8320434624',199,'2023-04-17');
INSERT INTO "transactions_ack" VALUES(67,'8320434589',190,'2023-04-17');
INSERT INTO "transactions_ack" VALUES(68,'8320434590',191,'2023-04-17');
INSERT INTO "transactions_ack" VALUES(69,'8320435476',540,'2023-04-17');
INSERT INTO "transactions_ack" VALUES(70,'8320435476',540,'2023-04-17');
INSERT INTO "transactions_ack" VALUES(71,'8320434410',118,'2023-04-17');
INSERT INTO "transactions_ack" VALUES(72,'8320434409',119,'2023-04-17');
INSERT INTO "transactions_ack" VALUES(73,'8320434458',150,'2023-04-17');
INSERT INTO "transactions_ack" VALUES(74,'8320434458',150,'2023-04-17');
INSERT INTO "transactions_ack" VALUES(75,'8320434418',123,'2023-04-17');
INSERT INTO "transactions_ack" VALUES(76,'8320434420',124,'2023-04-17');
INSERT INTO "transactions_ack" VALUES(77,'8320434444',143,'2023-04-17');
INSERT INTO "transactions_ack" VALUES(78,'83204344443',144,'2023-04-17');
INSERT INTO "transactions_ack" VALUES(79,'8320434523',162,'2023-04-17');
INSERT INTO "transactions_ack" VALUES(80,'8320434524',163,'2023-04-17');
INSERT INTO "transactions_ack" VALUES(81,'8320434526',164,'2023-04-17');
INSERT INTO "transactions_ack" VALUES(82,'8320434716',236,'2023-04-17');
INSERT INTO "transactions_ack" VALUES(83,'8320434715',237,'2023-04-17');
INSERT INTO "transactions_ack" VALUES(84,'8320434713',238,'2023-04-17');
INSERT INTO "transactions_ack" VALUES(85,'8320434592',188,'2023-04-17');
INSERT INTO "transactions_ack" VALUES(86,'8320434591',189,'2023-04-17');
INSERT INTO "transactions_ack" VALUES(87,'8320434667',215,'2023-04-17');
INSERT INTO "transactions_ack" VALUES(88,'8320434681',224,'2023-04-17');
INSERT INTO "transactions_ack" VALUES(89,'8320434724',241,'2023-04-17');
INSERT INTO "transactions_ack" VALUES(90,'8320434725',242,'2023-04-17');
INSERT INTO "transactions_ack" VALUES(91,'8320434936',336,'2023-04-17');
INSERT INTO "transactions_ack" VALUES(92,'8320434939',338,'2023-04-17');
INSERT INTO "transactions_ack" VALUES(93,'8320434971',352,'2023-04-17');
INSERT INTO "transactions_ack" VALUES(94,'8320434511',158,'2023-04-17');
INSERT INTO "transactions_ack" VALUES(95,'8320435005',374,'2023-04-17');
INSERT INTO "transactions_ack" VALUES(96,'8320435091',408,'2023-04-17');
INSERT INTO "transactions_ack" VALUES(97,'8320435135',434,'2023-04-17');
INSERT INTO "transactions_ack" VALUES(98,'8320435138',435,'2023-04-17');
INSERT INTO "transactions_ack" VALUES(99,'8320435164',441,'2023-04-17');
INSERT INTO "transactions_ack" VALUES(100,'8320434645',210,'2023-04-17');
INSERT INTO "transactions_ack" VALUES(101,'8320434646',211,'2023-04-17');
INSERT INTO "transactions_ack" VALUES(102,'832043644',212,'2023-04-17');
INSERT INTO "transactions_ack" VALUES(103,'8320434907',325,'2023-04-17');
INSERT INTO "transactions_ack" VALUES(104,'8320434994',356,'2023-04-17');
INSERT INTO "transactions_ack" VALUES(105,'8320434993',358,'2023-04-17');
INSERT INTO "transactions_ack" VALUES(106,'8320435165',431,'2023-04-17');
INSERT INTO "transactions_ack" VALUES(107,'8320434737',245,'2023-04-17');
INSERT INTO "transactions_ack" VALUES(108,'8320434867',318,'2023-04-17');
INSERT INTO "transactions_ack" VALUES(109,'8320434964',349,'2023-04-17');
INSERT INTO "transactions_ack" VALUES(110,'8320434965',350,'2023-04-17');
INSERT INTO "transactions_ack" VALUES(111,'8320435043',387,'2023-04-17');
INSERT INTO "transactions_ack" VALUES(112,'8320435044',388,'2023-04-17');
INSERT INTO "transactions_ack" VALUES(113,'8320435045',389,'2023-04-17');
INSERT INTO "transactions_ack" VALUES(114,'8320434478',153,'2023-04-17');
INSERT INTO "transactions_ack" VALUES(115,'832043434477',154,'2023-04-17');
INSERT INTO "transactions_ack" VALUES(116,'8320435642',612,'2023-04-19');
INSERT INTO "transactions_ack" VALUES(117,'8320535643',613,'2023-04-19');
INSERT INTO "transactions_ack" VALUES(118,'8320435332',458,'2023-04-19');
INSERT INTO "transactions_ack" VALUES(119,'8320435332',458,'2023-04-19');
INSERT INTO "transactions_ack" VALUES(120,'8320435435',510,'2023-04-19');
INSERT INTO "transactions_ack" VALUES(121,'8320435437',511,'2023-04-19');
INSERT INTO "transactions_ack" VALUES(122,'8320435436',512,'2023-04-19');
INSERT INTO "transactions_ack" VALUES(123,'8320433538',513,'2023-04-19');
INSERT INTO "transactions_ack" VALUES(124,'8320435469',536,'2023-04-19');
INSERT INTO "transactions_ack" VALUES(125,'8320435473',539,'2023-04-19');
INSERT INTO "transactions_ack" VALUES(126,'8320435478',541,'2023-04-19');
INSERT INTO "transactions_ack" VALUES(127,'8320435503',548,'2023-04-19');
INSERT INTO "transactions_ack" VALUES(128,'8320435513',550,'2023-04-19');
INSERT INTO "transactions_ack" VALUES(129,'8320435442',515,'2023-04-19');
INSERT INTO "transactions_ack" VALUES(130,'8320435441',516,'2023-04-19');
INSERT INTO "transactions_ack" VALUES(131,'8320435298',392,'2023-04-19');
INSERT INTO "transactions_ack" VALUES(132,'8320435892',714,'2023-04-19');
INSERT INTO "transactions_ack" VALUES(133,'8320435894',715,'2023-04-19');
INSERT INTO "transactions_ack" VALUES(138,'8320435819',673,'2023-04-20');
INSERT INTO "transactions_ack" VALUES(139,'8320435820',674,'2023-04-20');
INSERT INTO "transactions_ack" VALUES(140,'8320435923',732,'2023-04-20');
INSERT INTO "transactions_ack" VALUES(141,'8320435924',733,'2023-04-20');
INSERT INTO "transactions_ack" VALUES(142,'8320435387',489,'2023-04-21');
INSERT INTO "transactions_ack" VALUES(143,'8320435888',712,'2023-04-21');
INSERT INTO "transactions_ack" VALUES(144,'8320435889',713,'2023-04-21');
INSERT INTO "transactions_ack" VALUES(145,'8320435528',559,'2023-04-21');
INSERT INTO "transactions_ack" VALUES(146,'8320435527',560,'2023-04-21');
INSERT INTO "transactions_ack" VALUES(147,'8320435625',605,'2023-04-21');
INSERT INTO "transactions_ack" VALUES(148,'8320435628',606,'2023-04-21');
INSERT INTO "transactions_ack" VALUES(149,'8320435627',607,'2023-04-21');
INSERT INTO "transactions_ack" VALUES(150,'8320435739',657,'2023-04-21');
INSERT INTO "transactions_ack" VALUES(151,'8320435740',658,'2023-04-21');
INSERT INTO "transactions_ack" VALUES(152,'8320435623',599,'2023-04-21');
INSERT INTO "transactions_ack" VALUES(153,'8320435674',627,'2023-04-21');
INSERT INTO "transactions_ack" VALUES(154,'8320435708',643,'2023-04-21');
INSERT INTO "transactions_ack" VALUES(155,'8320435766',664,'2023-04-21');
INSERT INTO "transactions_ack" VALUES(156,'8320435461',525,'2023-04-21');
INSERT INTO "transactions_ack" VALUES(157,'8320435460',526,'2023-04-21');
INSERT INTO "transactions_ack" VALUES(158,'8320435540',566,'2023-04-21');
INSERT INTO "transactions_ack" VALUES(159,'820435539',567,'2023-04-21');
INSERT INTO "transactions_ack" VALUES(160,'8320435431',507,'2023-04-21');
INSERT INTO "transactions_ack" VALUES(161,'8320435531',561,'2023-04-21');
INSERT INTO "transactions_ack" VALUES(162,'8320435530',562,'2023-04-21');
INSERT INTO "transactions_ack" VALUES(163,'8320435579',583,'2023-04-21');
INSERT INTO "transactions_ack" VALUES(164,'8320434856',312,'2023-04-22');
INSERT INTO "transactions_ack" VALUES(165,'8320434857',313,'2023-04-22');
INSERT INTO "transactions_ack" VALUES(166,'4320434905',324,'2023-04-22');
INSERT INTO "transactions_ack" VALUES(167,'8320435081',402,'2023-04-22');
INSERT INTO "transactions_ack" VALUES(168,'8320435082',403,'2023-04-22');
INSERT INTO "transactions_ack" VALUES(169,'8320435083',404,'2023-04-22');
INSERT INTO "transactions_ack" VALUES(170,'8320435577',568,'2023-04-22');
INSERT INTO "transactions_ack" VALUES(171,'8320435457',523,'2023-04-22');
INSERT INTO "transactions_ack" VALUES(172,'8320435705',635,'2023-04-22');
INSERT INTO "transactions_ack" VALUES(173,'8320435797',677,'2023-04-22');
INSERT INTO "transactions_ack" VALUES(174,'8320435574',579,'2023-04-22');
INSERT INTO "transactions_ack" VALUES(175,'8320435575',580,'2023-04-22');
INSERT INTO "transactions_ack" VALUES(176,'8320435646',614,'2023-04-22');
INSERT INTO "transactions_ack" VALUES(177,'8320435647',615,'2023-04-22');
INSERT INTO "transactions_ack" VALUES(178,'8320435682',634,'2023-04-22');
INSERT INTO "transactions_ack" VALUES(179,'8320435843',688,'2023-04-22');
INSERT INTO "transactions_ack" VALUES(180,'8320435861',695,'2023-04-22');
INSERT INTO "transactions_ack" VALUES(181,'8320435873',703,'2023-04-22');
INSERT INTO "transactions_ack" VALUES(182,'8320435900',723,'2023-04-22');
INSERT INTO "transactions_ack" VALUES(183,'8320435926',739,'2023-04-22');
INSERT INTO "transactions_ack" VALUES(184,'8320435919',735,'2023-04-22');
INSERT INTO "transactions_ack" VALUES(185,'8320435920',736,'2023-04-22');
INSERT INTO "transactions_ack" VALUES(186,'8320435956',754,'2023-04-22');
INSERT INTO "transactions_ack" VALUES(187,'8320435955',755,'2023-04-22');
INSERT INTO "transactions_ack" VALUES(188,'8320435957',756,'2023-04-22');
INSERT INTO "transactions_ack" VALUES(189,'8320435966',759,'2023-04-24');
INSERT INTO "transactions_ack" VALUES(190,'8320436201',874,'2023-04-24');
INSERT INTO "transactions_ack" VALUES(191,'8320436269',898,'2023-04-25');
INSERT INTO "transactions_ack" VALUES(192,'8320435204',262,'2023-04-26');
INSERT INTO "transactions_ack" VALUES(193,'8320435203',264,'2023-04-26');
INSERT INTO "transactions_ack" VALUES(194,'8320435910',726,'2023-04-26');
INSERT INTO "transactions_ack" VALUES(195,'8320436187',864,'2023-04-26');
INSERT INTO "transactions_ack" VALUES(196,'8320436243',881,'2023-04-26');
INSERT INTO "transactions_ack" VALUES(197,'8320436244',882,'2023-04-26');
INSERT INTO "transactions_ack" VALUES(198,'321',497,'2023-04-27');
INSERT INTO "transactions_ack" VALUES(199,'8320435388',488,'2023-04-27');
INSERT INTO "transactions_ack" VALUES(200,'8320435428',505,'2023-04-27');
INSERT INTO "transactions_ack" VALUES(201,'8320435584',588,'2023-04-27');
INSERT INTO "transactions_ack" VALUES(202,'8320436137',845,'2023-04-27');
INSERT INTO "transactions_ack" VALUES(203,'8320436136',846,'2023-04-27');
INSERT INTO "transactions_ack" VALUES(204,'8320435951',750,'2023-04-27');
INSERT INTO "transactions_ack" VALUES(205,'8320436321',928,'2023-04-27');
INSERT INTO "transactions_ack" VALUES(206,'8320436320',927,'2023-04-27');
INSERT INTO "transactions_ack" VALUES(207,'8320436334',933,'2023-04-27');
INSERT INTO "transactions_ack" VALUES(208,'8320436442',1012,'2023-04-27');
INSERT INTO "transactions_ack" VALUES(209,'8320436138',847,'2023-04-27');
INSERT INTO "transactions_ack" VALUES(210,'8320435384',485,'2023-04-27');
INSERT INTO "transactions_ack" VALUES(211,'8320435611',595,'2023-04-27');
INSERT INTO "transactions_ack" VALUES(212,'8320436109',830,'2023-04-27');
INSERT INTO "transactions_ack" VALUES(213,'8320436149',853,'2023-04-27');
INSERT INTO "transactions_ack" VALUES(214,'8320436307',918,'2023-04-27');
INSERT INTO "transactions_ack" VALUES(215,'8320436306',919,'2023-04-27');
INSERT INTO "transactions_ack" VALUES(216,'8320436305',920,'2023-04-27');
INSERT INTO "transactions_ack" VALUES(217,'8320436319',929,'2023-04-27');
INSERT INTO "transactions_ack" VALUES(218,'8320436430',989,'2023-04-27');
INSERT INTO "transactions_ack" VALUES(219,'8320436478',974,'2023-04-28');
INSERT INTO "transactions_ack" VALUES(220,'8320436077',815,'2023-04-28');
INSERT INTO "transactions_ack" VALUES(221,'8320436378',968,'2023-04-28');
INSERT INTO "transactions_ack" VALUES(222,'8320436037',796,'2023-04-28');
INSERT INTO "transactions_ack" VALUES(223,'8320436038',795,'2023-04-28');
INSERT INTO "transactions_ack" VALUES(224,'8320436428',987,'2023-04-28');
INSERT INTO "transactions_ack" VALUES(225,'8320435454',520,'2023-04-29');
INSERT INTO "transactions_ack" VALUES(226,'8320435455',521,'2023-04-29');
INSERT INTO "transactions_ack" VALUES(227,'8320436439',993,'2023-04-29');
INSERT INTO "transactions_ack" VALUES(228,'8320436608',1063,'2023-04-29');
INSERT INTO "transactions_ack" VALUES(229,'8320436623',1070,'2023-04-29');
INSERT INTO "transactions_ack" VALUES(230,'8320436529',1028,'2023-04-29');
INSERT INTO "transactions_ack" VALUES(231,'8320436528',1029,'2023-04-29');
INSERT INTO "transactions_ack" VALUES(232,'8320436667',1095,'2023-04-29');
INSERT INTO "transactions_ack" VALUES(233,'8320436668',1094,'2023-04-29');
INSERT INTO "transactions_ack" VALUES(234,'8320436749',1162,'2023-04-30');
INSERT INTO "transactions_ack" VALUES(235,'8320436015',787,'2023-04-30');
INSERT INTO "transactions_ack" VALUES(236,'8320436712',1125,'2023-04-30');
INSERT INTO "transactions_ack" VALUES(237,'8320436711',1126,'2023-04-30');
INSERT INTO "transactions_ack" VALUES(238,'8320436714',1128,'2023-04-30');
INSERT INTO "transactions_ack" VALUES(239,'8320436755',1169,'2023-04-30');
INSERT INTO "transactions_ack" VALUES(240,'8320436858',1224,'2023-04-30');
INSERT INTO "transactions_ack" VALUES(241,'8320436824',1207,'2023-04-30');
INSERT INTO "transactions_ack" VALUES(242,'8320436797',1148,'2023-05-01');
INSERT INTO "transactions_ack" VALUES(243,'8320436800',1149,'2023-05-01');
INSERT INTO "transactions_ack" VALUES(244,'8320436055',792,'2023-05-01');
INSERT INTO "transactions_ack" VALUES(245,'8320436033',793,'2023-05-01');
INSERT INTO "transactions_ack" VALUES(246,'8320436040',794,'2023-05-01');
INSERT INTO "transactions_ack" VALUES(247,'8320436665',1086,'2023-05-01');
INSERT INTO "transactions_ack" VALUES(248,'8320436678',1102,'2023-05-01');
INSERT INTO "transactions_ack" VALUES(249,'8320436679',1104,'2023-05-01');
INSERT INTO "transactions_ack" VALUES(250,'8320436716',1131,'2023-05-01');
INSERT INTO "transactions_ack" VALUES(251,'8320436719',1132,'2023-05-01');
INSERT INTO "transactions_ack" VALUES(252,'8320436810',1196,'2023-05-01');
INSERT INTO "transactions_ack" VALUES(253,'8320436820',1203,'2023-05-01');
INSERT INTO "transactions_ack" VALUES(254,'8320436821',1204,'2023-05-01');
INSERT INTO "transactions_ack" VALUES(255,'8320436192',870,'2023-05-01');
INSERT INTO "transactions_ack" VALUES(256,'8320436267',909,'2023-05-01');
INSERT INTO "transactions_ack" VALUES(257,'8320436270',910,'2023-05-01');
INSERT INTO "transactions_ack" VALUES(258,'8320436340',938,'2023-05-01');
INSERT INTO "transactions_ack" VALUES(259,'8320436414',976,'2023-05-01');
INSERT INTO "transactions_ack" VALUES(260,'8320436437',990,'2023-05-01');
INSERT INTO "transactions_ack" VALUES(261,'8320436438',991,'2023-05-01');
INSERT INTO "transactions_ack" VALUES(262,'83204364',992,'2023-05-01');
INSERT INTO "transactions_ack" VALUES(263,'8320436524',1027,'2023-05-01');
INSERT INTO "transactions_ack" VALUES(264,'8320436584',1051,'2023-05-01');
INSERT INTO "transactions_ack" VALUES(265,'8320436583',1052,'2023-05-01');
INSERT INTO "transactions_ack" VALUES(266,'8320436618',1066,'2023-05-01');
INSERT INTO "transactions_ack" VALUES(267,'8320436617',1067,'2023-05-01');
INSERT INTO "transactions_ack" VALUES(268,'8320436744',1158,'2023-05-01');
INSERT INTO "transactions_ack" VALUES(269,'8320436842',1210,'2023-05-01');
INSERT INTO "transactions_ack" VALUES(270,'8320436660',1087,'2023-05-01');
INSERT INTO "transactions_ack" VALUES(271,'8320436777',1180,'2023-05-01');
INSERT INTO "transactions_ack" VALUES(272,'8320436848',1214,'2023-05-01');
INSERT INTO "transactions_ack" VALUES(273,'8320435912',725,'2023-05-01');
INSERT INTO "transactions_ack" VALUES(274,'8320436152',856,'2023-05-01');
INSERT INTO "transactions_ack" VALUES(275,'8320436336',935,'2023-05-01');
INSERT INTO "transactions_ack" VALUES(276,'8320436352',954,'2023-05-01');
INSERT INTO "transactions_ack" VALUES(277,'8320436351',955,'2023-05-01');
INSERT INTO "transactions_ack" VALUES(278,'8320436445',996,'2023-05-01');
INSERT INTO "transactions_ack" VALUES(279,'8320436444',997,'2023-05-01');
INSERT INTO "transactions_ack" VALUES(280,'8320436482',1016,'2023-05-01');
INSERT INTO "transactions_ack" VALUES(281,'8320436483',1017,'2023-05-01');
INSERT INTO "transactions_ack" VALUES(282,'8320436709',1124,'2023-05-01');
INSERT INTO "transactions_ack" VALUES(283,'8320436764',1172,'2023-05-01');
INSERT INTO "transactions_ack" VALUES(284,'8320436763',1174,'2023-05-01');
INSERT INTO "transactions_ack" VALUES(285,'8320436761',1175,'2023-05-01');
INSERT INTO "transactions_ack" VALUES(286,'8320436891',1246,'2023-05-01');
INSERT INTO "transactions_ack" VALUES(287,'8320436818',1202,'2023-05-01');
INSERT INTO "transactions_ack" VALUES(288,'8320436901',1252,'2023-05-01');
INSERT INTO "transactions_ack" VALUES(289,'8320435863',697,'2023-05-01');
INSERT INTO "transactions_ack" VALUES(290,'8320436669',1093,'2023-05-02');
INSERT INTO "transactions_ack" VALUES(291,'8320436733',1139,'2023-05-02');
INSERT INTO "transactions_ack" VALUES(292,'8320436741',1143,'2023-05-02');
INSERT INTO "transactions_ack" VALUES(293,'8320436241',879,'2023-05-02');
INSERT INTO "transactions_ack" VALUES(294,'8320436240',880,'2023-05-02');
INSERT INTO "transactions_ack" VALUES(295,'8320436778',1178,'2023-05-02');
INSERT INTO "transactions_ack" VALUES(296,'8320436868',1233,'2023-05-02');
INSERT INTO "transactions_ack" VALUES(297,'749',1074,'2023-05-02');
INSERT INTO "transactions_ack" VALUES(298,'750',1075,'2023-05-02');
INSERT INTO "transactions_ack" VALUES(299,'8320436484',999,'2023-05-02');
INSERT INTO "transactions_ack" VALUES(300,'8320436702',1120,'2023-05-02');
INSERT INTO "transactions_ack" VALUES(301,'8320436701',1121,'2023-05-02');
INSERT INTO "transactions_ack" VALUES(302,'8320436789',1188,'2023-05-02');
INSERT INTO "transactions_ack" VALUES(303,'8320436790',1189,'2023-05-02');
INSERT INTO "transactions_ack" VALUES(304,'8320436793',1190,'2023-05-02');
INSERT INTO "transactions_ack" VALUES(305,'8320436815',1200,'2023-05-02');
INSERT INTO "transactions_ack" VALUES(306,'8320436816',1201,'2023-05-02');
INSERT INTO "transactions_ack" VALUES(307,'8320436878',1222,'2023-05-02');
INSERT INTO "transactions_ack" VALUES(308,'8320436879',1223,'2023-05-02');
INSERT INTO "transactions_ack" VALUES(309,'8320436895',1249,'2023-05-02');
INSERT INTO "transactions_ack" VALUES(310,'8320436916',1267,'2023-05-02');
INSERT INTO "transactions_ack" VALUES(311,'8320436915',1268,'2023-05-02');
INSERT INTO "transactions_ack" VALUES(312,'8320436961',1290,'2023-05-02');
INSERT INTO "transactions_ack" VALUES(313,'8320436596',1057,'2023-05-03');
INSERT INTO "transactions_ack" VALUES(314,'8320436607',1047,'2023-05-03');
INSERT INTO "transactions_ack" VALUES(315,'8320436606',1048,'2023-05-03');
INSERT INTO "transactions_ack" VALUES(316,'8320437024',1317,'2023-05-03');
INSERT INTO "transactions_ack" VALUES(317,'8320436268',897,'2023-05-03');
INSERT INTO "transactions_ack" VALUES(318,'8320436296',912,'2023-05-03');
INSERT INTO "transactions_ack" VALUES(319,'8320436376',964,'2023-05-03');
INSERT INTO "transactions_ack" VALUES(320,'8320436897',1248,'2023-05-03');
INSERT INTO "transactions_ack" VALUES(321,'8320436953',1285,'2023-05-03');
INSERT INTO "transactions_ack" VALUES(322,'8320436500',1020,'2023-05-03');
INSERT INTO "transactions_ack" VALUES(323,'8320436979',1299,'2023-05-03');
INSERT INTO "transactions_ack" VALUES(324,'8320436988',1310,'2023-05-03');
INSERT INTO "transactions_ack" VALUES(325,'8320436999',1313,'2023-05-03');
INSERT INTO "transactions_ack" VALUES(326,'8320436658',1084,'2023-05-04');
INSERT INTO "transactions_ack" VALUES(327,'8320436847',1211,'2023-05-04');
INSERT INTO "transactions_ack" VALUES(328,'8320437006',1311,'2023-05-04');
INSERT INTO "transactions_ack" VALUES(329,'8320437007',1312,'2023-05-04');
INSERT INTO "transactions_ack" VALUES(330,'8320436964',1292,'2023-05-05');
INSERT INTO "transactions_ack" VALUES(331,'925',1319,'2023-05-05');
INSERT INTO "transactions_ack" VALUES(332,'8320436784',1184,'2023-05-05');
INSERT INTO "transactions_ack" VALUES(333,'832043336785',1185,'2023-05-05');
INSERT INTO "transactions_ack" VALUES(334,'8320436788',1187,'2023-05-05');
INSERT INTO "transactions_ack" VALUES(335,'8320436786',1186,'2023-05-05');
INSERT INTO "transactions_ack" VALUES(336,'8320437135',1390,'2023-05-05');
INSERT INTO "transactions_ack" VALUES(337,'8320437136',1391,'2023-05-05');
INSERT INTO "transactions_ack" VALUES(338,'8320436844',1212,'2023-05-05');
INSERT INTO "transactions_ack" VALUES(339,'8320436684',1110,'2023-05-05');
INSERT INTO "transactions_ack" VALUES(340,'8320436795',1191,'2023-05-05');
INSERT INTO "transactions_ack" VALUES(341,'8320436768',1176,'2023-05-05');
INSERT INTO "transactions_ack" VALUES(342,'8320436926',1272,'2023-05-05');
INSERT INTO "transactions_ack" VALUES(343,'8320436882',1241,'2023-05-05');
INSERT INTO "transactions_ack" VALUES(344,'8320436883',1242,'2023-05-05');
INSERT INTO "transactions_ack" VALUES(345,'8320437040',1334,'2023-05-05');
INSERT INTO "transactions_ack" VALUES(346,'8320437039',1335,'2023-05-05');
INSERT INTO "transactions_ack" VALUES(347,'8320437054',1341,'2023-05-05');
INSERT INTO "transactions_ack" VALUES(348,'417',608,'2023-05-05');
INSERT INTO "transactions_ack" VALUES(349,'310',481,'2023-05-05');
INSERT INTO "transactions_ack" VALUES(350,'8320436937',1276,'2023-05-05');
INSERT INTO "transactions_ack" VALUES(351,'83204369368',1277,'2023-05-05');
INSERT INTO "transactions_ack" VALUES(352,'8320437023',1323,'2023-05-05');
INSERT INTO "transactions_ack" VALUES(353,'8320437138',1393,'2023-05-05');
INSERT INTO "transactions_ack" VALUES(354,'8320437139',1394,'2023-05-05');
INSERT INTO "transactions_ack" VALUES(355,'8320536853',1217,'2023-05-05');
INSERT INTO "transactions_ack" VALUES(356,'8320436849',1218,'2023-05-05');
INSERT INTO "transactions_ack" VALUES(357,'8320436958',1287,'2023-05-05');
INSERT INTO "transactions_ack" VALUES(358,'83200436960',1289,'2023-05-05');
INSERT INTO "transactions_ack" VALUES(359,'8320437079',1372,'2023-05-05');
INSERT INTO "transactions_ack" VALUES(360,'8320435514',533,'2023-05-06');
INSERT INTO "transactions_ack" VALUES(361,'8320435515',534,'2023-05-06');
INSERT INTO "transactions_ack" VALUES(362,'8320437002',1318,'2023-05-06');
INSERT INTO "transactions_ack" VALUES(363,'8320436822',1205,'2023-05-07');
INSERT INTO "transactions_ack" VALUES(364,'8320436823',1206,'2023-05-07');
INSERT INTO "transactions_ack" VALUES(365,'8320436477',982,'2023-05-07');
INSERT INTO "transactions_ack" VALUES(366,'8320436759',1170,'2023-05-07');
INSERT INTO "transactions_ack" VALUES(367,'8320436833',1209,'2023-05-07');
INSERT INTO "transactions_ack" VALUES(368,'8320436910',1258,'2023-05-07');
INSERT INTO "transactions_ack" VALUES(369,'8320437096',1375,'2023-05-07');
INSERT INTO "transactions_ack" VALUES(370,'380',565,'2023-05-07');
INSERT INTO "transactions_ack" VALUES(371,'379',564,'2023-05-07');
INSERT INTO "transactions_ack" VALUES(372,'8320436966',1294,'2023-05-07');
INSERT INTO "transactions_ack" VALUES(373,'8320437149',1397,'2023-05-07');
INSERT INTO "transactions_ack" VALUES(374,'8320437182',1411,'2023-05-07');
CREATE UNIQUE INDEX "django_content_type_app_label_model_76bd3d3b_uniq" ON "django_content_type" ("app_label", "model");
CREATE UNIQUE INDEX "auth_group_permissions_group_id_permission_id_0cd325b0_uniq" ON "auth_group_permissions" ("group_id", "permission_id");
CREATE INDEX IF NOT EXISTS "auth_group_permissions_group_id_b120cbf9" ON "auth_group_permissions" ("group_id");
CREATE INDEX IF NOT EXISTS "auth_group_permissions_permission_id_84c5c92e" ON "auth_group_permissions" ("permission_id");
CREATE UNIQUE INDEX "auth_permission_content_type_id_codename_01ab375a_uniq" ON "auth_permission" ("content_type_id", "codename");
CREATE INDEX IF NOT EXISTS "auth_permission_content_type_id_2f476e4b" ON "auth_permission" ("content_type_id");
CREATE UNIQUE INDEX "users_user_groups_user_id_group_id_b88eab82_uniq" ON "users_user_groups" ("user_id", "group_id");
CREATE INDEX IF NOT EXISTS "users_user_groups_user_id_5f6f5a90" ON "users_user_groups" ("user_id");
CREATE INDEX IF NOT EXISTS "users_user_groups_group_id_9afc8d0e" ON "users_user_groups" ("group_id");
CREATE UNIQUE INDEX "users_user_user_permissions_user_id_permission_id_43338c45_uniq" ON "users_user_user_permissions" ("user_id", "permission_id");
CREATE INDEX IF NOT EXISTS "users_user_user_permissions_user_id_20aca447" ON "users_user_user_permissions" ("user_id");
CREATE INDEX IF NOT EXISTS "users_user_user_permissions_permission_id_0b93982e" ON "users_user_user_permissions" ("permission_id");
CREATE INDEX IF NOT EXISTS "django_admin_log_content_type_id_c4bce8eb" ON "django_admin_log" ("content_type_id");
CREATE INDEX IF NOT EXISTS "django_admin_log_user_id_c564eba6" ON "django_admin_log" ("user_id");
CREATE INDEX IF NOT EXISTS "django_session_expire_date_a5c62663" ON "django_session" ("expire_date");
CREATE INDEX IF NOT EXISTS "store_truck_details_truck_owner_id_155e372c" ON "store_truck_details" ("truck_owner_id");
CREATE INDEX IF NOT EXISTS "transactions_request_edit_builty_id_17f4ac6b" ON "transactions_request_edit" ("builty_id");
CREATE INDEX IF NOT EXISTS "transactions_request_edit_user_id_296a97e5" ON "transactions_request_edit" ("user_id");
CREATE INDEX IF NOT EXISTS "transactions_ack_builty_id_e9cf4eb9" ON "transactions_ack" ("builty_id");
CREATE INDEX IF NOT EXISTS "store_rate_to_station_id_71b5e0d1" ON "store_rate" ("to_station_id");
CREATE INDEX IF NOT EXISTS "store_rate_from_station_id_cf4de4c2" ON "store_rate" ("from_station_id");
CREATE INDEX IF NOT EXISTS "store_district_office_location_id_def88825" ON "store_district" ("office_location_id");
CREATE INDEX IF NOT EXISTS "users_user_company_id_14799323" ON "users_user" ("company_id");
CREATE INDEX IF NOT EXISTS "users_user_office_location_id_9bf9b0fd" ON "users_user" ("office_location_id");
CREATE INDEX IF NOT EXISTS "store_article_company_name_id_236802e6" ON "store_article" ("company_name_id");
CREATE INDEX IF NOT EXISTS "store_article_consignor_id_170c72fc" ON "store_article" ("consignor_id");
CREATE INDEX IF NOT EXISTS "store_article_office_location_id_216b5e85" ON "store_article" ("office_location_id");
CREATE INDEX IF NOT EXISTS "store_consignor_company_id_9fdf29a0" ON "store_consignor" ("company_id");
CREATE INDEX IF NOT EXISTS "store_consignor_office_location_id_709e205e" ON "store_consignor" ("office_location_id");
CREATE INDEX IF NOT EXISTS "store_onaccount_company_id_8283503d" ON "store_onaccount" ("company_id");
CREATE INDEX IF NOT EXISTS "store_onaccount_office_location_id_d8877177" ON "store_onaccount" ("office_location_id");
CREATE INDEX IF NOT EXISTS "store_station_taluka_id_51032d3b" ON "store_station" ("taluka_id");
CREATE INDEX IF NOT EXISTS "store_station_office_location_id_cc8d1da0" ON "store_station" ("office_location_id");
CREATE INDEX IF NOT EXISTS "store_taluka_district_id_63ffbdb2" ON "store_taluka" ("district_id");
CREATE INDEX IF NOT EXISTS "store_taluka_office_location_id_5a2300b5" ON "store_taluka" ("office_location_id");
CREATE INDEX IF NOT EXISTS "store_from_station_office_location_id_f8e96d27" ON "store_from_station" ("office_location_id");
CREATE INDEX IF NOT EXISTS "store_from_station_taluka_id_b0acd45a" ON "store_from_station" ("taluka_id");
CREATE INDEX IF NOT EXISTS "transactions_builty_article_id_9ef4500b" ON "transactions_builty" ("article_id");
CREATE INDEX IF NOT EXISTS "transactions_builty_company_id_e5faf59d" ON "transactions_builty" ("company_id");
CREATE INDEX IF NOT EXISTS "transactions_builty_consignor_id_abafe990" ON "transactions_builty" ("consignor_id");
CREATE INDEX IF NOT EXISTS "transactions_builty_district_id_32c090e4" ON "transactions_builty" ("district_id");
CREATE INDEX IF NOT EXISTS "transactions_builty_onaccount_id_35cc36f3" ON "transactions_builty" ("onaccount_id");
CREATE INDEX IF NOT EXISTS "transactions_builty_petrol_pump_id_9922ae78" ON "transactions_builty" ("petrol_pump_id");
CREATE INDEX IF NOT EXISTS "transactions_builty_station_to_id_8018ef07" ON "transactions_builty" ("station_to_id");
CREATE INDEX IF NOT EXISTS "transactions_builty_taluka_id_3af43376" ON "transactions_builty" ("taluka_id");
CREATE INDEX IF NOT EXISTS "transactions_builty_truck_details_id_7724d30a" ON "transactions_builty" ("truck_details_id");
CREATE INDEX IF NOT EXISTS "transactions_builty_truck_owner_id_74656a52" ON "transactions_builty" ("truck_owner_id");
CREATE INDEX IF NOT EXISTS "transactions_builty_user_id_82211060" ON "transactions_builty" ("user_id");
CREATE INDEX IF NOT EXISTS "transactions_builty_station_from_id_0fc95978" ON "transactions_builty" ("station_from_id");
CREATE TABLE IF NOT EXISTS "transactions_builty" ("id" integer NOT NULL PRIMARY KEY AUTOINCREMENT, "builty_no" varchar(50) NOT NULL, "DC_date" date NOT NULL, "consignee" varchar(50) NOT NULL, "bags" integer NOT NULL, "delivery_no" integer NULL, "mobile_no" real NULL, "ex_for" varchar(50) NOT NULL, "mode" varchar(50) NOT NULL, "note" varchar(50) NULL, "rate" real NOT NULL, "mt" real NOT NULL, "freight" real NOT NULL, "less_advance" real NOT NULL, "less_tds" real NULL, "balance" real NOT NULL, "diesel" real NOT NULL, "editable" bool NOT NULL, "deleted" bool NOT NULL, "article_id" bigint NOT NULL REFERENCES "store_article" ("id") DEFERRABLE INITIALLY DEFERRED, "company_id" bigint NOT NULL REFERENCES "store_company" ("id") DEFERRABLE INITIALLY DEFERRED, "consignor_id" bigint NOT NULL REFERENCES "store_consignor" ("id") DEFERRABLE INITIALLY DEFERRED, "district_id" bigint NOT NULL REFERENCES "store_district" ("id") DEFERRABLE INITIALLY DEFERRED, "onaccount_id" bigint NOT NULL REFERENCES "store_onaccount" ("id") DEFERRABLE INITIALLY DEFERRED, "petrol_pump_id" bigint NULL REFERENCES "store_petrol_pump" ("id") DEFERRABLE INITIALLY DEFERRED, "station_to_id" bigint NOT NULL REFERENCES "store_station" ("id") DEFERRABLE INITIALLY DEFERRED, "taluka_id" bigint NOT NULL REFERENCES "store_taluka" ("id") DEFERRABLE INITIALLY DEFERRED, "truck_details_id" bigint NOT NULL REFERENCES "store_truck_details" ("id") DEFERRABLE INITIALLY DEFERRED, "truck_owner_id" bigint NOT NULL REFERENCES "store_truck_owner" ("id") DEFERRABLE INITIALLY DEFERRED, "user_id" bigint NOT NULL REFERENCES "users_user" ("id") DEFERRABLE INITIALLY DEFERRED, "station_from_id" bigint NOT NULL REFERENCES "store_from_station" ("id") DEFERRABLE INITIALLY DEFERRED);
INSERT INTO "transactions_builty" VALUES(20,'UTCL-1','2023-04-01','sumit provision',308,6320533650,NULL,'for','cash',NULL,0.0,15.4,0.0,2650.0,0.0,0.0,45.0,0,0,1,1,1,1,8,3,18,29,4,1,3,17);
INSERT INTO "transactions_builty" VALUES(21,'UTCL-2','2023-04-01','sumit provision',192,6320533649,NULL,'for','cash',NULL,0.0,9.6,0.0,0.0,0.0,0.0,0.0,0,0,3,1,1,1,8,NULL,18,29,4,1,3,17);
INSERT INTO "transactions_builty" VALUES(22,'UTCL-3','2023-04-01','MAHALAXMI PROVISIN',340,6320533906,NULL,'for','cash',NULL,0.0,17.0,0.0,1800.0,0.0,0.0,32.0,0,0,1,1,1,1,8,1,19,1,16,1,3,17);
INSERT INTO "transactions_builty" VALUES(23,'UTCL-4','2023-04-01','SHRI RAJCEMENT SALES',260,6320533886,NULL,'for','online',NULL,440.0,13.0,5720.0,9000.0,0.0,-3280.0,0.0,0,0,1,1,1,1,9,NULL,21,27,20,4,3,20);
INSERT INTO "transactions_builty" VALUES(24,'UTCL-5','2023-04-01','SHRI RAJ CEMENT SALES',200,6320533887,NULL,'for','cash',NULL,440.0,10.0,4400.0,0.0,0.0,4400.0,0.0,0,0,1,1,1,1,9,NULL,21,27,20,4,3,20);
INSERT INTO "transactions_builty" VALUES(25,'UTCL-6','2023-04-01','INDRADEEP CONSTRUCTION COM.',500,6320533901,NULL,'for','cash',NULL,0.0,25.0,0.0,2900.0,0.0,0.0,25.0,0,0,1,1,1,1,10,3,22,35,2,1,3,20);
INSERT INTO "transactions_builty" VALUES(26,'UTCL-7','2023-04-01','KESAN HOSPITAL',460,6320533902,NULL,'for','online',NULL,150.0,23.0,3450.0,2000.0,0.0,1450.0,0.0,0,0,1,1,1,1,11,NULL,23,7,21,5,3,17);
INSERT INTO "transactions_builty" VALUES(27,'UTCL-8','2023-04-02','SUMIT PROVISION',240,6320533968,NULL,'for','cash',NULL,0.0,12.0,0.0,1900.0,0.0,0.0,38.0,0,0,1,1,1,1,12,3,24,1,17,1,3,17);
INSERT INTO "transactions_builty" VALUES(28,'UTCL-9','2023-04-02','SANT GAJANAN CEMENT DEPO',100,6320533969,NULL,'for','cash',NULL,0.0,5.0,0.0,0.0,0.0,0.0,0.0,0,0,1,1,1,1,12,NULL,25,1,17,1,3,17);
INSERT INTO "transactions_builty" VALUES(29,'UTCL-10','2023-04-02','KEDRAKUMAR SAGARKUMAR BAGANI',260,6320533977,NULL,'for','cash',NULL,0.0,13.0,0.0,2550.0,0.0,0.0,5.0,0,0,1,1,1,1,8,1,3,1,3,1,3,17);
INSERT INTO "transactions_builty" VALUES(30,'UTCL-11','2023-04-02','KRUSHNA H/W',200,6320533978,NULL,'for','cash',NULL,0.0,10.0,0.0,0.0,0.0,0.0,52.0,0,0,1,1,1,1,8,1,26,1,3,1,3,17);
INSERT INTO "transactions_builty" VALUES(31,'UTCL-12','2023-04-02','NARAYAN H/W',460,6320533986,NULL,'for','cash',NULL,0.0,23.0,0.0,2730.0,0.0,0.0,43.0,0,0,1,1,1,1,13,3,4,2,4,1,3,1);
INSERT INTO "transactions_builty" VALUES(32,'UTCL-13','2023-04-02','RAMPRABHAKAR JAISINGHPURE',460,6320533989,NULL,'for','cash',NULL,0.0,23.0,0.0,2680.0,0.0,0.0,38.0,0,0,1,1,1,1,14,3,27,19,6,1,3,1);
INSERT INTO "transactions_builty" VALUES(39,'UTCL-14','2023-04-02','MEERA CEMENT AGENCY',200,6320533991,NULL,'for','cash',NULL,0.0,10.0,0.0,2680.0,0.0,0.0,50.0,0,0,1,1,1,1,12,3,28,1,2,1,3,1);
INSERT INTO "transactions_builty" VALUES(41,'UTCL-15','2023-04-02','SHREE VYANKATESH ERIGATION',260,6320533990,NULL,'for','cash',NULL,0.0,13.0,0.0,0.0,0.0,0.0,0.0,0,0,1,1,1,1,12,NULL,3,1,2,1,3,1);
INSERT INTO "transactions_builty" VALUES(42,'UTCL-16','2023-04-02','VIDARBHA TRADERS',460,6320533983,NULL,'for','cash',NULL,0.0,23.0,0.0,3990.0,0.0,0.0,40.0,0,0,1,1,1,1,16,3,10,6,12,1,3,1);
INSERT INTO "transactions_builty" VALUES(43,'UTCL-17','2023-04-02','AMOL H/W',240,6320533984,NULL,'for','cash',NULL,0.0,12.0,0.0,2190.0,0.0,0.0,45.0,0,0,1,1,1,1,17,2,31,1,16,1,3,1);
INSERT INTO "transactions_builty" VALUES(44,'UTCL-18','2023-04-02','AMOL H/W',100,6320533985,NULL,'for','cash',NULL,0.0,5.0,0.0,0.0,0.0,0.0,0.0,0,0,3,1,1,1,17,NULL,31,1,16,1,3,1);
INSERT INTO "transactions_builty" VALUES(45,'UTCL-19','2023-04-03','NEW SAHIL ENTERPRISES',460,6320534102,NULL,'for','online',NULL,350.0,23.0,0.0,6000.0,0.0,-6000.0,0.0,0,0,1,1,1,1,18,NULL,32,3,25,5,3,1);
INSERT INTO "transactions_builty" VALUES(46,'UTCL-20','2023-04-03','RAUNAK STEEL',640,6320534134,NULL,'for','online',NULL,150.0,32.0,4800.0,0.0,0.0,4800.0,0.0,0,0,1,1,1,1,19,NULL,23,7,24,6,3,1);
INSERT INTO "transactions_builty" VALUES(47,'UTCL-21','2023-04-03','RADHASWAMI BUILDING MATERIAL',640,6320534132,NULL,'for','online',NULL,150.0,32.0,4800.0,0.0,0.0,4800.0,0.0,0,0,1,1,1,1,20,NULL,23,7,23,6,3,1);
INSERT INTO "transactions_builty" VALUES(48,'UTCL-22','2023-04-03','VIDARBHA TRADERS',180,6320534152,NULL,'for','cash',NULL,0.0,9.0,0.0,0.0,0.0,0.0,0.0,0,0,1,1,1,1,16,NULL,10,6,12,1,3,1);
INSERT INTO "transactions_builty" VALUES(49,'UTCL-23','2023-04-03','JAI AGENCY',600,6320534104,NULL,'for','cash',NULL,0.0,30.0,0.0,3450.0,0.0,0.0,45.0,0,0,1,1,1,1,21,3,33,18,4,1,3,1);
INSERT INTO "transactions_builty" VALUES(53,'UTCL-24','2023-04-03','SHUBHAM H/W',600,6320534098,NULL,'for','online',NULL,330.0,30.0,0.0,8900.0,0.0,-8900.0,0.0,0,0,1,1,1,1,22,NULL,7,6,26,7,3,1);
INSERT INTO "transactions_builty" VALUES(54,'UTCL-25','2023-04-03','Y.D. SHARMA',500,6320534096,NULL,'for','online',NULL,340.0,25.0,8500.0,7000.0,0.0,1500.0,0.0,0,0,1,1,1,1,7,NULL,10,6,28,9,3,1);
INSERT INTO "transactions_builty" VALUES(55,'UTCL-26','2023-04-03','NEW SAHIL ENTERPRISE',600,6320534105,NULL,'for','online',NULL,350.0,30.0,10500.0,9000.0,0.0,1500.0,0.0,0,0,1,1,1,1,18,NULL,32,3,27,8,3,1);
INSERT INTO "transactions_builty" VALUES(56,'UTCL-27','2023-04-03','SHUBHAM H/W',200,6320534177,NULL,'for','cash',NULL,0.0,10.0,0.0,2680.0,0.0,0.0,30.0,0,0,1,1,1,1,22,3,7,6,1,1,3,1);
INSERT INTO "transactions_builty" VALUES(57,'UTCL-28','2023-04-03','AARIF MUSA',260,6320534093,NULL,'for','cash',NULL,0.0,13.0,0.0,0.0,0.0,0.0,0.0,0,0,1,1,1,1,7,NULL,34,6,1,1,3,1);
INSERT INTO "transactions_builty" VALUES(58,'UTCL-29','2023-04-03','SHRI RAM ENGINEERING & H/W',460,632053497,NULL,'for','online',NULL,350.0,23.0,8050.0,7000.0,0.0,1050.0,0.0,0,0,1,1,1,1,28,NULL,22,35,29,10,3,1);
INSERT INTO "transactions_builty" VALUES(59,'UTCL-30','2023-04-03','ASHOK BISE - JAMVASU',300,6320534167,NULL,'for','online',NULL,360.0,15.0,5400.0,7000.0,0.0,-1600.0,0.0,0,0,1,1,1,1,34,NULL,35,30,30,11,3,1);
INSERT INTO "transactions_builty" VALUES(60,'UTCL-31','2023-04-03','ASHOK BISE - JAMVASU',160,6320534168,NULL,'for','online',NULL,360.0,8.0,2880.0,0.0,0.0,2880.0,0.0,0,0,3,1,1,1,34,NULL,35,30,30,11,3,1);
INSERT INTO "transactions_builty" VALUES(61,'UTCL-32','2023-04-03','BAKE BIHARI INFRA',500,6320534171,NULL,'for','online',NULL,150.0,25.0,3750.0,0.0,0.0,3750.0,0.0,0,0,1,1,1,1,14,NULL,23,7,22,5,3,1);
INSERT INTO "transactions_builty" VALUES(62,'UTCL-33','2023-04-03','HINDUSTAN CONSTRUCTION',460,6320534163,NULL,'for','online',NULL,150.0,23.0,3450.0,0.0,0.0,3450.0,0.0,0,0,1,1,1,1,14,NULL,23,7,21,5,3,1);
INSERT INTO "transactions_builty" VALUES(63,'UTCL-34','2023-04-03','SARVDNYA TRADERS',460,6320534092,NULL,'for','cash',NULL,0.0,23.0,0.0,2910.0,0.0,0.0,45.0,0,0,1,1,1,1,7,3,36,19,6,1,3,1);
INSERT INTO "transactions_builty" VALUES(64,'UTCL-35','2023-04-03','KAKAD SAHEB',140,6320533987,NULL,'for','cash',NULL,0.0,7.0,0.0,2020.0,0.0,0.0,45.0,0,0,1,1,1,1,12,3,37,28,17,1,3,1);
INSERT INTO "transactions_builty" VALUES(65,'UTCL-36','2023-04-03','VANSH H/W',100,6320533988,NULL,'for','cash',NULL,0.0,5.0,0.0,0.0,0.0,0.0,0.0,0,0,1,1,1,1,12,NULL,37,28,17,1,3,1);
INSERT INTO "transactions_builty" VALUES(66,'UTCL-37','2023-04-03','VANSH H/W',100,6320533992,NULL,'for','cash',NULL,0.0,5.0,0.0,0.0,0.0,0.0,0.0,0,0,3,1,1,1,12,NULL,37,28,17,1,3,1);
INSERT INTO "transactions_builty" VALUES(67,'UTCL-38','2023-04-03','SHIVAM SALES',500,6320534188,NULL,'for','online',NULL,380.0,25.0,9500.0,8000.0,0.0,1500.0,0.0,0,0,1,1,1,1,18,NULL,38,37,31,12,3,1);
INSERT INTO "transactions_builty" VALUES(68,'UTCL-39','2023-04-03','RADHESHYAM BHARATE',260,6320534148,NULL,'for','cash',NULL,0.0,13.0,0.0,2020.0,0.0,0.0,42.0,0,0,1,1,1,1,2,3,39,1,15,1,3,1);
INSERT INTO "transactions_builty" VALUES(69,'UTCL-40','2023-04-03','RADHESHYAM BHARATE',80,6320534149,NULL,'for','cash',NULL,0.0,4.0,0.0,0.0,0.0,0.0,0.0,0,0,3,1,1,1,2,NULL,39,1,15,1,3,1);
INSERT INTO "transactions_builty" VALUES(70,'UTCL-41','2023-04-03','SOPHI TILES',460,6320534103,NULL,'for','online',NULL,350.0,23.0,8050.0,7000.0,0.0,1050.0,0.0,0,0,1,1,1,1,18,NULL,32,3,32,13,3,1);
INSERT INTO "transactions_builty" VALUES(71,'UTCL-42','2023-04-03','SOPHI TILES',40,6320534211,NULL,'for','online',NULL,350.0,2.0,700.0,0.0,0.0,700.0,0.0,0,0,1,1,1,1,18,NULL,32,3,32,13,3,1);
INSERT INTO "transactions_builty" VALUES(72,'UTCL-43','2023-04-03','GANESH TRADERS',520,6320534113,NULL,'for','online',NULL,400.0,26.0,10400.0,9000.0,0.0,1400.0,0.0,0,0,1,1,1,1,50,NULL,42,39,33,14,3,1);
INSERT INTO "transactions_builty" VALUES(73,'UTCL-44','2023-04-03','SAHU AGENCY',500,6320534165,NULL,'for','online',NULL,150.0,25.0,0.0,0.0,0.0,0.0,0.0,0,0,1,1,1,1,14,NULL,23,7,34,15,3,1);
INSERT INTO "transactions_builty" VALUES(74,'UTCL-45','2023-04-03','MOHAMMAD FARQUE',600,6320534169,NULL,'for','cash',NULL,0.0,30.0,0.0,3990.0,0.0,0.0,47.0,0,0,1,1,1,1,7,3,36,19,12,1,3,1);
INSERT INTO "transactions_builty" VALUES(75,'UTCL-46','2023-04-03','RAKESH PATIL',40,6320534214,NULL,'for','cash',NULL,0.0,2.0,0.0,0.0,0.0,0.0,0.0,0,0,1,1,1,1,7,NULL,36,19,12,1,3,1);
INSERT INTO "transactions_builty" VALUES(76,'UTCL-47','2023-04-03','ASHTIKAR TRADERS',460,6320534170,NULL,'for','cash',NULL,0.0,23.0,0.0,2910.0,0.0,0.0,38.0,0,0,1,1,1,1,7,3,33,18,2,1,3,1);
INSERT INTO "transactions_builty" VALUES(77,'UTCL-48','2023-04-03','SHIVAM SALES',640,6320534189,NULL,'for','cash',NULL,0.0,32.0,0.0,3670.0,0.0,0.0,40.0,0,0,1,1,1,1,18,3,38,37,10,1,3,1);
INSERT INTO "transactions_builty" VALUES(78,'UTCL-49','2023-04-03','RAUNAK STEEL & H/W',600,6320534200,NULL,'for','online',NULL,200.0,30.0,6000.0,0.0,0.0,6000.0,0.0,0,0,1,1,1,1,18,NULL,41,4,35,14,3,1);
INSERT INTO "transactions_builty" VALUES(79,'UTCL-50','2023-04-03','HARIOM TRADERS',500,6320534201,NULL,'for','online',NULL,150.0,25.0,0.0,0.0,0.0,0.0,0.0,0,0,1,1,1,1,51,NULL,23,7,36,5,3,1);
INSERT INTO "transactions_builty" VALUES(80,'UTCL-51','2023-04-03','NILESH WELDING WORK SHOP',340,96320534218,NULL,'for','cash',NULL,0.0,17.0,0.0,1970.0,0.0,0.0,32.0,0,0,1,1,1,1,12,3,18,29,16,1,3,1);
INSERT INTO "transactions_builty" VALUES(81,'UTCL-52','2023-04-03','CHITE SAHEB',100,6320534207,NULL,'for','cash',NULL,0.0,5.0,0.0,1860.0,0.0,0.0,35.0,0,0,1,1,1,1,12,3,3,1,18,1,3,1);
INSERT INTO "transactions_builty" VALUES(82,'UTCL-53','2023-04-03','SUMIT PROVISION',120,6320534208,NULL,'for','cash',NULL,0.0,6.0,0.0,0.0,0.0,0.0,0.0,0,0,1,1,1,1,12,NULL,24,1,18,1,3,1);
INSERT INTO "transactions_builty" VALUES(83,'UTCL-54','2023-04-03','SUMIT PROVISION',100,6320534209,NULL,'for','cash',NULL,0.0,5.0,0.0,0.0,0.0,0.0,0.0,0,0,3,1,1,1,12,NULL,24,1,18,1,3,1);
INSERT INTO "transactions_builty" VALUES(84,'UTCL-55','2023-04-03','GOVIND UDYOG AGENCY',150,6320534111,NULL,'for','online',NULL,350.0,7.5,2625.0,0.0,0.0,2625.0,0.0,0,0,3,1,1,1,7,NULL,10,6,37,16,3,1);
INSERT INTO "transactions_builty" VALUES(85,'UTCL-56','2023-04-03','DAMODAR KIRANA',300,6320534215,NULL,'for','online',NULL,420.0,15.0,6300.0,8000.0,0.0,-1700.0,0.0,0,0,1,1,1,1,17,NULL,21,27,38,4,3,1);
INSERT INTO "transactions_builty" VALUES(86,'UTCL-57','2023-04-03','NILESH K S K - SAWARA',160,6320534216,NULL,'for','online',NULL,0.0,8.0,0.0,0.0,0.0,0.0,0.0,0,0,1,1,1,1,17,NULL,21,27,38,4,3,1);
INSERT INTO "transactions_builty" VALUES(87,'UTCL-58','2023-04-03','MEENA KHAN',460,6320534226,NULL,'for','cash',NULL,0.0,23.0,0.0,2910.0,0.0,0.0,39.0,0,0,1,1,1,1,16,3,36,19,3,1,3,1);
INSERT INTO "transactions_builty" VALUES(88,'UTCL-59','2023-04-04','BALAJI H/W - KUTASA',600,6320534271,NULL,'for','online',NULL,400.0,30.0,12000.0,10000.0,0.0,2000.0,0.0,0,0,1,1,1,1,52,NULL,21,27,39,17,3,1);
INSERT INTO "transactions_builty" VALUES(89,'UTCL-60','2023-04-04','NISAR KHAN - BHATORI',460,6320534272,NULL,'for','cash',NULL,0.0,23.0,0.0,2910.0,0.0,0.0,30.0,0,0,1,1,1,1,7,3,33,18,6,1,3,1);
INSERT INTO "transactions_builty" VALUES(90,'UTCL-61','2023-04-04','VIABHAV KORDE',380,6320534332,NULL,'for','online',NULL,450.0,19.0,8550.0,10000.0,0.0,-1450.0,0.0,0,0,1,1,1,1,8,NULL,43,52,40,18,3,1);
INSERT INTO "transactions_builty" VALUES(91,'UTCL-62','2023-04-04','VAIBHAV KORDE',40,6320534339,NULL,'for','online',NULL,450.0,2.0,900.0,0.0,0.0,900.0,0.0,0,0,1,1,1,1,8,NULL,43,52,40,18,3,1);
INSERT INTO "transactions_builty" VALUES(92,'UTCL-63','2023-04-04','VAIBHAV KORDE',80,6320534337,NULL,'for','online',NULL,450.0,4.0,1800.0,0.0,0.0,1800.0,0.0,0,0,3,1,1,1,8,NULL,43,52,40,18,3,1);
INSERT INTO "transactions_builty" VALUES(93,'UTCL-64','2023-04-05','NAVATRE H/W',640,6320534454,NULL,'for','cash',NULL,0.0,32.0,0.0,4040.0,0.0,0.0,55.0,0,0,1,1,1,1,53,3,42,39,9,1,3,1);
INSERT INTO "transactions_builty" VALUES(94,'UTCL-65','2023-04-05','NAYANDEV AMBALKAR',460,6320534421,NULL,'for','cash',NULL,0.0,23.0,0.0,2680.0,0.0,0.0,50.0,0,0,1,1,1,1,8,3,18,29,10,1,3,1);
INSERT INTO "transactions_builty" VALUES(95,'UTCL-66','2023-04-05','GAJANAN KAKAD',220,6320534483,NULL,'for','cash',NULL,0.0,11.0,0.0,2030.0,0.0,0.0,36.0,0,0,1,1,1,1,12,3,37,28,17,1,3,1);
INSERT INTO "transactions_builty" VALUES(96,'UTCL-67','2023-04-05','GAJANAN KAKAD',120,6320534484,NULL,'for','cash',NULL,0.0,6.0,0.0,0.0,0.0,0.0,0.0,0,0,3,1,1,1,12,NULL,37,28,17,1,3,1);
INSERT INTO "transactions_builty" VALUES(97,'UTCL-68','2023-04-05','MAHRSHI WALMIKI H/W',340,6320534491,NULL,'for','cash',NULL,0.0,17.0,0.0,1970.0,0.0,0.0,22.0,0,0,1,1,1,1,28,3,44,53,16,1,3,1);
INSERT INTO "transactions_builty" VALUES(98,'UTCL-69','2023-04-05','AKASH FATHE',340,6320534439,NULL,'for','cash',NULL,0.0,17.0,0.0,1970.0,0.0,0.0,23.0,0,0,1,1,1,1,28,3,45,53,15,1,3,1);
INSERT INTO "transactions_builty" VALUES(99,'UTCL-70','2023-04-05','P.S TRADERS C/O PANKAJ BHAKRE',460,6320534492,NULL,'for','cash',NULL,0.0,23.0,0.0,2680.0,0.0,0.0,25.0,0,0,1,1,1,1,18,3,47,37,6,1,3,1);
INSERT INTO "transactions_builty" VALUES(100,'UTCL-71','2023-04-05','GOVIND UDYOG AGENCY',460,6320534516,NULL,'for','cash',NULL,0.0,23.0,0.0,3990.0,0.0,0.0,40.0,0,0,1,1,1,1,7,3,10,6,12,1,3,1);
INSERT INTO "transactions_builty" VALUES(101,'UTCL-72','2023-04-05','GOVIND UDYOG AGENCY',180,6320534521,NULL,'for','cash',NULL,0.0,9.0,0.0,0.0,0.0,0.0,0.0,0,0,1,1,1,1,7,NULL,10,6,12,1,3,1);
INSERT INTO "transactions_builty" VALUES(102,'UTCL-KHAM-1','2023-04-01','MAHAJAN SIR',600,6320533890,NULL,'for','cash',NULL,400.0,30.0,0.0,11000.0,0.0,-11000.0,0.0,0,0,9,1,3,3,43,NULL,57,71,44,19,2,48);
INSERT INTO "transactions_builty" VALUES(103,'UTCL-73','2023-04-06','AMOL H/W',200,6320534546,NULL,'for','cash',NULL,0.0,10.0,0.0,2020.0,0.0,0.0,35.0,0,0,1,1,1,1,17,3,31,1,18,1,3,1);
INSERT INTO "transactions_builty" VALUES(104,'UTCL-74','2023-04-06','AMOL H/W',120,6320534545,NULL,'for','cash',NULL,0.0,6.0,0.0,0.0,0.0,0.0,0.0,0,0,3,1,1,1,17,NULL,31,1,18,1,3,1);
INSERT INTO "transactions_builty" VALUES(105,'UTCL-75','2023-04-06','GANESH TRADERS',640,6320534581,NULL,'for','cash',NULL,0.0,32.0,0.0,4040.0,0.0,0.0,55.0,0,0,1,1,1,1,50,3,42,39,9,1,3,1);
INSERT INTO "transactions_builty" VALUES(106,'UTCL-76','2023-04-06','PIYUSH H/W',200,6320534599,NULL,'for','online',NULL,400.0,10.0,4000.0,5800.0,0.0,-1800.0,0.0,0,0,3,1,1,1,54,NULL,58,24,45,22,3,1);
INSERT INTO "transactions_builty" VALUES(107,'UTCL-77','2023-04-06','PIYUSH H/W',140,6320534600,NULL,'for','online',NULL,400.0,7.0,2800.0,0.0,0.0,2800.0,0.0,0,0,1,1,1,1,54,NULL,58,24,45,22,3,1);
INSERT INTO "transactions_builty" VALUES(108,'UTCL-78','2023-04-06','SONAL AGRO SERVICE CENTRE',340,6320534543,NULL,'for','cash',NULL,350.0,17.0,5950.0,7000.0,0.0,-1050.0,0.0,0,0,3,1,1,1,55,NULL,12,3,46,23,3,1);
INSERT INTO "transactions_builty" VALUES(109,'UTCL-79','2023-04-06','SONAL AGRO SERVICE',120,6320534598,NULL,'for','cash',NULL,350.0,6.0,2100.0,0.0,0.0,2100.0,0.0,0,0,1,1,1,1,55,NULL,12,3,46,23,3,1);
INSERT INTO "transactions_builty" VALUES(110,'UTCL-80','2023-04-06','MAHADEV MANDIR',240,6320534541,NULL,'for','online',NULL,400.0,12.0,4800.0,5800.0,0.0,-1000.0,0.0,0,0,1,1,1,1,17,NULL,59,27,47,24,3,1);
INSERT INTO "transactions_builty" VALUES(111,'UTCL-81','2023-04-06','NILESH K S K',100,6320534542,NULL,'for','online',NULL,400.0,5.0,2000.0,0.0,0.0,2000.0,0.0,0,0,1,1,1,1,17,NULL,60,27,47,24,3,1);
INSERT INTO "transactions_builty" VALUES(112,'UTCL-82','2023-04-06','SHREE  VYANKATESH ERIGATION',140,6320534651,NULL,'for','cash',NULL,0.0,7.0,0.0,2070.0,0.0,0.0,37.0,0,0,1,1,1,1,12,3,3,1,15,1,3,1);
INSERT INTO "transactions_builty" VALUES(113,'UTCL-83','2023-04-06','SHREE VYANKATESH ERIGATION',120,6320534625,NULL,'for','cash',NULL,0.0,6.0,0.0,0.0,0.0,0.0,0.0,0,0,3,1,1,1,12,NULL,3,1,15,1,3,1);
INSERT INTO "transactions_builty" VALUES(114,'UTCL-84','2023-04-06','SHREE VYANKATESH ERIGATION',80,6320534652,NULL,'for','cash',NULL,0.0,4.0,0.0,0.0,0.0,0.0,0.0,0,0,3,1,1,1,12,NULL,3,1,15,1,3,1);
INSERT INTO "transactions_builty" VALUES(115,'UTCL-85','2023-04-06','RAJESH PAWAR',460,6320534622,NULL,'for','cash',NULL,0.0,23.0,0.0,2910.0,0.0,0.0,30.0,0,0,1,1,1,1,7,3,33,18,2,1,3,1);
INSERT INTO "transactions_builty" VALUES(116,'UTCL-86','2023-04-06','SHIRAJ THEKEDAR',600,6320534627,NULL,'for','cash',NULL,0.0,30.0,0.0,3750.0,0.0,0.0,35.0,0,0,1,1,1,1,13,3,61,6,4,1,3,1);
INSERT INTO "transactions_builty" VALUES(117,'UTCL-KHAM-2','2023-04-01','MAHAJAN SIR',600,6320533891,NULL,'for','online',NULL,400.0,30.0,12000.0,11000.0,0.0,1000.0,0.0,0,0,9,1,3,3,43,NULL,62,70,48,25,2,48);
INSERT INTO "transactions_builty" VALUES(118,'UTCL-KHAM-3','2023-04-01','GOVIND TRADERS',260,6320533670,NULL,'for','online',NULL,400.0,13.0,5200.0,5500.0,0.0,-300.0,0.0,0,0,9,1,3,3,30,NULL,63,51,49,26,2,48);
INSERT INTO "transactions_builty" VALUES(119,'UTCL-KHAM-4','2023-04-01','GOVIND TRADERS',100,6320533671,NULL,'for','online',NULL,400.0,5.0,2000.0,0.0,0.0,2000.0,0.0,0,0,10,1,3,3,30,NULL,63,51,49,26,2,48);
INSERT INTO "transactions_builty" VALUES(120,'UTCL-KHAM-5','2023-04-01','ANIL PADWAL',200,6320533898,NULL,'for','cash',NULL,0.0,10.0,0.0,1300.0,0.0,0.0,0.0,0,0,9,1,3,3,32,NULL,64,45,14,1,2,48);
INSERT INTO "transactions_builty" VALUES(121,'UTCL-KHAM-6','2023-04-01','UTKARSH B. M.',600,6320533902,NULL,'for','online',NULL,380.0,30.0,11400.0,10000.0,0.0,1400.0,0.0,0,0,9,1,3,3,56,NULL,65,51,50,31,2,48);
INSERT INTO "transactions_builty" VALUES(122,'UTCL-KHAM-7','2023-04-01','UTKARSH B.M.',600,6320533905,NULL,'for','online',NULL,380.0,30.0,11400.0,10000.0,0.0,1400.0,0.0,0,0,9,1,3,3,56,NULL,65,51,51,31,2,48);
INSERT INTO "transactions_builty" VALUES(123,'UTCL-KHAM-8','2023-04-01','AKASH KULSUNDER',500,6320533897,NULL,'for','cash',NULL,330.0,25.0,8250.0,8000.0,0.0,250.0,0.0,0,0,9,1,3,3,30,NULL,56,43,52,32,2,48);
INSERT INTO "transactions_builty" VALUES(124,'UTCL-KHAM-9','2023-04-01','AKASH KULSUNDER',100,6320533904,NULL,'for','cash',NULL,330.0,5.0,1650.0,0.0,0.0,1650.0,0.0,0,0,3,1,3,3,30,NULL,56,43,52,32,2,48);
INSERT INTO "transactions_builty" VALUES(125,'UTCL-87','2023-04-07','MUKTAI H/W',460,6320534672,NULL,'for','cash',NULL,0.0,23.0,0.0,2810.0,0.0,0.0,42.0,0,0,1,1,1,1,58,3,67,2,10,1,3,1);
INSERT INTO "transactions_builty" VALUES(126,'UTCL-KHAM-10','2023-04-01','SANSKRUTI CONSTRUCTION',400,6320533494,NULL,'for','cash',NULL,550.0,20.0,11000.0,10000.0,0.0,1000.0,0.0,0,0,11,1,3,3,61,NULL,83,48,53,33,2,48);
INSERT INTO "transactions_builty" VALUES(127,'UTCL-88','2023-04-07','ORANGE ELETICAL WORKS',460,6320534671,NULL,'for','cash',NULL,0.0,23.0,0.0,2730.0,0.0,0.0,35.0,0,0,1,1,1,1,58,3,68,27,6,1,3,1);
INSERT INTO "transactions_builty" VALUES(128,'UTCL-89','2023-04-07','PRAKASH GEDAM',340,6320534674,NULL,'for','cash',NULL,0.0,17.0,0.0,2190.0,0.0,0.0,37.0,0,0,1,1,1,1,17,3,21,27,17,1,3,1);
INSERT INTO "transactions_builty" VALUES(129,'UTCL-KHAM-11','2023-04-01','SHRI BALAJI TRADERS',400,6320533795,NULL,'for','online',NULL,270.0,20.0,5400.0,4000.0,0.0,1400.0,0.0,0,0,9,1,3,3,31,NULL,69,56,55,34,2,48);
INSERT INTO "transactions_builty" VALUES(130,'UTCL-KHAM-12','2023-04-01','SHRI BALAJI TRADERS',60,6320533954,NULL,'for','cash',NULL,270.0,3.0,810.0,0.0,0.0,810.0,0.0,0,0,10,1,3,3,31,NULL,69,56,55,34,2,48);
INSERT INTO "transactions_builty" VALUES(131,'UTCL-KHAM-13','2023-04-01','SHRI MADHUBAN INDASTRIES',200,6320533909,NULL,'for','cash',NULL,200.0,10.0,2000.0,1300.0,0.0,700.0,0.0,0,0,9,1,3,3,32,NULL,70,44,14,1,2,48);
INSERT INTO "transactions_builty" VALUES(132,'UTCL-90','2023-04-07','RAVI BHAU DHOKE',340,6320534700,NULL,'for','online',NULL,320.0,17.0,5440.0,3500.0,0.0,1940.0,0.0,0,0,1,1,1,1,13,NULL,71,6,54,17,3,1);
INSERT INTO "transactions_builty" VALUES(133,'UTCL-91','2023-04-07','SHUBHAM H/W',560,6320534699,NULL,'for','cash',NULL,0.0,28.0,0.0,3450.0,0.0,0.0,30.0,0,0,1,1,1,1,22,3,7,6,1,1,3,1);
INSERT INTO "transactions_builty" VALUES(134,'UTCL-92','2023-04-07','SHREE VYANKATESH ERIGATION',460,6320534714,NULL,'for','cash',NULL,0.0,23.0,0.0,2680.0,0.0,0.0,47.0,0,0,1,1,1,1,12,3,3,1,4,1,3,1);
INSERT INTO "transactions_builty" VALUES(135,'UTCL-93','2023-04-07','AKSHAY CEMENT & BUILDING MATERIYAL',460,6320534729,NULL,'for','online',NULL,300.0,23.0,6900.0,5500.0,0.0,1400.0,0.0,0,0,1,1,1,1,34,NULL,35,30,46,23,3,1);
INSERT INTO "transactions_builty" VALUES(136,'UTCL-94','2023-04-07','ASTIKAR TRADERS',460,6320534730,NULL,'for','cash',NULL,0.0,23.0,0.0,4000.0,0.0,0.0,40.0,0,0,1,1,1,1,7,3,33,18,12,1,3,1);
INSERT INTO "transactions_builty" VALUES(137,'UTCL-95','2023-04-07','ASHTIKAR TRADERS',180,6320534743,NULL,'for','cash',NULL,0.0,9.0,0.0,0.0,0.0,0.0,0.0,0,0,1,1,1,1,7,NULL,33,18,12,1,3,1);
INSERT INTO "transactions_builty" VALUES(138,'UTCL-KHAM-14','2023-04-01','RAJENDRA NIMKARDE',100,632053,NULL,'for','online',NULL,300.0,5.0,1500.0,1000.0,0.0,500.0,0.0,0,0,9,1,3,3,30,NULL,72,44,56,35,2,48);
INSERT INTO "transactions_builty" VALUES(139,'UTCL-KHAM-15','2023-04-01','SANJAY H/W',600,6320533938,NULL,'for','online',NULL,290.0,30.0,8700.0,9000.0,0.0,-300.0,0.0,0,0,9,1,3,3,23,NULL,52,58,58,37,2,48);
INSERT INTO "transactions_builty" VALUES(140,'UTCL-KHAM-16','2023-04-01','SANJAY H/W',100,3620533939,NULL,'for','online',NULL,290.0,5.0,1450.0,0.0,0.0,1450.0,0.0,0,0,9,1,3,3,23,NULL,52,58,58,37,2,48);
INSERT INTO "transactions_builty" VALUES(141,'UTCL-KHAM-17','2023-04-01','NAWALKISHOR MITTAL',400,3620533625,NULL,'for','online',NULL,260.0,20.0,5200.0,3800.0,0.0,1400.0,0.0,0,0,12,1,3,3,59,NULL,73,56,59,38,2,48);
INSERT INTO "transactions_builty" VALUES(142,'UTCL-KHAM-18','2023-04-01','BHAGWAT GAWANDE',100,6320533941,NULL,'for','online',NULL,300.0,5.0,1500.0,1000.0,0.0,500.0,0.0,0,0,9,1,3,3,30,NULL,74,44,60,39,2,48);
INSERT INTO "transactions_builty" VALUES(143,'UTCL-KHAM-19','2023-04-01','VAIBHAV TRADERS',100,6320533944,NULL,'for','online',NULL,380.0,5.0,1900.0,4500.0,0.0,-2600.0,0.0,0,0,10,1,3,3,45,NULL,75,51,61,32,2,48);
INSERT INTO "transactions_builty" VALUES(144,'UTCL-KHAM-20','2023-04-01','VAIBHAV TRADERS',260,6320533946,NULL,'for','online',NULL,380.0,13.0,4940.0,0.0,0.0,4940.0,0.0,0,0,9,1,3,3,45,NULL,75,51,61,32,2,48);
INSERT INTO "transactions_builty" VALUES(145,'UTCL-KHAM-21','2023-04-01','P.D.UKARDE',200,6320533945,NULL,'for','online',NULL,400.0,10.0,4000.0,0.0,0.0,4000.0,0.0,0,0,9,1,3,3,30,NULL,76,46,62,40,2,48);
INSERT INTO "transactions_builty" VALUES(146,'UTCL-KHAM-22','2023-04-01','TULJAI H/W',300,6320533936,NULL,'for','cash',NULL,270.0,15.0,4050.0,3000.0,0.0,1050.0,0.0,0,0,9,1,3,3,60,NULL,69,56,63,41,2,48);
INSERT INTO "transactions_builty" VALUES(147,'UTCL-KHAM-23','2023-04-01','BHAVANI H/W',200,6320533948,NULL,'for','online',NULL,280.0,10.0,2800.0,2000.0,0.0,800.0,0.0,0,0,9,1,3,3,25,NULL,69,56,64,42,2,48);
INSERT INTO "transactions_builty" VALUES(148,'UTCL-KHAM-24','2023-04-01','BHAVANI H/W',320,6320533949,NULL,'for','online',NULL,280.0,16.0,4480.0,3500.0,0.0,980.0,0.0,0,0,9,1,3,3,25,NULL,69,56,65,42,2,48);
INSERT INTO "transactions_builty" VALUES(149,'UTCL-KHAM-25','2023-04-01','AYUSH H/W',40,6320533947,NULL,'for','cash',NULL,420.0,2.0,840.0,8000.0,0.0,-7160.0,0.0,0,0,9,1,3,3,30,NULL,49,55,66,43,2,48);
INSERT INTO "transactions_builty" VALUES(150,'UTCL-KHAM-26','2023-04-01','OM DAHI BHAT',100,6320533950,NULL,'for','online',NULL,320.0,5.0,1600.0,1000.0,0.0,600.0,0.0,0,0,9,1,3,3,32,NULL,77,45,67,44,2,48);
INSERT INTO "transactions_builty" VALUES(151,'UTCL-KHAM-27','2023-04-02','NAWALKISHOR MITTAL',400,6320533956,NULL,'for','online',NULL,280.0,20.0,5600.0,5500.0,0.0,100.0,0.0,0,0,12,1,3,3,59,NULL,73,56,55,34,2,48);
INSERT INTO "transactions_builty" VALUES(152,'UTCL-KHAM-28','2023-04-02','GURUKRUPA H/W',100,6320533957,NULL,'for','online',NULL,320.0,5.0,1600.0,1000.0,0.0,600.0,0.0,0,0,9,1,3,3,30,NULL,78,50,68,45,2,48);
INSERT INTO "transactions_builty" VALUES(153,'UTCL-KHAM-29','2023-04-02','SAVAJI & SONS',200,6320533604,NULL,'for','online',NULL,420.0,10.0,4200.0,6000.0,0.0,-1800.0,0.0,0,0,10,1,3,3,44,NULL,79,43,69,46,2,48);
INSERT INTO "transactions_builty" VALUES(154,'UTCL-KHAM-30','2023-04-02','SAVAJI & SONS',200,6320533605,NULL,'for','online',NULL,420.0,10.0,4200.0,0.0,0.0,4200.0,0.0,0,0,10,1,3,3,44,NULL,79,43,69,46,2,48);
INSERT INTO "transactions_builty" VALUES(155,'UTCL-KHAM-31','2023-04-02','SHIVKRUPA H/W',300,6320533993,NULL,'for','online',NULL,370.0,15.0,5550.0,4300.0,0.0,1250.0,0.0,0,0,9,1,3,3,30,NULL,80,51,63,41,2,80);
INSERT INTO "transactions_builty" VALUES(156,'UTCL-KHAM-32','2023-04-02','TAWARI TRADERS',260,6320534001,NULL,'for','cash',NULL,380.0,13.0,4940.0,5700.0,0.0,-760.0,0.0,0,0,9,1,3,3,47,NULL,75,51,59,38,2,48);
INSERT INTO "transactions_builty" VALUES(157,'UTCL-KHAM-33','2023-04-02','VISHAL PATIL',140,6320533995,NULL,'for','online',NULL,380.0,7.0,2660.0,0.0,0.0,2660.0,0.0,0,0,9,1,3,3,45,NULL,75,51,59,38,2,48);
INSERT INTO "transactions_builty" VALUES(158,'UTCL-KHAM-34','2023-04-02','MAULI TRADERS',100,6320534022,NULL,'for','online',NULL,320.0,5.0,1600.0,1000.0,0.0,600.0,0.0,0,0,9,1,3,3,30,NULL,73,56,68,45,2,48);
INSERT INTO "transactions_builty" VALUES(159,'UTCL-KHAM-35','2023-04-02','SHRI BALAJI TRADERS',200,6320534044,NULL,'for','online',NULL,0.0,10.0,0.0,1900.0,0.0,0.0,0.0,0,0,9,1,3,3,31,NULL,69,56,14,1,2,48);
INSERT INTO "transactions_builty" VALUES(160,'UTCL-KHAM-36','2023-04-02','SHRI BALAJI TRADERS',20,6320534058,NULL,'for','cash',NULL,0.0,1.0,0.0,0.0,0.0,0.0,0.0,0,0,9,1,3,3,31,NULL,69,56,14,1,2,48);
INSERT INTO "transactions_builty" VALUES(161,'UTCL-KHAM-37','2023-04-02','SHRI BALAJI TRADERS',100,632053,NULL,'for','cash',NULL,0.0,5.0,0.0,0.0,0.0,0.0,0.0,0,0,9,1,3,3,31,NULL,69,56,14,1,2,48);
INSERT INTO "transactions_builty" VALUES(162,'UTCL-KHAM-38','2023-04-02','CEMENT HOUSE MOTALA',200,6320533960,NULL,'for','cash',NULL,370.0,10.0,3700.0,8000.0,0.0,-4300.0,0.0,0,0,9,1,3,3,37,NULL,81,61,66,43,2,48);
INSERT INTO "transactions_builty" VALUES(163,'UTCL-KHAM-39','2023-04-02','CEMENT HOUSE MOTALA',300,6320533961,NULL,'for','online',NULL,370.0,15.0,5550.0,0.0,0.0,5550.0,0.0,0,0,9,1,3,3,37,NULL,81,61,66,43,2,48);
INSERT INTO "transactions_builty" VALUES(164,'UTCL-KHAM-40','2023-04-02','CEMENT HOUSE MOTALA',60,6320534023,NULL,'for','online',NULL,370.0,3.0,1110.0,0.0,0.0,1110.0,0.0,0,0,9,1,3,3,37,NULL,81,61,66,43,2,48);
INSERT INTO "transactions_builty" VALUES(165,'UTCL-96','2023-04-08','KASTURI ENTERPRISES',340,6320534797,NULL,'for','cash',NULL,0.0,17.0,0.0,1800.0,0.0,0.0,45.0,0,0,1,1,1,1,2,1,82,36,16,1,3,17);
INSERT INTO "transactions_builty" VALUES(166,'UTCL-KHAM-41','2023-04-02','SANSKRUTI CONSTRATION',600,6320534060,NULL,'for','cash',NULL,0.0,30.0,0.0,3600.0,0.0,0.0,0.0,0,0,11,1,3,3,61,NULL,83,48,10,1,2,48);
INSERT INTO "transactions_builty" VALUES(167,'UTCL-KHAM-42','2023-04-02','NAWALKISHOR MITTAL',560,6320533957,NULL,'for','online',NULL,280.0,28.0,7840.0,7000.0,0.0,840.0,0.0,0,0,12,1,3,3,59,NULL,73,56,70,47,2,48);
INSERT INTO "transactions_builty" VALUES(168,'UTCL-97','2023-04-08','VIDARBHA TRADERS',340,6320534798,NULL,'for','cash',NULL,0.0,17.0,0.0,2020.0,0.0,0.0,27.0,0,0,1,1,1,1,62,1,10,6,15,1,3,17);
INSERT INTO "transactions_builty" VALUES(169,'UTCL-KHAM-43','2023-04-02','ABS CEMENT STRUCTURALS COMPANY BULDHANA',460,6320534064,NULL,'for','online',NULL,0.0,23.0,0.0,2930.0,0.0,0.0,0.0,0,0,11,1,3,3,63,NULL,84,72,5,1,2,48);
INSERT INTO "transactions_builty" VALUES(170,'UTCL-KHAM-44','2023-04-02','ABS CEMENT STRUCTURALS COMPANY BULDHANA',460,6320534065,NULL,'for','cash',NULL,0.0,23.0,0.0,2930.0,0.0,0.0,0.0,0,0,11,1,3,3,63,NULL,84,72,11,1,2,48);
INSERT INTO "transactions_builty" VALUES(171,'UTCL-KHAM-45','2023-04-02','ABS CEMENT STRUCTURALS COMPANY BULDHANA',480,6320534066,NULL,'for','online',NULL,400.0,24.0,9600.0,0.0,0.0,9600.0,0.0,0,0,11,1,3,3,63,NULL,84,72,71,49,2,48);
INSERT INTO "transactions_builty" VALUES(172,'UTCL-KHAM-46','2023-04-02','ABS CEMENT STRUCTURALS COMPANY BULDHANA',480,6320534067,NULL,'for','cash',NULL,400.0,24.0,9600.0,0.0,0.0,9600.0,0.0,0,0,11,1,3,3,63,NULL,84,72,72,49,2,48);
INSERT INTO "transactions_builty" VALUES(173,'UTCL-KHAM-47','2023-04-02','NAWALKISHOR MITTAL',280,6320534056,NULL,'for','cash',NULL,0.0,14.0,0.0,0.0,0.0,0.0,0.0,0,0,12,1,3,3,59,NULL,73,56,9,1,2,48);
INSERT INTO "transactions_builty" VALUES(174,'UTCL-98','2023-04-09','NILESH WELDING WORK SHOP',200,6320534867,NULL,'for','cash',NULL,0.0,10.0,0.0,1800.0,0.0,0.0,38.0,0,0,1,1,1,1,12,1,18,29,17,1,3,17);
INSERT INTO "transactions_builty" VALUES(175,'UTCL-99','2023-04-09','NILESH WELDING WORK SHOP',140,6320534868,NULL,'for','cash',NULL,0.0,7.0,0.0,0.0,0.0,0.0,0.0,0,0,1,1,1,1,12,NULL,18,29,17,1,3,17);
INSERT INTO "transactions_builty" VALUES(176,'UTCL-KHAM-48','2023-04-02','NAWALKISHOR MITTAL',240,6320534055,NULL,'for','cash',NULL,0.0,12.0,0.0,3820.0,0.0,0.0,0.0,0,0,12,1,3,3,59,NULL,73,56,9,1,2,48);
INSERT INTO "transactions_builty" VALUES(177,'UTCL-KHAM-49','2023-04-02','NAWALKISHOR MITTAL',120,63205340,NULL,'for','cash',NULL,0.0,6.0,0.0,0.0,0.0,0.0,0.0,0,0,12,1,3,3,59,NULL,73,56,9,1,2,48);
INSERT INTO "transactions_builty" VALUES(178,'UTCL-KHAM-50','2023-04-03','GANESH K.K,.',100,6320534107,NULL,'for','online',NULL,320.0,5.0,1600.0,1000.0,0.0,600.0,0.0,0,0,9,1,3,3,30,NULL,85,45,60,39,2,48);
INSERT INTO "transactions_builty" VALUES(179,'UTCL-KHAM-51','2023-04-03','VISHAL KALE',100,6320534094,NULL,'for','online',NULL,280.0,5.0,1400.0,5000.0,0.0,-3600.0,0.0,0,0,10,1,3,3,24,NULL,86,56,59,38,2,55);
INSERT INTO "transactions_builty" VALUES(180,'UTCL-KHAM-52','2023-04-03','VISHAL KALE',300,6320534095,NULL,'for','online',NULL,280.0,15.0,4200.0,0.0,0.0,4200.0,0.0,0,0,9,1,3,3,24,NULL,86,56,59,38,2,55);
INSERT INTO "transactions_builty" VALUES(181,'UTCL-KHAM-53','2023-04-03','ANMOL K.K.',200,6320534109,NULL,'for','cash',NULL,0.0,10.0,0.0,1800.0,0.0,0.0,0.0,0,0,9,1,3,3,30,NULL,87,73,14,1,2,55);
INSERT INTO "transactions_builty" VALUES(182,'UTCL-KHAM-54','2023-04-03','ANMOL K.K.',100,6320534130,NULL,'for','cash',NULL,0.0,5.0,0.0,0.0,0.0,0.0,0.0,0,0,10,1,3,3,30,NULL,87,73,14,1,2,55);
INSERT INTO "transactions_builty" VALUES(183,'UTCL-KHAM-55','2023-04-03','JAI MATA DI TRADERS',360,6320534106,NULL,'for','online',NULL,350.0,18.0,6300.0,5000.0,0.0,1300.0,0.0,0,0,9,1,3,3,30,NULL,88,57,61,32,2,55);
INSERT INTO "transactions_builty" VALUES(184,'UTCL-KHAM-56','2023-04-03','HIMMAT BHAU PAWAR',100,6320534151,NULL,'for','online',NULL,300.0,5.0,1500.0,1000.0,0.0,500.0,0.0,0,0,10,1,3,3,30,NULL,89,44,60,39,2,55);
INSERT INTO "transactions_builty" VALUES(185,'UTCL-KHAM-57','2023-04-03','DR. BADHE',100,6320534108,NULL,'for','online',NULL,320.0,5.0,1600.0,1000.0,0.0,600.0,0.0,0,0,9,1,3,3,30,NULL,78,50,67,44,2,55);
INSERT INTO "transactions_builty" VALUES(186,'UTCL-KHAM-58','2023-04-03','JAISING SOLANKE',100,6320534154,NULL,'for','online',NULL,300.0,5.0,1500.0,1000.0,0.0,500.0,0.0,0,0,9,1,3,3,30,NULL,90,44,73,50,2,55);
INSERT INTO "transactions_builty" VALUES(187,'UTCL-KHAM-59','2023-04-03','SHAIKH JAKIR',100,6320534153,NULL,'for','online',NULL,300.0,5.0,1500.0,1000.0,0.0,500.0,0.0,0,0,9,1,3,3,30,NULL,72,44,73,50,2,55);
INSERT INTO "transactions_builty" VALUES(188,'UTCL-KHAM-60','2023-04-03','CEMENT HOUSE CHIKHALI',300,6320534172,NULL,'for','online',NULL,400.0,15.0,6000.0,9000.0,0.0,-3000.0,0.0,0,0,9,1,3,3,29,NULL,79,43,74,51,2,55);
INSERT INTO "transactions_builty" VALUES(189,'UTCL-KHAM-61','2023-04-03','CEMENT HOUSE CHIKHALI',200,6320534178,NULL,'for','online',NULL,400.0,10.0,4000.0,0.0,0.0,4000.0,0.0,0,0,9,1,3,3,29,NULL,79,43,74,51,2,55);
INSERT INTO "transactions_builty" VALUES(190,'UTCL-KHAM-62','2023-04-03','SHIVA WELDING',100,6320534179,NULL,'for','online',NULL,370.0,5.0,1850.0,5500.0,0.0,-3650.0,0.0,0,0,9,1,3,3,46,NULL,91,74,49,26,2,55);
INSERT INTO "transactions_builty" VALUES(191,'UTCL-KHAM-63','2023-04-03','KRISHNAKRUPA SALES',260,6320534180,NULL,'for','online',NULL,370.0,13.0,4810.0,0.0,0.0,4810.0,0.0,0,0,9,1,3,3,46,NULL,92,74,49,26,2,92);
INSERT INTO "transactions_builty" VALUES(192,'UTCL-KHAM-64','2023-04-03','TIRUPATI H/W',300,6320534156,NULL,'for','online',NULL,280.0,15.0,4200.0,3300.0,0.0,900.0,0.0,0,0,9,1,3,3,23,NULL,52,58,63,41,2,55);
INSERT INTO "transactions_builty" VALUES(193,'UTCL-KHAM-65','2023-04-03','RAM KARANDE',280,6320534186,NULL,'for','online',NULL,420.0,14.0,5880.0,10000.0,0.0,-4120.0,0.0,0,0,9,1,3,3,44,NULL,93,43,70,47,2,55);
INSERT INTO "transactions_builty" VALUES(194,'UTCL-KHAM-66','2023-04-03','RAM KARANDE',280,6320534187,NULL,'for','online',NULL,420.0,14.0,5880.0,0.0,0.0,5880.0,0.0,0,0,9,1,3,3,44,NULL,93,43,70,47,2,55);
INSERT INTO "transactions_builty" VALUES(195,'UTCL-KHAM-67','2023-04-03','TIRUPATI H/W',200,6320531457,NULL,'for','online',NULL,280.0,10.0,2800.0,3500.0,0.0,-700.0,0.0,0,0,9,1,3,3,23,NULL,52,58,55,34,2,55);
INSERT INTO "transactions_builty" VALUES(196,'UTCL-KHAM-68','2023-04-03','TIRUPATI H/W',100,6320534191,NULL,'for','online',NULL,280.0,5.0,1400.0,0.0,0.0,1400.0,0.0,0,0,9,1,3,3,23,NULL,52,58,55,34,2,55);
INSERT INTO "transactions_builty" VALUES(197,'UTCL-KHAM-69','2023-04-03','ADINATH AGENCY',100,6320534198,NULL,'for','online',NULL,280.0,5.0,1400.0,0.0,0.0,1400.0,0.0,0,0,9,1,3,3,23,NULL,52,58,55,34,2,55);
INSERT INTO "transactions_builty" VALUES(198,'UTCL-KHAM-70','2023-04-03','JANTA TRADERS',360,6320534195,NULL,'for','online',NULL,380.0,18.0,6840.0,6500.0,0.0,340.0,0.0,0,0,9,1,3,3,64,NULL,94,61,75,52,2,94);
INSERT INTO "transactions_builty" VALUES(199,'UTCL-KHAM-71','2023-04-03','JANTA TRADERS',40,6320534196,NULL,'for','online',NULL,380.0,2.0,760.0,0.0,0.0,760.0,0.0,0,0,9,1,3,3,64,NULL,94,61,75,52,2,55);
INSERT INTO "transactions_builty" VALUES(200,'UTCL-KHAM-72','2023-04-03','JANTA TRADERS',100,6320534192,NULL,'for','cash',NULL,0.0,5.0,0.0,2930.0,0.0,0.0,0.0,0,0,9,1,3,3,65,NULL,95,72,8,1,2,55);
INSERT INTO "transactions_builty" VALUES(201,'UTCL-KHAM-73','2023-04-03','RAHUL TAYDE',260,6320534113,NULL,'for','cash',NULL,0.0,13.0,0.0,0.0,0.0,0.0,0.0,0,0,9,1,3,3,65,NULL,96,75,8,1,2,55);
INSERT INTO "transactions_builty" VALUES(202,'UTCL-KHAM-74','2023-04-03','BANTI CHOPDA',260,6320534182,NULL,'for','cash',NULL,0.0,13.0,0.0,3500.0,0.0,0.0,0.0,0,0,9,1,3,3,44,NULL,97,76,9,1,2,55);
INSERT INTO "transactions_builty" VALUES(203,'UTCL-KHAM-75','2023-04-03','BANTI CHOPDA',26,6320534183,NULL,'for','cash',NULL,0.0,1.3,0.0,0.0,0.0,0.0,0.0,0,0,9,1,3,3,44,NULL,97,76,9,1,2,55);
INSERT INTO "transactions_builty" VALUES(204,'UTCL-KHAM-76','2023-04-03','BANTI CHOPDA',274,6320534184,NULL,'for','cash',NULL,0.0,13.7,0.0,0.0,0.0,0.0,0.0,0,0,9,1,3,3,44,NULL,97,76,9,1,2,55);
INSERT INTO "transactions_builty" VALUES(205,'UTCL-KHAM-77','2023-04-04','AMBIKA H/W',100,6320534204,NULL,'for','online',NULL,500.0,5.0,2500.0,5000.0,0.0,-2500.0,0.0,0,0,10,1,3,3,66,NULL,84,72,76,53,2,48);
INSERT INTO "transactions_builty" VALUES(206,'UTCL-KHAM-78','2023-04-04','AMBIKA H/W',140,6320534205,NULL,'for','online',NULL,500.0,7.0,3500.0,0.0,0.0,3500.0,0.0,0,0,9,1,3,3,66,NULL,98,68,76,53,2,48);
INSERT INTO "transactions_builty" VALUES(207,'UTCL-KHAM-79','2023-04-03','RAHUL TAYDE',100,6320534194,NULL,'for','cash',NULL,0.0,5.0,0.0,0.0,0.0,0.0,0.0,0,0,10,1,3,3,65,NULL,96,75,8,1,2,55);
INSERT INTO "transactions_builty" VALUES(208,'UTCL-KHAM-80','2023-04-04','BHAGYODAY TRADERS',300,6320534175,NULL,'for','online',NULL,270.0,15.0,4050.0,4000.0,0.0,50.0,0.0,0,0,9,1,3,3,24,NULL,69,56,59,38,2,48);
INSERT INTO "transactions_builty" VALUES(209,'UTCL-KHAM-81','2023-04-04','BHAGYODAY TRADERS',100,6320534176,NULL,'for','online',NULL,270.0,5.0,1350.0,0.0,0.0,1350.0,0.0,0,0,10,1,3,3,24,NULL,69,56,59,38,2,48);
INSERT INTO "transactions_builty" VALUES(210,'UTCL-KHAM-82','2023-04-03','GAJANAN H/W',100,6320534220,NULL,'for','online',NULL,500.0,5.0,2500.0,11500.0,0.0,-9000.0,0.0,0,0,10,1,3,3,40,NULL,99,77,77,54,2,55);
INSERT INTO "transactions_builty" VALUES(211,'UTCL-KHAM-83','2023-04-03','GAJANAN H/W',360,6320534221,NULL,'for','online',NULL,500.0,18.0,9000.0,0.0,0.0,9000.0,0.0,0,0,9,1,3,3,40,NULL,99,77,77,54,2,55);
INSERT INTO "transactions_builty" VALUES(212,'UTCL-KHAM-84','2023-04-03','GAJANAN H/W',40,6320534222,NULL,'for','online',NULL,500.0,2.0,1000.0,0.0,0.0,1000.0,0.0,0,0,9,1,3,3,40,NULL,99,77,77,54,2,55);
INSERT INTO "transactions_builty" VALUES(213,'UTCL-KHAM-85','2023-04-04','JANTA TRADERS',100,6320534264,NULL,'for','online',NULL,470.0,5.0,2350.0,10500.0,0.0,-8150.0,0.0,0,0,10,1,3,3,65,NULL,95,75,78,55,2,48);
INSERT INTO "transactions_builty" VALUES(214,'UTCL-KHAM-86','2023-04-04','AKSHAY PALKAR',400,632053,NULL,'for','online',NULL,470.0,20.0,9400.0,0.0,0.0,9400.0,0.0,0,0,9,1,3,3,65,NULL,100,75,78,55,2,48);
INSERT INTO "transactions_builty" VALUES(215,'UTCL-KHAM-87','2023-04-04','ISMAIL THEKEDAR',120,6320534269,NULL,'for','online',NULL,320.0,6.0,1920.0,1000.0,0.0,920.0,0.0,0,0,9,1,3,3,30,NULL,85,45,68,45,2,48);
INSERT INTO "transactions_builty" VALUES(216,'UTCL-100','2023-04-10','SAMARTH CEMENT TRADERS',300,6320534934,NULL,'for','cash',NULL,0.0,15.0,0.0,1900.0,0.0,0.0,24.0,0,0,1,1,1,1,13,1,101,6,15,1,3,17);
INSERT INTO "transactions_builty" VALUES(217,'UTCL-101','2023-04-10','SAMATRH CEMENT TRADERS',40,6320534935,NULL,'for','cash',NULL,0.0,2.0,0.0,0.0,0.0,0.0,0.0,0,0,1,1,1,1,13,NULL,101,6,15,1,3,17);
INSERT INTO "transactions_builty" VALUES(218,'UTCL-KHAM-88','2023-04-04','SANT NAGRI MULTISPECIALITY',400,6320534243,NULL,'for','online',NULL,270.0,20.0,5400.0,3500.0,0.0,1900.0,0.0,0,0,11,1,3,3,67,NULL,69,56,55,34,2,48);
INSERT INTO "transactions_builty" VALUES(219,'UTCL-KHAM-89','2023-04-04','SANSKRUTI CONSTRUCTION',400,6320534247,NULL,'for','cash',NULL,0.0,20.0,0.0,2830.0,0.0,0.0,0.0,0,0,11,1,3,3,68,NULL,83,48,8,1,2,48);
INSERT INTO "transactions_builty" VALUES(220,'UTCL-KHAM-90','2023-04-04','SANT NAGRI MULTISPECIALITY',600,6320534245,NULL,'for','online',NULL,270.0,30.0,8100.0,6000.0,0.0,2100.0,0.0,0,0,11,1,3,3,67,NULL,69,56,79,47,2,48);
INSERT INTO "transactions_builty" VALUES(221,'UTCL-KHAM-91','2023-04-04','SANT NAGRI MULTISPECIALITY',600,6320534246,NULL,'for','online',NULL,270.0,30.0,8100.0,5800.0,0.0,2300.0,0.0,0,0,11,1,3,3,67,NULL,69,56,52,32,2,48);
INSERT INTO "transactions_builty" VALUES(222,'UTCL-KHAM-92','2023-04-04','SHREE AWAJISIDDHA BUILDING MATERIAL',360,6320534242,NULL,'for','online',NULL,370.0,18.0,6660.0,4500.0,0.0,2160.0,0.0,0,0,9,1,3,3,45,NULL,102,51,61,32,2,48);
INSERT INTO "transactions_builty" VALUES(223,'UTCL-KHAM-93','2023-04-04','PRAKASH SAWANG',100,6320534267,NULL,'for','online',NULL,360.0,5.0,1800.0,1000.0,0.0,800.0,0.0,0,0,10,1,3,3,30,NULL,103,66,80,56,2,48);
INSERT INTO "transactions_builty" VALUES(224,'UTCL-KHAM-94','2023-04-04','SAMEER STEEL C/O YUSUF KHAN',100,6320534281,NULL,'for','online',NULL,320.0,5.0,1600.0,1000.0,0.0,600.0,0.0,0,0,9,1,3,3,30,NULL,104,45,68,45,2,48);
INSERT INTO "transactions_builty" VALUES(225,'UTCL-KHAM-95','2023-04-04','PRIYA H/W',100,6320534249,NULL,'for','cash',NULL,0.0,5.0,0.0,1900.0,0.0,0.0,0.0,0,0,10,1,3,3,69,NULL,105,74,14,1,2,48);
INSERT INTO "transactions_builty" VALUES(226,'UTCL-KHAM-96','2023-04-04','PRIYA H/W',200,6320534250,NULL,'for','cash',NULL,0.0,10.0,0.0,0.0,0.0,0.0,0.0,0,0,9,1,3,3,69,NULL,105,74,14,1,2,48);
INSERT INTO "transactions_builty" VALUES(227,'UTCL-KHAM-97','2023-04-04','SAMEER STEEL C/O SAMEER PATHAN',100,36320534283,NULL,'for','online',NULL,360.0,5.0,1800.0,1000.0,0.0,800.0,0.0,0,0,9,1,3,3,30,NULL,106,45,80,56,2,48);
INSERT INTO "transactions_builty" VALUES(228,'UTCL-KHAM-98','2023-04-04','ANIL KAMBLE',600,6320534273,NULL,'for','cash',NULL,0.0,30.0,0.0,3600.0,0.0,0.0,0.0,0,0,9,1,3,3,48,NULL,107,43,11,1,2,48);
INSERT INTO "transactions_builty" VALUES(229,'UTCL-KHAM-99','2023-04-04','TULJAI H/W',460,6320534270,NULL,'for','cash',NULL,0.0,23.0,0.0,2830.0,0.0,0.0,0.0,0,0,9,1,3,3,60,NULL,69,56,7,1,2,48);
INSERT INTO "transactions_builty" VALUES(230,'UTCL-KHAM-100','2023-04-04','SURESH BAHURUPI',100,6320534230,NULL,'for','online',NULL,360.0,5.0,1800.0,1000.0,0.0,800.0,0.0,0,0,9,1,3,3,30,NULL,85,45,81,3,2,48);
INSERT INTO "transactions_builty" VALUES(231,'UTCL-KHAM-101','2023-04-04','NITIN GHORE',100,6320534236,NULL,'for','online',NULL,340.0,5.0,1700.0,1000.0,0.0,700.0,0.0,0,0,9,1,3,3,30,NULL,103,66,60,39,2,48);
INSERT INTO "transactions_builty" VALUES(232,'UTCL-KHAM-102','2023-04-04','VITTHAL DESHMUKH',100,6320534309,NULL,'for','online',NULL,340.0,5.0,1700.0,1000.0,0.0,700.0,0.0,0,0,9,1,3,3,30,NULL,90,44,80,56,2,48);
INSERT INTO "transactions_builty" VALUES(233,'UTCL-KHAM-103','2023-04-04','SANSKRUTI ENTERPRISES',200,6320534313,NULL,'for','online',NULL,340.0,10.0,3400.0,3700.0,0.0,-300.0,0.0,0,0,10,1,3,3,47,NULL,108,74,63,41,2,48);
INSERT INTO "transactions_builty" VALUES(234,'UTCL-KHAM-104','2023-04-04','SANSKRUTI ENTERPRISES',100,6320534318,NULL,'for','online',NULL,340.0,5.0,1700.0,0.0,0.0,1700.0,0.0,0,0,9,1,3,3,47,NULL,92,74,63,41,2,48);
INSERT INTO "transactions_builty" VALUES(235,'UTCL-KHAM-105','2023-04-04','BHAGYODAY TRADERS',400,6320534328,NULL,'for','online',NULL,270.0,20.0,5400.0,4000.0,0.0,1400.0,0.0,0,0,9,1,3,3,24,NULL,69,56,59,38,2,48);
INSERT INTO "transactions_builty" VALUES(236,'UTCL-KHAM-106','2023-04-04','VISHAD TRADERS',200,6320534251,NULL,'for','online',NULL,420.0,10.0,4200.0,8000.0,0.0,-3800.0,0.0,0,0,9,1,3,3,70,NULL,109,46,66,43,2,48);
INSERT INTO "transactions_builty" VALUES(237,'UTCL-KHAM-107','2023-04-04','VISHAD TRADERS',200,6320534252,NULL,'for','online',NULL,420.0,10.0,4200.0,0.0,0.0,4200.0,0.0,0,0,10,1,3,3,70,NULL,109,46,66,43,2,48);
INSERT INTO "transactions_builty" VALUES(238,'UTCL-KHAM-108','2023-04-04','VISHAD TRADERS',140,6320534343,NULL,'for','online',NULL,420.0,7.0,2940.0,0.0,0.0,2940.0,0.0,0,0,9,1,3,3,70,NULL,109,46,66,43,2,48);
INSERT INTO "transactions_builty" VALUES(239,'UTCL-KHAM-109','2023-04-04','SAMEER STEEL C/O SAMEER KUMAR',100,6320534338,NULL,'for','online',NULL,360.0,5.0,1800.0,1000.0,0.0,800.0,0.0,0,0,9,1,3,3,30,NULL,110,45,60,39,2,48);
INSERT INTO "transactions_builty" VALUES(240,'UTCL-KHAM-110','2023-04-04','JAI GAJANAN H/W',100,6320534299,NULL,'for','online',NULL,360.0,5.0,1800.0,1000.0,0.0,800.0,0.0,0,0,9,1,3,3,30,NULL,111,50,80,56,2,48);
INSERT INTO "transactions_builty" VALUES(241,'UTCL-KHAM-111','2023-04-04','JAGANNATH BHOLE',50,6320534352,NULL,'for','online',NULL,300.0,2.5,750.0,1000.0,0.0,-250.0,0.0,0,0,9,1,3,3,30,NULL,112,44,68,45,2,48);
INSERT INTO "transactions_builty" VALUES(242,'UTCL-KHAM-112','2023-04-04','JAGANNATH BHOLE',80,6320534353,NULL,'for','cash',NULL,300.0,4.0,1200.0,0.0,0.0,1200.0,0.0,0,0,10,1,3,3,30,NULL,112,44,68,45,2,48);
INSERT INTO "transactions_builty" VALUES(243,'UTCL-KHAM-113','2023-04-04','CHAVHAN SAHEB',100,6320534336,NULL,'for','online',NULL,360.0,5.0,1800.0,1000.0,0.0,800.0,0.0,0,0,10,1,3,3,30,NULL,85,45,82,50,2,48);
INSERT INTO "transactions_builty" VALUES(244,'UTCL-KHAM-114','2023-04-04','SHRIKRUPA H/W',400,6320534229,NULL,'for','online',NULL,370.0,20.0,7400.0,6000.0,0.0,1400.0,0.0,0,0,9,1,3,3,30,NULL,80,51,55,34,2,48);
INSERT INTO "transactions_builty" VALUES(245,'UTCL-KHAM-115','2023-04-04','SHREE TRADERS',400,6320534359,NULL,'for','online',NULL,400.0,20.0,8000.0,5800.0,0.0,2200.0,0.0,0,0,9,1,3,3,71,NULL,113,51,83,57,2,48);
INSERT INTO "transactions_builty" VALUES(246,'UTCL-KHAM-116','2023-04-04','N.M.AGRAWAL C/O GANESH SHIV',280,6320534341,NULL,'for','online',NULL,440.0,14.0,6160.0,0.0,0.0,6160.0,0.0,0,0,9,1,3,3,39,NULL,114,75,84,50,2,48);
INSERT INTO "transactions_builty" VALUES(247,'UTCL-KHAM-117','2023-04-04','SANT NAGRI MULTISPECIIALITY',640,6320534246,NULL,'for','online',NULL,270.0,32.0,8640.0,6000.0,0.0,2640.0,0.0,0,0,11,1,3,3,67,NULL,69,56,70,47,2,48);
INSERT INTO "transactions_builty" VALUES(248,'UTCL-KHAM-118','2023-04-04','SANT NAGRI MULTISPECIALITY',60,6320534396,NULL,'for','online',NULL,270.0,3.0,810.0,3700.0,0.0,-2890.0,0.0,0,0,11,1,3,3,67,NULL,69,56,83,57,2,48);
INSERT INTO "transactions_builty" VALUES(249,'UTCL-KHAM-119','2023-04-04','SANT NAGRI MULTISPECIALITY',260,6320534397,NULL,'for','online',NULL,270.0,13.0,3510.0,0.0,0.0,3510.0,0.0,0,0,11,1,3,3,67,NULL,69,56,83,57,2,48);
INSERT INTO "transactions_builty" VALUES(250,'UTCL-KHAM-120','2023-04-04','SANT NAGRI MULTISPECIALITY',60,6320534398,NULL,'for','online',NULL,270.0,3.0,810.0,0.0,0.0,810.0,0.0,0,0,11,1,3,3,67,NULL,69,56,83,57,2,48);
INSERT INTO "transactions_builty" VALUES(251,'UTCL-KHAM-121','2023-04-04','SANT NAGRI MULTISPECIALITY',20,6320534399,NULL,'for','online',NULL,270.0,1.0,270.0,0.0,0.0,270.0,0.0,0,0,11,1,3,3,67,NULL,69,56,83,57,2,48);
INSERT INTO "transactions_builty" VALUES(252,'UTCL-KHAM-122','2023-04-04','RATHI TRADING COMPANY C/O NANDU GAYAKWAD',640,6320534334,NULL,'for','online',NULL,400.0,32.0,12800.0,11500.0,0.0,1300.0,0.0,0,0,9,1,3,3,39,NULL,116,57,86,59,2,48);
INSERT INTO "transactions_builty" VALUES(253,'UTCL-KHAM-123','2023-04-04','AKASH DILIP KULSUNDAR',600,6320534392,NULL,'for','cash',NULL,0.0,30.0,0.0,3700.0,0.0,0.0,0.0,0,0,9,1,3,3,30,NULL,56,43,5,1,2,48);
INSERT INTO "transactions_builty" VALUES(254,'UTCL-KHAM-124','2023-04-04','JADHAV SIR WADAV',260,6320534262,NULL,'for','online',NULL,520.0,13.0,6760.0,10700.0,0.0,-3940.0,0.0,0,0,9,1,3,3,72,NULL,115,78,85,58,2,48);
INSERT INTO "transactions_builty" VALUES(255,'UTCL-KHAM-125','2023-04-04','JADHAV SIR',200,6320534263,NULL,'for','online',NULL,520.0,10.0,5200.0,0.0,0.0,5200.0,0.0,0,0,10,1,3,3,72,NULL,115,78,85,58,2,48);
INSERT INTO "transactions_builty" VALUES(256,'UTCL-KHAM-126','2023-04-04','SWAGAT H/W',560,6320534303,NULL,'for','cash',NULL,0.0,28.0,0.0,3600.0,0.0,0.0,0.0,0,0,9,1,3,3,73,NULL,117,78,13,1,2,48);
INSERT INTO "transactions_builty" VALUES(257,'UTCL-102','2023-04-10','BHARAT CEMENT DEPO',170,6320534960,NULL,'for','cash',NULL,0.0,8.5,0.0,2070.0,0.0,0.0,37.0,0,0,1,1,1,1,17,3,118,2,18,1,3,1);
INSERT INTO "transactions_builty" VALUES(258,'UTCL-103','2023-04-10','DARSHAN CEMENT DEPO',150,6320534961,NULL,'for','cash',NULL,0.0,7.5,0.0,0.0,0.0,0.0,0.0,0,0,3,1,1,1,17,NULL,119,2,18,1,3,1);
INSERT INTO "transactions_builty" VALUES(259,'UTCL-KHAM-127','2023-04-04','SWAGAT H/W',40,6320534369,NULL,'for','cash',NULL,0.0,2.0,0.0,0.0,0.0,0.0,0.0,0,0,9,1,3,3,73,NULL,117,78,13,1,2,48);
INSERT INTO "transactions_builty" VALUES(260,'UTCL-104','2023-04-10','RAJESH DHATRE',340,6320534953,NULL,'for','cash',NULL,0.0,17.0,0.0,1970.0,0.0,0.0,19.0,0,0,1,1,1,1,55,3,120,30,17,1,3,1);
INSERT INTO "transactions_builty" VALUES(261,'UTCL-KHAM-128','2023-04-04','AJINKYA JAISWAL',200,6320534372,NULL,'for','cash',NULL,0.0,10.0,0.0,1300.0,0.0,0.0,0.0,0,0,9,1,3,3,23,NULL,69,56,14,1,2,48);
INSERT INTO "transactions_builty" VALUES(262,'UTCL-105','2023-04-10','GOVIND UDYOG AGENCY',460,6320534955,NULL,'for','online',NULL,330.0,23.0,7590.0,7000.0,0.0,590.0,0.0,0,0,1,1,1,1,7,NULL,10,6,87,60,3,1);
INSERT INTO "transactions_builty" VALUES(263,'UTCL-KHAM-129','2023-04-04','BHOLESHWAR KIRANA',460,6320534355,NULL,'for','cash',NULL,0.0,23.0,0.0,2830.0,0.0,0.0,0.0,0,0,9,1,3,3,30,NULL,54,78,11,1,2,48);
INSERT INTO "transactions_builty" VALUES(264,'UTCL-106','2023-04-10','GOVIND UDYOG AGENCY',40,6320534969,NULL,'for','online',NULL,330.0,2.0,660.0,0.0,0.0,660.0,0.0,0,0,1,1,1,1,7,NULL,10,6,87,60,3,1);
INSERT INTO "transactions_builty" VALUES(265,'UTCL-107','2023-04-10','KAYNAT H/W',200,6320534957,NULL,'for','cash',NULL,0.0,10.0,0.0,1970.0,0.0,0.0,19.0,0,0,1,1,1,1,18,3,121,35,16,1,3,1);
INSERT INTO "transactions_builty" VALUES(266,'UTCL-KHAM-130','2023-04-04','RATHI TRADING COMPANY C/O NASEEM SHAIKH',600,6320534335,NULL,'for','cash',NULL,0.0,30.0,0.0,3600.0,0.0,0.0,0.0,0,0,9,1,3,3,39,NULL,122,72,5,1,2,48);
INSERT INTO "transactions_builty" VALUES(267,'UTCL-108','2023-04-10','AGRAWAL KIRANA',140,6320534958,NULL,'for','cash',NULL,0.0,7.0,0.0,0.0,0.0,0.0,0.0,0,0,1,1,1,1,18,NULL,121,35,16,1,3,1);
INSERT INTO "transactions_builty" VALUES(268,'UTCL-KHAM-131','2023-04-04','SHREE TRADERS',460,6320534393,NULL,'for','cash',NULL,0.0,23.0,0.0,2830.0,0.0,0.0,0.0,0,0,9,1,3,3,44,NULL,56,43,7,1,2,48);
INSERT INTO "transactions_builty" VALUES(269,'UTCL-KHAM-132','2023-04-04','BHAGYODAY TRADERS',200,6320534400,NULL,'for','online',NULL,270.0,10.0,2700.0,3800.0,0.0,-1100.0,0.0,0,0,9,1,3,3,24,NULL,69,56,59,38,2,48);
INSERT INTO "transactions_builty" VALUES(270,'UTCL-KHAM-133','2023-04-04','BHAGYODAY TRADERS',200,6320534401,NULL,'for','online',NULL,270.0,10.0,2700.0,0.0,0.0,2700.0,0.0,0,0,10,1,3,3,24,NULL,69,56,59,38,2,48);
INSERT INTO "transactions_builty" VALUES(271,'UTCL-KHAM-134','2023-04-04','SANSKTURI CONSTRUCTION',60,6320534403,NULL,'for','cash',NULL,0.0,3.0,0.0,0.0,0.0,0.0,0.0,0,0,11,1,3,3,61,NULL,83,48,8,1,2,48);
INSERT INTO "transactions_builty" VALUES(272,'UTCL-KHAM-135','2023-04-05','SAMEER STEEL',100,6320534416,NULL,'for','online',NULL,360.0,5.0,1800.0,1000.0,0.0,800.0,0.0,0,0,9,1,3,3,30,NULL,104,45,82,50,2,48);
INSERT INTO "transactions_builty" VALUES(273,'UTCL-KHAM-136','2023-04-05','BABA TRADER',100,6320534423,NULL,'for','online',NULL,360.0,5.0,1800.0,1000.0,0.0,800.0,0.0,0,0,9,1,3,3,30,NULL,123,44,80,56,2,48);
INSERT INTO "transactions_builty" VALUES(274,'UTCL-KHAM-137','2023-04-05','SIDDHIVINAYAK H/W',500,6320534419,NULL,'for','online',NULL,400.0,25.0,10000.0,9000.0,0.0,1000.0,0.0,0,0,9,1,3,3,44,NULL,79,43,89,62,2,48);
INSERT INTO "transactions_builty" VALUES(275,'UTCL-KHAM-138','2023-04-05','PREMSINGH INGLE',100,6320534422,NULL,'for','online',NULL,360.0,5.0,1800.0,1000.0,0.0,800.0,0.0,0,0,9,1,3,3,30,NULL,85,45,80,56,2,48);
INSERT INTO "transactions_builty" VALUES(276,'UTCL-109','2023-04-10','GOVIND UDYOG AGENCY',460,6320534956,NULL,'for','cash',NULL,0.0,23.0,0.0,3990.0,0.0,0.0,0.0,0,0,1,1,1,1,7,NULL,10,6,9,1,3,1);
INSERT INTO "transactions_builty" VALUES(277,'UTCL-110','2023-04-10','GOVIND UDYOG AGENCY',180,6320534976,NULL,'for','cash',NULL,0.0,9.0,0.0,0.0,0.0,0.0,0.0,0,0,1,1,1,1,7,NULL,10,6,9,1,3,1);
INSERT INTO "transactions_builty" VALUES(278,'UTCL-KHAM-139','2023-04-05','PADMAKAR PATIL',200,6320534449,NULL,'for','cash',NULL,0.0,10.0,0.0,1800.0,0.0,0.0,0.0,0,0,9,1,3,3,27,NULL,124,63,14,1,2,124);
INSERT INTO "transactions_builty" VALUES(279,'UTCL-KHAM-140','2023-04-05','PADMAKAR PATIL',100,632053459,NULL,'for','online',NULL,0.0,5.0,0.0,0.0,0.0,0.0,0.0,0,0,9,1,3,3,27,NULL,124,63,67,44,2,48);
INSERT INTO "transactions_builty" VALUES(280,'UTCL-KHAM-141','2023-04-05','DEEPAK WANKHADE',100,6320534455,NULL,'for','online',NULL,360.0,5.0,1800.0,1000.0,0.0,800.0,0.0,0,0,10,1,3,3,30,NULL,125,44,60,39,2,48);
INSERT INTO "transactions_builty" VALUES(281,'UTCL-111','2023-04-10','SHUBHAM H/W',640,6320534979,NULL,'for','cash',NULL,0.0,32.0,0.0,3750.0,0.0,0.0,28.0,0,0,1,1,1,1,22,3,7,6,4,1,3,1);
INSERT INTO "transactions_builty" VALUES(282,'UTCL-KHAM-142','2023-04-05','JAY GAJANAN H/W',100,6320534301,NULL,'for','online',NULL,360.0,5.0,1800.0,1000.0,0.0,800.0,0.0,0,0,9,1,3,3,30,NULL,111,50,80,56,2,48);
INSERT INTO "transactions_builty" VALUES(283,'UTCL-KHAM-143','2023-04-05','KRISHNAKRUPA SALES',260,6320534324,NULL,'for','online',NULL,380.0,13.0,4940.0,5500.0,0.0,-560.0,0.0,0,0,9,1,3,3,46,NULL,92,74,55,34,2,48);
INSERT INTO "transactions_builty" VALUES(284,'UTCL-KHAM-144','2023-04-05','SHYAM KHAZOD',100,6320534325,NULL,'for','online',NULL,380.0,5.0,1900.0,0.0,0.0,1900.0,0.0,0,0,9,1,3,3,46,NULL,126,74,55,34,2,48);
INSERT INTO "transactions_builty" VALUES(285,'UTCL-KHAM-145','2023-04-05','KRISHNAKRUPA SALES',40,6320534475,NULL,'for','online',NULL,380.0,2.0,760.0,0.0,0.0,760.0,0.0,0,0,9,1,3,3,46,NULL,92,74,55,34,2,48);
INSERT INTO "transactions_builty" VALUES(286,'UTCL-KHAM-146','2023-04-05','SHRI AWAJISIDDHA BUILDING MATERIAL',360,6320534242,NULL,'for','online',NULL,380.0,18.0,6840.0,4800.0,0.0,2040.0,0.0,0,0,9,1,3,3,45,NULL,102,51,61,32,2,48);
INSERT INTO "transactions_builty" VALUES(287,'UTCL-112','2023-04-10','BANDU BHAU WANKHADE',320,6320534959,NULL,'for','online',NULL,320.0,16.0,5120.0,4000.0,0.0,1120.0,0.0,0,0,1,1,1,1,21,NULL,7,6,90,17,3,1);
INSERT INTO "transactions_builty" VALUES(288,'UTCL-113','2023-04-10','ORANGE ELETICAL WORKS',460,6320534978,NULL,'for','cash',NULL,0.0,23.0,0.0,2960.0,0.0,0.0,30.0,0,0,3,1,1,1,58,2,127,40,2,1,3,1);
INSERT INTO "transactions_builty" VALUES(289,'UTCL-114','2023-04-10','NARAYAN H/W',500,6320534980,NULL,'for','online',NULL,400.0,25.0,10000.0,9000.0,0.0,1000.0,0.0,0,0,1,1,1,1,13,NULL,4,2,91,63,3,1);
INSERT INTO "transactions_builty" VALUES(290,'UTCL-115','2023-04-10','ORANGE ELETICAL WORKS',460,6320534974,NULL,'for','cash',NULL,0.0,23.0,0.0,2730.0,0.0,0.0,35.0,0,0,1,1,1,1,58,3,21,27,1,1,3,1);
INSERT INTO "transactions_builty" VALUES(291,'UTCL-116','2023-04-10','ORANGE ELETICAL WORKS',460,6320534975,NULL,'for','cash',NULL,0.0,23.0,0.0,4040.0,0.0,0.0,40.0,0,0,1,1,1,1,58,2,58,24,12,1,3,1);
INSERT INTO "transactions_builty" VALUES(292,'UTCL-117','2023-04-10','ORANGE ELETICAL WORKS',180,632053489,NULL,'for','cash',NULL,0.0,9.0,0.0,0.0,0.0,0.0,57.0,0,0,1,1,1,1,58,3,58,24,12,1,3,1);
INSERT INTO "transactions_builty" VALUES(293,'UTCL-118','2023-04-10','PALIWAL SAHEB',500,6320534972,NULL,'for','online',NULL,450.0,25.0,11250.0,10000.0,0.0,1250.0,0.0,0,0,1,1,1,1,12,NULL,18,29,88,61,3,1);
INSERT INTO "transactions_builty" VALUES(294,'UTCL-KHAM-147','2023-04-05','AADITYA JASWANI',100,6320534474,NULL,'for','online',NULL,320.0,5.0,1600.0,0.0,0.0,1600.0,0.0,0,0,9,1,3,3,60,NULL,128,63,68,45,2,48);
INSERT INTO "transactions_builty" VALUES(295,'UTCL-KHAM-148','2023-04-05','DIPAK BHISE',200,6320534464,NULL,'for','online',NULL,280.0,10.0,2800.0,4000.0,0.0,-1200.0,0.0,0,0,9,1,3,3,24,NULL,128,63,92,32,2,48);
INSERT INTO "transactions_builty" VALUES(296,'UTCL-KHAM-149','2023-04-05','DIPAK BHISE',100,6320534465,NULL,'for','online',NULL,280.0,5.0,1400.0,0.0,0.0,1400.0,0.0,0,0,10,1,3,3,24,NULL,128,63,93,32,2,48);
INSERT INTO "transactions_builty" VALUES(297,'UTCL-KHAM-150','2023-04-05','PRAMOD PATIL',600,6320534486,NULL,'for','online',NULL,320.0,30.0,9600.0,6000.0,0.0,3600.0,0.0,0,0,9,1,3,3,47,NULL,129,79,70,47,2,48);
INSERT INTO "transactions_builty" VALUES(298,'UTCL-KHAM-151','2023-04-05','NIRAJ TRADERS',200,6320534240,NULL,'for','online',NULL,370.0,10.0,3700.0,4300.0,0.0,-600.0,0.0,0,0,9,1,3,3,47,NULL,75,51,92,32,2,48);
INSERT INTO "transactions_builty" VALUES(299,'UTCL-KHAM-152','2023-04-05','NIRAJ TRADERS',100,6320534241,NULL,'for','online',NULL,370.0,5.0,1850.0,0.0,0.0,1850.0,0.0,0,0,9,1,3,3,47,NULL,75,51,92,32,2,48);
INSERT INTO "transactions_builty" VALUES(300,'UTCL-KHAM-153','2023-04-05','KRISHNAKRUPA SALES',200,6320534326,NULL,'for','online',NULL,390.0,10.0,3900.0,5500.0,0.0,-1600.0,0.0,0,0,9,1,3,3,46,NULL,105,74,94,64,2,48);
INSERT INTO "transactions_builty" VALUES(301,'UTCL-KHAM-154','2023-04-05','TULJA BHAVANI H/W',320,6320534426,NULL,'for','online',NULL,550.0,16.0,8800.0,10000.0,0.0,-1200.0,0.0,0,0,9,1,3,3,35,NULL,83,48,95,65,2,48);
INSERT INTO "transactions_builty" VALUES(302,'UTCL-KHAM-155','2023-04-05','TULJA BHAVANI H/W',80,6320534452,NULL,'for','online',NULL,550.0,4.0,2200.0,0.0,0.0,2200.0,0.0,0,0,9,1,3,3,35,NULL,83,48,95,65,2,48);
INSERT INTO "transactions_builty" VALUES(303,'UTCL-KHAM-156','2023-04-05','GOPAL KADU',100,6320534327,NULL,'for','online',NULL,390.0,5.0,1950.0,0.0,0.0,1950.0,0.0,0,0,9,1,3,3,46,NULL,130,74,94,64,2,48);
INSERT INTO "transactions_builty" VALUES(304,'UTCL-KHAM-157','2023-04-05','KRISHNAKRUPA SALES',60,6320534427,NULL,'for','online',NULL,390.0,3.0,1170.0,0.0,0.0,1170.0,0.0,0,0,9,1,3,3,46,NULL,105,74,94,64,2,48);
INSERT INTO "transactions_builty" VALUES(305,'UTCL-KHAM-158','2023-04-05','SAI SAMARTH H/W',210,6320534235,NULL,'for','online',NULL,500.0,10.5,5250.0,13000.0,0.0,-7750.0,0.0,0,0,9,1,3,3,40,NULL,131,67,96,66,2,48);
INSERT INTO "transactions_builty" VALUES(306,'UTCL-KHAM-159','2023-04-05','SAI SAMARTH H/W',110,6320534236,NULL,'for','online',NULL,500.0,5.5,2750.0,0.0,0.0,2750.0,0.0,0,0,10,1,3,3,40,NULL,131,67,96,66,2,48);
INSERT INTO "transactions_builty" VALUES(307,'UTCL-KHAM-160','2023-04-05','PRAVIN TRADERS',240,6320534479,NULL,'for','online',NULL,500.0,12.0,6000.0,0.0,0.0,6000.0,0.0,0,0,9,1,3,3,40,NULL,132,67,96,66,2,48);
INSERT INTO "transactions_builty" VALUES(308,'UTCL-KHAM-161','2023-04-05','SAMARTH K.K.',300,6320534233,NULL,'for','cash',NULL,0.0,15.0,0.0,2830.0,0.0,0.0,0.0,0,0,10,1,3,3,40,NULL,133,67,5,1,2,48);
INSERT INTO "transactions_builty" VALUES(309,'UTCL-KHAM-162','2023-04-05','SAMARTH K.K.',160,6320534234,NULL,'for','cash',NULL,0.0,8.0,0.0,0.0,0.0,0.0,0.0,0,0,9,1,3,3,40,NULL,133,67,5,1,2,48);
INSERT INTO "transactions_builty" VALUES(310,'UTCL-KHAM-163','2023-04-05','MAHARASHTRA TRADERS',200,6320534493,NULL,'for','cash',NULL,0.0,10.0,0.0,3600.0,0.0,0.0,0.0,0,0,10,1,3,3,74,NULL,134,77,13,1,2,48);
INSERT INTO "transactions_builty" VALUES(311,'UTCL-KHAM-164','2023-04-05','MAHARASHTRA TRADERS',400,6320534494,NULL,'for','cash',NULL,0.0,20.0,0.0,0.0,0.0,0.0,0.0,0,0,9,1,3,3,74,NULL,134,77,13,1,2,48);
INSERT INTO "transactions_builty" VALUES(312,'UTCL-KHAM-165','2023-04-05','OSWAL STEEL',500,6320534485,NULL,'for','online',NULL,400.0,25.0,10000.0,10500.0,0.0,-500.0,0.0,0,0,9,1,3,3,38,NULL,84,72,97,67,2,48);
INSERT INTO "transactions_builty" VALUES(313,'UTCL-KHAM-166','2023-04-05','OSWAL STEEL',100,6320534502,NULL,'for','online',NULL,400.0,5.0,2000.0,0.0,0.0,2000.0,0.0,0,0,9,1,3,3,38,NULL,84,72,97,67,2,48);
INSERT INTO "transactions_builty" VALUES(314,'UTCL-KHAM-167','2023-04-05','VAISHNAVI K.K.',360,6320534499,NULL,'for','cash',NULL,0.0,18.0,0.0,2930.0,0.0,0.0,0.0,0,0,9,1,3,3,39,NULL,135,75,7,1,2,48);
INSERT INTO "transactions_builty" VALUES(315,'UTCL-KHAM-168','2023-04-05','VAISHNAVI K.K.',100,6320534500,NULL,'for','cash',NULL,0.0,5.0,0.0,0.0,0.0,0.0,0.0,0,0,10,1,3,3,39,NULL,135,75,7,1,2,48);
INSERT INTO "transactions_builty" VALUES(316,'UTCL-KHAM-169','2023-04-05','BALAJI H/W',400,6320534505,NULL,'for','online',NULL,500.0,20.0,10000.0,10000.0,0.0,0.0,0.0,0,0,9,1,3,3,66,NULL,98,68,66,43,2,48);
INSERT INTO "transactions_builty" VALUES(317,'UTCL-KHAM-170','2023-04-05','RAJESHWAR H/W',140,6320534506,NULL,'for','online',NULL,500.0,7.0,3500.0,0.0,0.0,3500.0,0.0,0,0,9,1,3,3,66,NULL,98,68,66,43,2,48);
INSERT INTO "transactions_builty" VALUES(318,'UTCL-KHAM-171','2023-04-05','SAVAJI & SONS',400,6320534420,NULL,'for','online',NULL,370.0,20.0,7400.0,5500.0,0.0,1900.0,0.0,0,0,9,1,3,3,44,NULL,79,43,83,57,2,48);
INSERT INTO "transactions_builty" VALUES(319,'UTCL-KHAM-172','2023-04-05','SHRI BALAJI SALES',400,6320534463,NULL,'for','online',NULL,370.0,20.0,7400.0,7000.0,0.0,400.0,0.0,0,0,9,1,3,3,75,NULL,92,74,59,38,2,48);
INSERT INTO "transactions_builty" VALUES(320,'UTCL-KHAM-173','2023-04-05','KRISHNA AGENCY',560,6320534466,NULL,'for','online',NULL,450.0,28.0,12600.0,11500.0,0.0,1100.0,0.0,0,0,9,1,3,3,40,NULL,134,77,98,2,2,48);
INSERT INTO "transactions_builty" VALUES(321,'UTCL-KHAM-174','2023-04-05','ANIL KAMBLE',460,6320534517,NULL,'for','cash',NULL,0.0,23.0,0.0,2830.0,0.0,0.0,0.0,0,0,9,1,3,3,48,NULL,136,43,11,1,2,48);
INSERT INTO "transactions_builty" VALUES(322,'UTCL-KHAM-175','2023-04-05','SHRI OM TRADERS',460,6320534523,NULL,'for','cash',NULL,0.0,23.0,0.0,2830.0,0.0,0.0,0.0,0,0,9,1,3,3,76,NULL,83,48,8,1,2,48);
INSERT INTO "transactions_builty" VALUES(323,'UTCL-KHAM-176','2023-04-05','SAVAJI & SONS',300,6320534518,NULL,'for','cash',NULL,0.0,15.0,0.0,1800.0,0.0,0.0,0.0,0,0,9,1,3,3,44,NULL,79,43,14,1,2,48);
INSERT INTO "transactions_builty" VALUES(324,'UTCL-KHAM-177','2023-04-06','SHALIMAR TRADERS',360,6320534547,NULL,'for','online',NULL,540.0,18.0,9720.0,8500.0,0.0,1220.0,0.0,0,0,9,1,3,3,35,NULL,83,48,99,68,2,48);
INSERT INTO "transactions_builty" VALUES(325,'UTCL-KHAM-178','2023-04-06','VARAD AGENCY',600,6320534562,NULL,'for','online',NULL,500.0,30.0,15000.0,14000.0,0.0,1000.0,0.0,0,0,9,1,3,3,77,NULL,137,67,100,69,2,48);
INSERT INTO "transactions_builty" VALUES(326,'UTCL-KHAM-179','2023-04-06','DIPAK ENTERPRISES',100,6320534573,NULL,'for','cash',NULL,0.0,5.0,0.0,1800.0,0.0,0.0,0.0,0,0,10,1,3,3,24,NULL,138,56,14,1,2,48);
INSERT INTO "transactions_builty" VALUES(327,'UTCL-KHAM-180','2023-04-06','DIPAK ENTERPRISES',100,6320534574,NULL,'for','cash',NULL,0.0,5.0,0.0,0.0,0.0,0.0,0.0,0,0,9,1,3,3,24,NULL,138,56,14,1,2,48);
INSERT INTO "transactions_builty" VALUES(328,'UTCL-KHAM-181','2023-04-06','BHAGYODAY TRADERS',100,6320534575,NULL,'for','cash',NULL,0.0,5.0,0.0,0.0,0.0,0.0,0.0,0,0,9,1,3,3,24,NULL,69,56,14,1,2,48);
INSERT INTO "transactions_builty" VALUES(329,'UTCL-KHAM-182','2023-04-06','SOMESH KIRANA',100,6320534578,NULL,'for','online',NULL,340.0,5.0,0.0,1000.0,0.0,-1000.0,0.0,0,0,9,1,3,3,30,NULL,139,44,60,39,2,48);
INSERT INTO "transactions_builty" VALUES(330,'UTCL-KHAM-183','2023-04-06','SAMEER STEEL',100,6320534579,NULL,'for','online',NULL,360.0,5.0,1800.0,1000.0,0.0,800.0,0.0,0,0,9,1,3,3,30,NULL,140,45,67,44,2,48);
INSERT INTO "transactions_builty" VALUES(331,'UTCL-KHAM-184','2023-04-06','RAMESH BHIKAJI INGLE',100,6320534231,NULL,'for','online',NULL,360.0,5.0,1800.0,1000.0,0.0,800.0,0.0,0,0,9,1,3,3,30,NULL,141,45,60,39,2,48);
INSERT INTO "transactions_builty" VALUES(332,'UTCL-KHAM-185','2023-04-06','KRISHNAKRUPA SALES',300,6320534590,NULL,'for','online',NULL,370.0,15.0,5550.0,5400.0,0.0,150.0,0.0,0,0,10,1,3,3,46,NULL,92,74,59,38,2,48);
INSERT INTO "transactions_builty" VALUES(333,'UTCL-KHAM-186','2023-04-06','KRISHNAKRUPA SALES',100,6320534612,NULL,'for','online',NULL,370.0,5.0,1850.0,0.0,0.0,1850.0,0.0,0,0,9,1,3,3,46,NULL,92,74,59,38,2,48);
INSERT INTO "transactions_builty" VALUES(334,'UTCL-KHAM-187','2023-04-06','KAMAL AGENCY',400,6320534561,NULL,'for','online',NULL,400.0,20.0,8000.0,11000.0,0.0,-3000.0,0.0,0,0,9,1,3,3,78,NULL,79,43,101,71,2,48);
INSERT INTO "transactions_builty" VALUES(335,'UTCL-KHAM-188','2023-04-06','KAMAL AGENCY',200,6320534571,NULL,'for','online',NULL,400.0,10.0,4000.0,0.0,0.0,4000.0,0.0,0,0,9,1,3,3,78,NULL,79,43,101,71,2,48);
INSERT INTO "transactions_builty" VALUES(336,'UTCL-KHAM-189','2023-04-06','BHARAT STEEL CORPORATION',600,6320534588,NULL,'for','online',NULL,350.0,30.0,0.0,8500.0,0.0,-8500.0,0.0,0,0,9,1,3,3,43,NULL,142,57,102,72,2,48);
INSERT INTO "transactions_builty" VALUES(337,'UTCL-KHAM-190','2023-04-06','SANDEEP K.K.',100,6320534588,NULL,'for','online',NULL,340.0,5.0,1700.0,1000.0,0.0,700.0,0.0,0,0,10,1,3,3,30,NULL,143,44,103,39,2,48);
INSERT INTO "transactions_builty" VALUES(338,'UTCL-KHAM-191','2023-04-06','SAVAJI & SONS',560,6320534596,NULL,'for','online',NULL,420.0,28.0,11760.0,10700.0,0.0,1060.0,0.0,0,0,9,1,3,3,44,NULL,79,43,104,2,2,48);
INSERT INTO "transactions_builty" VALUES(339,'UTCL-KHAM-192','2023-04-06','SAIKRUPA H/W',300,6320534585,NULL,'for','online',NULL,400.0,15.0,6000.0,6000.0,0.0,0.0,0.0,0,0,10,1,3,3,79,NULL,144,74,55,34,2,48);
INSERT INTO "transactions_builty" VALUES(340,'UTCL-KHAM-193','2023-04-06','SAIKRUPA H/W',100,6320534633,NULL,'for','online',NULL,400.0,5.0,2000.0,0.0,0.0,2000.0,0.0,0,0,9,1,3,3,79,NULL,144,74,55,34,2,48);
INSERT INTO "transactions_builty" VALUES(341,'UTCL-KHAM-194','2023-04-06','JANTA TRADERS',360,6320534610,NULL,'for','online',NULL,3900.0,18.0,70200.0,6800.0,0.0,63400.0,0.0,0,0,9,1,3,3,64,NULL,94,61,105,73,2,48);
INSERT INTO "transactions_builty" VALUES(342,'UTCL-KHAM-195','2023-04-06','JANTA TRADERS',40,6320534632,NULL,'for','online',NULL,390.0,2.0,780.0,0.0,0.0,780.0,0.0,0,0,9,1,3,3,64,NULL,94,61,105,73,2,48);
INSERT INTO "transactions_builty" VALUES(343,'UTCL-KHAM-196','2023-04-06','SURAJ CHIRANIYA',460,6320534611,NULL,'for','online',NULL,440.0,23.0,10120.0,0.0,0.0,10120.0,0.0,0,0,9,1,3,3,39,NULL,95,75,71,49,2,48);
INSERT INTO "transactions_builty" VALUES(344,'UTCL-KHAM-197','2023-04-06','PRIYA H/W',300,6320534589,NULL,'for','online',NULL,370.0,15.0,5550.0,4000.0,0.0,1550.0,0.0,0,0,9,1,3,3,69,NULL,105,74,63,41,2,48);
INSERT INTO "transactions_builty" VALUES(345,'UTCL-KHAM-198','2023-04-06','DHANASHRI AGENCY',200,6320534576,NULL,'for','cash',NULL,0.0,10.0,0.0,3600.0,0.0,0.0,0.0,0,0,10,1,3,3,80,NULL,145,70,5,1,2,48);
INSERT INTO "transactions_builty" VALUES(346,'UTCL-KHAM-199','2023-04-06','DHANASHRI AGENCY',400,6320534577,NULL,'for','cash',NULL,0.0,20.0,0.0,0.0,0.0,0.0,0.0,0,0,9,1,3,3,80,NULL,145,70,5,1,2,48);
INSERT INTO "transactions_builty" VALUES(347,'UTCL-KHAM-200','2023-04-06','AJAY JAIN',540,6320534629,NULL,'for','online',NULL,500.0,27.0,13500.0,10000.0,0.0,3500.0,0.0,0,0,9,1,3,3,30,NULL,83,48,66,43,2,48);
INSERT INTO "transactions_builty" VALUES(348,'UTCL-KHAM-201','2023-04-06','RAMDAS KALE',500,6320534583,NULL,'for','online',NULL,470.0,25.0,11750.0,10500.0,0.0,1250.0,0.0,0,0,9,1,3,3,65,NULL,146,75,106,74,2,48);
INSERT INTO "transactions_builty" VALUES(349,'UTCL-KHAM-202','2023-04-06','SHIVKRUPA H/W',300,6320534637,NULL,'for','online',NULL,380.0,15.0,5700.0,5500.0,0.0,200.0,0.0,0,0,9,1,3,3,30,NULL,80,51,83,57,2,48);
INSERT INTO "transactions_builty" VALUES(350,'UTCL-KHAM-203','2023-04-06','SHIVKRUPA H/W',100,6320534638,NULL,'for','online',NULL,380.0,5.0,1900.0,0.0,0.0,1900.0,0.0,0,0,10,1,3,3,30,NULL,80,51,83,57,2,48);
INSERT INTO "transactions_builty" VALUES(351,'UTCL-KHAM-204','2023-04-06','SHIV H/W C/O SHARAD WAGH',460,6320534613,NULL,'for','cash',NULL,0.0,23.0,0.0,2930.0,0.0,0.0,0.0,0,0,9,1,3,3,36,NULL,147,75,8,1,2,48);
INSERT INTO "transactions_builty" VALUES(352,'UTCL-KHAM-205','2023-04-06','MAHARASHTRA TRADERS',400,6320534584,NULL,'for','online',NULL,500.0,20.0,10000.0,9000.0,0.0,1000.0,0.0,0,0,9,1,3,3,74,NULL,134,77,107,75,2,48);
INSERT INTO "transactions_builty" VALUES(353,'UTCL-KHAM-206','2023-04-06','SHRI GAYATRI AGENCY',500,6320534636,NULL,'for','online',NULL,500.0,25.0,12500.0,11500.0,0.0,1000.0,0.0,0,0,9,1,3,3,81,NULL,148,77,108,76,2,48);
INSERT INTO "transactions_builty" VALUES(354,'UTCL-KHAM-207','2023-04-06','CEMENT HOUSE CHIKHALI',500,6320534595,NULL,'for','online',NULL,420.0,25.0,10500.0,9000.0,0.0,1500.0,0.0,0,0,9,1,3,3,29,NULL,79,43,109,77,2,48);
INSERT INTO "transactions_builty" VALUES(355,'UTCL-KHAM-208','2023-04-06','PRAGAT AGRO AGENCY',460,6320534606,NULL,'for','cash',NULL,0.0,23.0,0.0,2830.0,0.0,0.0,0.0,0,0,9,1,3,3,36,NULL,149,75,7,1,2,48);
INSERT INTO "transactions_builty" VALUES(356,'UTCL-KHAM-209','2023-04-06','MAHAVIR AGENCY',600,6320534639,NULL,'for','online',NULL,500.0,30.0,15000.0,14000.0,0.0,1000.0,0.0,0,0,9,1,3,3,82,NULL,98,68,110,78,2,48);
INSERT INTO "transactions_builty" VALUES(357,'UTCL-119','2023-04-11','SAGAR BODLE',240,6320535010,NULL,'for','cash',NULL,0.0,12.0,0.0,2020.0,0.0,0.0,47.0,0,0,1,1,1,1,84,3,37,28,15,1,3,1);
INSERT INTO "transactions_builty" VALUES(358,'UTCL-KHAM-210','2023-04-06','JAGDAMBA TRADERS C/O A.V. MANKAR',600,6320534630,NULL,'for','online',NULL,420.0,30.0,12600.0,11500.0,0.0,1100.0,0.0,0,0,9,1,3,3,30,NULL,150,78,111,79,2,48);
INSERT INTO "transactions_builty" VALUES(359,'UTCL-120','2023-04-11','SAGAR BODLE',100,6320535011,NULL,'for','cash',NULL,0.0,5.0,0.0,0.0,0.0,0.0,0.0,0,0,3,1,1,1,83,NULL,37,28,15,1,3,1);
INSERT INTO "transactions_builty" VALUES(360,'UTCL-KHAM-211','2023-04-06','ARE. PANKAJ AGRAWAL',100,6320534641,NULL,'for','online',NULL,300.0,5.0,1500.0,1000.0,0.0,500.0,0.0,0,0,9,1,3,3,32,NULL,151,44,68,45,2,48);
INSERT INTO "transactions_builty" VALUES(361,'UTCL-121','2023-04-11','DATTA TRADERS',460,6320535017,NULL,'for','online',NULL,380.0,23.0,8740.0,8000.0,0.0,740.0,0.0,0,0,1,1,1,1,18,NULL,152,37,32,13,3,1);
INSERT INTO "transactions_builty" VALUES(362,'UTCL-122','2023-04-11','DATTA TRADERS',40,6320535049,NULL,'for','online',NULL,380.0,2.0,760.0,0.0,0.0,760.0,0.0,0,0,1,1,1,1,18,NULL,152,37,32,13,3,1);
INSERT INTO "transactions_builty" VALUES(363,'UTCL-123','2023-04-11','BANAKAR ELECTICALS',460,6320535034,NULL,'for','online',NULL,400.0,23.0,9200.0,8000.0,0.0,1200.0,0.0,0,0,1,1,1,1,58,NULL,58,24,112,80,3,1);
INSERT INTO "transactions_builty" VALUES(364,'UTCL-124','2023-04-11','SHUBHAM H/W',640,6320535020,NULL,'for','cash',NULL,0.0,32.0,0.0,3670.0,0.0,0.0,25.0,0,0,1,1,1,1,22,3,7,6,4,1,3,1);
INSERT INTO "transactions_builty" VALUES(365,'UTCL-KHAM-212','2023-04-06','SHRINATH TRADERS',200,6320534601,NULL,'for','cash',NULL,0.0,10.0,0.0,1800.0,0.0,0.0,0.0,0,0,9,1,3,3,85,NULL,123,44,14,1,2,48);
INSERT INTO "transactions_builty" VALUES(366,'UTCL-KHAM-213','2023-04-06','SAGAR WANKHADE',100,6320534602,NULL,'for','cash',NULL,0.0,5.0,0.0,0.0,0.0,0.0,0.0,0,0,10,1,3,3,85,NULL,153,44,14,1,2,48);
INSERT INTO "transactions_builty" VALUES(367,'UTCL-125','2023-04-11','VIDARBHA TRADERS',600,6320534046,NULL,'for','cash',NULL,0.0,30.0,0.0,3750.0,0.0,0.0,30.0,0,0,1,1,1,1,86,3,32,3,10,1,3,1);
INSERT INTO "transactions_builty" VALUES(368,'UTCL-126','2023-04-11','KRANTI CONSTRUCTION',240,6320535050,NULL,'for','cash',NULL,0.0,12.0,0.0,2020.0,0.0,0.0,37.0,0,0,1,1,1,1,12,3,118,2,17,1,3,1);
INSERT INTO "transactions_builty" VALUES(369,'UTCL-127','2023-04-11','KRANTI CONSTRUCTION',100,6320535051,NULL,'for','cash',NULL,0.0,5.0,0.0,0.0,0.0,0.0,0.0,0,0,3,1,1,1,12,NULL,118,2,17,1,3,1);
INSERT INTO "transactions_builty" VALUES(370,'UTCL-KHAM-214','2023-04-07','KISHOR PATIL',100,6320534642,NULL,'for','online',NULL,320.0,5.0,1600.0,1000.0,0.0,600.0,0.0,0,0,9,1,3,3,60,NULL,128,63,113,81,2,48);
INSERT INTO "transactions_builty" VALUES(371,'UTCL-KHAM-215','2023-04-07','SHRI GAJANAN TRADERS C/O VIJAY DESHMUKH',100,6320534679,NULL,'for','online',NULL,320.0,5.0,1600.0,1000.0,0.0,600.0,0.0,0,0,9,1,3,3,30,NULL,111,50,60,39,2,48);
INSERT INTO "transactions_builty" VALUES(372,'UTCL-128','2023-04-11','LAXMI H/W',460,6320535032,NULL,'for','online',NULL,400.0,23.0,9200.0,10000.0,0.0,-800.0,0.0,0,0,3,1,1,1,58,NULL,4,2,114,82,3,1);
INSERT INTO "transactions_builty" VALUES(373,'UTCL-129','2023-04-11','LAXMI H/W',40,6320535062,NULL,'for','online',NULL,400.0,2.0,800.0,0.0,0.0,800.0,0.0,0,0,3,1,1,1,58,NULL,4,2,114,82,3,1);
INSERT INTO "transactions_builty" VALUES(374,'UTCL-KHAM-216','2023-04-07','SANDEEP K.K.',100,6320534678,NULL,'for','online',NULL,300.0,5.0,1500.0,1000.0,0.0,500.0,0.0,0,0,9,1,3,3,30,NULL,143,44,68,45,2,48);
INSERT INTO "transactions_builty" VALUES(375,'UTCL-KHAM-217','2023-04-07','SHIVLAXMI CONSTRATION',100,6320534681,NULL,'for','online',NULL,300.0,5.0,1500.0,1000.0,0.0,500.0,0.0,0,0,9,1,3,3,30,NULL,154,44,80,56,2,48);
INSERT INTO "transactions_builty" VALUES(376,'UTCL-KHAM-218','2023-04-07','CHANDRAKANT KHEMOT',100,6320534680,NULL,'for','online',NULL,300.0,5.0,1500.0,1000.0,0.0,500.0,0.0,0,0,9,1,3,3,30,NULL,154,44,80,56,2,48);
INSERT INTO "transactions_builty" VALUES(377,'UTCL-KHAM-219','2023-04-07','BHAGYODAY TRADERS',300,6320534677,NULL,'for','online',NULL,270.0,15.0,4050.0,4000.0,0.0,50.0,0.0,0,0,9,1,3,3,24,NULL,69,56,61,32,2,48);
INSERT INTO "transactions_builty" VALUES(378,'UTCL-KHAM-220','2023-04-07','BHAGYODAY TRADERS',60,6320534701,NULL,'for','online',NULL,270.0,3.0,810.0,0.0,0.0,810.0,0.0,0,0,10,1,3,3,24,NULL,69,56,61,32,2,48);
INSERT INTO "transactions_builty" VALUES(379,'UTCL-KHAM-221','2023-04-07','SHANKAR H/W',200,6320534689,NULL,'for','online',NULL,320.0,10.0,3200.0,3300.0,0.0,-100.0,0.0,0,0,9,1,3,3,30,NULL,155,80,63,41,2,48);
INSERT INTO "transactions_builty" VALUES(380,'UTCL-KHAM-222','2023-04-07','ATUL AGRO',100,6320534706,NULL,'for','online',NULL,320.0,5.0,1600.0,0.0,0.0,1600.0,0.0,0,0,9,1,3,3,30,NULL,155,80,63,41,2,48);
INSERT INTO "transactions_builty" VALUES(381,'UTCL-KHAM-223','2023-04-07','AMBIKA H/W',360,6320534634,NULL,'for','online',NULL,500.0,18.0,9000.0,12000.0,0.0,-3000.0,0.0,0,0,9,1,3,3,66,NULL,98,68,70,47,2,48);
INSERT INTO "transactions_builty" VALUES(382,'UTCL-KHAM-224','2023-04-07','AMBIKA H/W',200,6320534635,NULL,'for','online',NULL,500.0,10.0,5000.0,0.0,0.0,5000.0,0.0,0,0,9,1,3,3,66,NULL,98,68,70,47,2,48);
INSERT INTO "transactions_builty" VALUES(383,'UTCL-KHAM-225','2023-04-07','KAMAL AGENCY',400,6320534695,NULL,'for','cash',NULL,0.0,20.0,0.0,2930.0,0.0,0.0,0.0,0,0,10,1,3,3,78,NULL,79,43,11,1,2,48);
INSERT INTO "transactions_builty" VALUES(384,'UTCL-KHAM-226','2023-04-07','KAMAL AGENCY',60,6320534720,NULL,'for','cash',NULL,0.0,3.0,0.0,0.0,0.0,0.0,0.0,0,0,9,1,3,3,78,NULL,79,43,11,1,2,48);
INSERT INTO "transactions_builty" VALUES(385,'UTCL-KHAM-227','2023-04-07','BABA TRADERS',100,6320534719,NULL,'for','online',NULL,320.0,5.0,1600.0,1000.0,0.0,600.0,0.0,0,0,10,1,3,3,30,NULL,123,44,67,44,2,48);
INSERT INTO "transactions_builty" VALUES(386,'UTCL-KHAM-228','2023-04-07','RAMESH BORDE',460,6320534734,NULL,'for','cash',NULL,0.0,23.0,0.0,2930.0,0.0,0.0,0.0,0,0,9,1,3,3,65,NULL,156,75,13,1,2,48);
INSERT INTO "transactions_builty" VALUES(387,'UTCL-KHAM-229','2023-04-07','MOHAN SAHEB',200,6320534691,NULL,'for','online',NULL,390.0,10.0,3900.0,5400.0,0.0,-1500.0,0.0,0,0,9,1,3,3,49,NULL,157,51,83,57,2,48);
INSERT INTO "transactions_builty" VALUES(388,'UTCL-KHAM-230','2023-04-07','SHRI GAJANAN TILES',160,6320534692,NULL,'for','online',NULL,390.0,8.0,3120.0,0.0,0.0,3120.0,0.0,0,0,9,1,3,3,49,NULL,113,51,83,57,2,48);
INSERT INTO "transactions_builty" VALUES(389,'UTCL-KHAM-231','2023-04-07','SHRI GAJANAN TILES',40,6320534741,NULL,'for','online',NULL,390.0,2.0,780.0,0.0,0.0,780.0,0.0,0,0,9,1,3,3,49,NULL,113,51,83,57,2,48);
INSERT INTO "transactions_builty" VALUES(390,'UTCL-KHAM-232','2023-04-07','NATIONAL H/W',600,6320534737,NULL,'for','cash',NULL,0.0,30.0,0.0,3600.0,0.0,0.0,0.0,0,0,9,1,3,3,40,NULL,158,67,5,1,2,48);
INSERT INTO "transactions_builty" VALUES(391,'UTCL-KHAM-233','2023-04-08','UTKARSH B.M.',600,6320534690,NULL,'for','online',NULL,380.0,30.0,11400.0,10000.0,0.0,1400.0,0.0,0,0,9,1,3,3,56,NULL,65,51,50,31,2,48);
INSERT INTO "transactions_builty" VALUES(392,'UTCL-130','2023-04-11','SHIVAJIRAO DESHMUKH',460,6320535060,NULL,'for','online',NULL,400.0,23.0,9200.0,8000.0,0.0,1200.0,0.0,0,0,1,1,1,1,58,NULL,21,27,115,83,3,1);
INSERT INTO "transactions_builty" VALUES(393,'UTCL-131','2023-04-11','GANRAJ  SPAIR',460,6320535002,NULL,'for','cash',NULL,0.0,23.0,0.0,2680.0,0.0,0.0,30.0,0,0,1,1,1,1,14,3,160,81,1,1,3,1);
INSERT INTO "transactions_builty" VALUES(394,'UTCL-132','2023-04-11','DILIP KHANDARE',340,6320535069,NULL,'for','cash',NULL,0.0,17.0,0.0,1970.0,0.0,0.0,42.0,0,0,1,1,1,1,2,3,37,28,16,1,3,1);
INSERT INTO "transactions_builty" VALUES(395,'UTCL-KHAM-234','2023-04-08','PRAKASH PATIL',500,6320534676,NULL,'for','online',NULL,470.0,25.0,11750.0,10500.0,0.0,1250.0,0.0,0,0,9,1,3,3,87,NULL,159,75,116,84,2,48);
INSERT INTO "transactions_builty" VALUES(396,'UTCL-133','2023-04-11','VIDARBHA TRADERS',640,6320535077,NULL,'for','cash',NULL,0.0,32.0,0.0,3990.0,0.0,0.0,54.0,0,0,1,1,1,1,16,3,10,6,9,1,3,1);
INSERT INTO "transactions_builty" VALUES(397,'UTCL-KHAM-235','2023-04-08','MONTOCARLO',100,6320534740,NULL,'for','online',NULL,320.0,5.0,1600.0,1000.0,0.0,600.0,0.0,0,0,9,1,3,3,33,NULL,128,63,60,39,2,48);
INSERT INTO "transactions_builty" VALUES(398,'UTCL-134','2023-04-11','NARAYAN H/W',540,6320535075,NULL,'for','cash',NULL,0.0,27.0,0.0,4040.0,0.0,0.0,27.0,0,0,1,1,1,1,53,2,42,39,12,1,3,1);
INSERT INTO "transactions_builty" VALUES(399,'UTCL-135','2023-04-11','NAVATRE H/W',100,6320535076,NULL,'for','cash',NULL,0.0,5.0,0.0,0.0,0.0,0.0,5.0,0,0,3,1,1,1,53,2,42,39,12,1,3,1);
INSERT INTO "transactions_builty" VALUES(400,'UTCL-KHAM-236','2023-04-08','SHRI KATE',200,6320534732,NULL,'for','online',NULL,0.0,10.0,0.0,1300.0,0.0,0.0,0.0,0,0,10,1,3,3,23,NULL,161,50,14,1,2,48);
INSERT INTO "transactions_builty" VALUES(401,'UTCL-KHAM-237','2023-04-08','SHRI GAJANAN H/W C/O RAVI SHEJUL',480,6320534739,NULL,'for','online',NULL,470.0,24.0,11280.0,0.0,0.0,11280.0,0.0,0,0,9,1,3,3,39,NULL,149,75,72,49,2,48);
INSERT INTO "transactions_builty" VALUES(402,'UTCL-KHAM-238','2023-04-08','MATHURA H/W',260,6320534735,NULL,'for','online',NULL,500.0,13.0,6500.0,11500.0,0.0,-5000.0,0.0,0,0,9,1,3,3,40,NULL,137,67,57,36,2,48);
INSERT INTO "transactions_builty" VALUES(403,'UTCL-KHAM-239','2023-04-08','PAWAN KIRANA',200,6320534736,NULL,'for','online',NULL,500.0,10.0,5000.0,0.0,0.0,5000.0,0.0,0,0,9,1,3,3,40,NULL,162,67,57,36,2,48);
INSERT INTO "transactions_builty" VALUES(404,'UTCL-KHAM-240','2023-04-08','PAWAN KIRANA',40,6320534738,NULL,'for','online',NULL,500.0,2.0,1000.0,0.0,0.0,1000.0,0.0,0,0,9,1,3,3,40,NULL,162,67,57,36,2,48);
INSERT INTO "transactions_builty" VALUES(405,'UTCL-KHAM-241','2023-04-08','SHRIKANT DESHMUKH',100,6320534558,NULL,'for','online',NULL,320.0,5.0,1600.0,1000.0,0.0,600.0,0.0,0,0,9,1,3,3,30,NULL,85,45,68,45,2,48);
INSERT INTO "transactions_builty" VALUES(406,'UTCL-KHAM-242','2023-04-08','SANTOSH KOLCHE',460,6320534710,NULL,'for','cash',NULL,0.0,23.0,0.0,2930.0,0.0,0.0,0.0,0,0,9,1,3,3,65,NULL,100,75,8,1,2,48);
INSERT INTO "transactions_builty" VALUES(407,'UTCL-KHAM-243','2023-04-08','GANESH TRADERS',400,6320534775,NULL,'for','online',NULL,420.0,20.0,8400.0,6000.0,0.0,2400.0,0.0,0,0,9,1,3,3,30,NULL,109,46,59,38,2,48);
INSERT INTO "transactions_builty" VALUES(408,'UTCL-KHAM-244','2023-04-08','TULJAI',100,6320534793,NULL,'for','online',NULL,320.0,5.0,1600.0,1000.0,0.0,600.0,0.0,0,0,9,1,3,3,60,NULL,128,63,68,45,2,48);
INSERT INTO "transactions_builty" VALUES(409,'UTCL-KHAM-245','2023-04-08','VARAD AGENCY',560,6320534801,NULL,'for','online',NULL,500.0,28.0,14000.0,10000.0,0.0,4000.0,0.0,0,0,9,1,3,3,77,NULL,137,67,70,47,2,48);
INSERT INTO "transactions_builty" VALUES(410,'UTCL-136','2023-04-11','MANGESH KALE',420,6320535081,NULL,'for','cash',NULL,0.0,21.0,0.0,2910.0,0.0,0.0,30.0,0,0,1,1,1,1,7,3,27,19,2,1,3,1);
INSERT INTO "transactions_builty" VALUES(411,'UTCL-137','2023-04-11','MANGESH KALE',40,6320535082,NULL,'for','cash',NULL,0.0,2.0,0.0,0.0,0.0,0.0,0.0,0,0,3,1,1,1,7,NULL,27,19,2,1,3,1);
INSERT INTO "transactions_builty" VALUES(412,'UTCL-KHAM-246','2023-04-08','SURESH SINKAR',460,6320534768,NULL,'for','cash',NULL,0.0,23.0,0.0,3230.0,0.0,0.0,0.0,0,0,9,1,3,3,65,NULL,163,75,7,1,2,48);
INSERT INTO "transactions_builty" VALUES(413,'UTCL-KHAM-247','2023-04-08','SHRI BALAJI H/W',360,6320534631,NULL,'for','cash',NULL,0.0,18.0,0.0,2830.0,0.0,0.0,0.0,0,0,9,1,3,3,88,NULL,117,78,5,1,2,48);
INSERT INTO "transactions_builty" VALUES(414,'UTCL-KHAM-248','2023-04-08','OM K.K.',100,6320534820,NULL,'for','cash',NULL,0.0,5.0,0.0,0.0,0.0,0.0,0.0,0,0,9,1,3,3,30,NULL,164,78,5,1,2,48);
INSERT INTO "transactions_builty" VALUES(415,'UTCL-KHAM-249','2023-04-08','SHIVSHANKAR H/W C/O BHIKAJI WAGH',460,6320534823,NULL,'for','cash',NULL,0.0,23.0,0.0,2830.0,0.0,0.0,0.0,0,0,9,1,3,3,29,NULL,165,76,13,1,2,48);
INSERT INTO "transactions_builty" VALUES(416,'UTCL-KHAM-250','2023-04-08','DIPAK BHISE',200,6320534786,NULL,'for','cash',NULL,0.0,10.0,0.0,1300.0,0.0,0.0,0.0,0,0,9,1,3,3,24,NULL,86,56,14,1,2,48);
INSERT INTO "transactions_builty" VALUES(417,'UTCL-KHAM-251','2023-04-08','GURUKRUPA H/W',300,6320534787,NULL,'for','online',NULL,280.0,15.0,4200.0,3300.0,0.0,900.0,0.0,0,0,9,1,3,3,30,NULL,78,50,63,41,2,48);
INSERT INTO "transactions_builty" VALUES(418,'UTCL-KHAM-252','2023-04-08','SHRI TRADERS',400,6320534792,NULL,'for','online',NULL,370.0,20.0,7400.0,5800.0,0.0,1600.0,0.0,0,0,9,1,3,3,89,NULL,63,51,55,34,2,48);
INSERT INTO "transactions_builty" VALUES(419,'UTCL-KHAM-253','2023-04-08','SHIVA GHUGE',360,6320534836,NULL,'for','online',NULL,0.0,18.0,0.0,2930.0,0.0,0.0,0.0,0,0,9,1,3,3,66,NULL,166,48,11,1,2,48);
INSERT INTO "transactions_builty" VALUES(420,'UTCL-138','2023-04-12','SHREE VYANKATESH ERIGATION',460,6320535102,NULL,'for','cash',NULL,0.0,23.0,0.0,2680.0,0.0,0.0,50.0,0,0,1,1,1,1,12,3,3,1,10,1,3,1);
INSERT INTO "transactions_builty" VALUES(421,'UTCL-KHAM-254','2023-04-08','SHIVA GHUGE',100,6320534833,NULL,'for','cash',NULL,0.0,5.0,0.0,0.0,0.0,0.0,0.0,0,0,10,1,3,3,66,NULL,166,48,11,1,2,55);
INSERT INTO "transactions_builty" VALUES(422,'UTCL-KHAM-255','2023-04-09','VITTHAL GHOGARE',100,6320534839,NULL,'for','online',NULL,320.0,5.0,1600.0,1000.0,0.0,600.0,0.0,0,0,9,1,3,3,30,NULL,167,45,80,56,2,48);
INSERT INTO "transactions_builty" VALUES(423,'UTCL-KHAM-256','2023-04-09','ANAND TAYADE',100,6320534848,NULL,'for','online',NULL,320.0,5.0,1600.0,1000.0,0.0,600.0,0.0,0,0,10,1,3,3,30,NULL,104,45,60,39,2,55);
INSERT INTO "transactions_builty" VALUES(424,'UTCL-KHAM-257','2023-04-09','NEMALE SAHEB',200,6320534855,NULL,'for','online',NULL,300.0,10.0,3000.0,3000.0,0.0,0.0,0.0,0,0,9,1,3,3,27,NULL,168,63,94,64,2,48);
INSERT INTO "transactions_builty" VALUES(425,'UTCL-KHAM-258','2023-04-09','NEMALE SAHEB',100,6320534856,NULL,'for','online',NULL,300.0,5.0,1500.0,0.0,0.0,1500.0,0.0,0,0,9,1,3,3,27,NULL,168,63,94,64,2,48);
INSERT INTO "transactions_builty" VALUES(426,'UTCL-KHAM-259','2023-04-09','ADINATH AGENCY',200,6320534731,NULL,'for','cash',NULL,0.0,10.0,0.0,1300.0,0.0,0.0,0.0,0,0,9,1,3,3,23,NULL,52,58,14,1,2,48);
INSERT INTO "transactions_builty" VALUES(427,'UTCL-139','2023-04-12','SONAL AGRO SERVICE',180,6320535114,NULL,'for','online',NULL,350.0,9.0,3150.0,7000.0,0.0,-3850.0,0.0,0,0,1,1,1,1,55,NULL,12,3,46,23,3,1);
INSERT INTO "transactions_builty" VALUES(428,'UTCL-140','2023-04-12','SONAL AGRO SERVICE',300,6320535113,NULL,'for','online',NULL,350.0,15.0,5250.0,0.0,0.0,5250.0,0.0,0,0,3,1,1,1,55,NULL,12,3,46,23,3,1);
INSERT INTO "transactions_builty" VALUES(429,'UTCL-141','2023-04-12','OM SHANTA PROVISION',340,6320535141,NULL,'for','online',NULL,320.0,17.0,5440.0,4000.0,0.0,1440.0,0.0,0,0,1,1,1,1,20,NULL,169,4,22,5,3,1);
INSERT INTO "transactions_builty" VALUES(430,'UTCL-142','2023-04-12','MEERA CEMENT AGENCY C/O RAJESH ADA',320,6320535104,NULL,'for','cash',NULL,0.0,16.0,0.0,1910.0,0.0,0.0,0.0,0,0,1,1,1,1,12,NULL,43,52,18,1,3,1);
INSERT INTO "transactions_builty" VALUES(431,'UTCL-KHAM-260','2023-04-09','AJAY JAIN',400,6320534833,NULL,'for','online',NULL,520.0,20.0,10400.0,9500.0,0.0,900.0,0.0,0,0,9,1,3,3,30,NULL,166,48,118,87,2,48);
INSERT INTO "transactions_builty" VALUES(432,'UTCL-KHAM-261','2023-04-09','SAVAJI & SONS',300,6320534858,NULL,'for','online',NULL,320.0,15.0,4800.0,4000.0,0.0,800.0,0.0,0,0,9,1,3,3,44,NULL,79,43,92,32,2,48);
INSERT INTO "transactions_builty" VALUES(433,'UTCL-KHAM-262','2023-04-09','SHRIKRUSHNA KATE',100,6320534846,NULL,'for','online',NULL,300.0,5.0,1500.0,1000.0,0.0,500.0,0.0,0,0,10,1,3,3,30,NULL,90,44,80,56,2,48);
INSERT INTO "transactions_builty" VALUES(434,'UTCL-KHAM-263','2023-04-09','JAIRAM RATHOD',100,6320534849,NULL,'for','cash',NULL,320.0,5.0,1600.0,1000.0,0.0,600.0,0.0,0,0,9,1,3,3,30,NULL,170,45,68,45,2,48);
INSERT INTO "transactions_builty" VALUES(435,'UTCL-KHAM-264','2023-04-09','GAYATRI K.K',100,6320534844,NULL,'for','online',NULL,300.0,5.0,1500.0,1000.0,0.0,500.0,0.0,0,0,9,1,3,3,30,NULL,171,44,68,45,2,48);
INSERT INTO "transactions_builty" VALUES(436,'UTCL-KHAM-265','2023-04-09','SHIVLAXMI CONSTRATION',100,6320534845,NULL,'for','online',NULL,300.0,5.0,1500.0,1000.0,0.0,500.0,0.0,0,0,9,1,3,3,30,NULL,154,44,80,56,2,48);
INSERT INTO "transactions_builty" VALUES(437,'UTCL-KHAM-266','2023-04-09','AJABRAO PATIL',100,6320534873,NULL,'for','online',NULL,300.0,5.0,1500.0,1000.0,0.0,500.0,0.0,0,0,9,1,3,3,30,NULL,172,44,60,39,2,48);
INSERT INTO "transactions_builty" VALUES(438,'UTCL-KHAM-267','2023-04-09','DEEPAK JOSHI',540,6320534885,NULL,'for','online',NULL,450.0,27.0,12150.0,9000.0,0.0,3150.0,0.0,0,0,9,1,3,3,44,NULL,97,76,66,43,2,48);
INSERT INTO "transactions_builty" VALUES(439,'UTCL-KHAM-268','2023-04-09','ADARSH K.K.',200,6320534800,NULL,'for','online',NULL,320.0,10.0,3200.0,4400.0,0.0,-1200.0,0.0,0,0,9,1,3,3,30,NULL,87,73,59,38,2,48);
INSERT INTO "transactions_builty" VALUES(440,'UTCL-KHAM-269','2023-04-09','ANMOL K.K.',200,6320534812,NULL,'for','online',NULL,320.0,10.0,3200.0,0.0,0.0,3200.0,0.0,0,0,9,1,3,3,30,NULL,87,73,59,38,2,48);
INSERT INTO "transactions_builty" VALUES(441,'UTCL-KHAM-270','2023-04-09','EKVEERA H/W',360,6320534869,NULL,'for','cash',NULL,380.0,18.0,6840.0,5500.0,0.0,1340.0,0.0,0,0,9,1,3,3,30,NULL,173,74,49,26,2,48);
INSERT INTO "transactions_builty" VALUES(442,'UTCL-KHAM-271','2023-04-10','GANESH MASKE',600,6320534910,NULL,'for','online',NULL,0.0,30.0,0.0,4000.0,0.0,0.0,0.0,0,0,9,1,3,3,48,NULL,174,43,13,1,2,55);
INSERT INTO "transactions_builty" VALUES(443,'UTCL-KHAM-272','2023-04-10','SHRIKRUSHNA THAKRE',100,6320534911,NULL,'for','online',NULL,300.0,5.0,1500.0,1000.0,0.0,500.0,0.0,0,0,9,1,3,3,30,NULL,90,44,80,56,2,55);
INSERT INTO "transactions_builty" VALUES(444,'UTCL-KHAM-273','2023-04-10','BHARAT H/W',460,6320534909,NULL,'for','cash',NULL,0.0,23.0,0.0,2930.0,0.0,0.0,0.0,0,0,9,1,3,3,87,NULL,95,75,7,1,2,55);
INSERT INTO "transactions_builty" VALUES(445,'UTCL-KHAM-274','2023-04-10','BHAYGODAY TRADERS',200,6320534930,NULL,'for','online',NULL,280.0,10.0,2800.0,2200.0,0.0,600.0,0.0,0,0,9,1,3,3,24,NULL,69,56,63,41,2,55);
INSERT INTO "transactions_builty" VALUES(446,'UTCL-KHAM-275','2023-04-10','GASE KIRANA',100,6320534931,NULL,'for','online',NULL,280.0,5.0,1400.0,0.0,0.0,1400.0,0.0,0,0,9,1,3,3,30,NULL,175,56,63,41,2,55);
INSERT INTO "transactions_builty" VALUES(447,'UTCL-KHAM-276','2023-04-10','PAWAN TARACHAND NAHAR',300,6320534947,NULL,'for','cash',NULL,0.0,15.0,0.0,1800.0,0.0,0.0,0.0,0,0,9,1,3,3,30,NULL,176,46,14,1,2,55);
INSERT INTO "transactions_builty" VALUES(448,'UTCL-KHAM-277','2023-04-10','SUNIL PATHAK',100,6320534947,NULL,'for','online',NULL,360.0,5.0,1800.0,1000.0,0.0,800.0,0.0,0,0,9,1,3,3,30,NULL,128,63,80,56,2,55);
INSERT INTO "transactions_builty" VALUES(449,'UTCL-KHAM-278','2023-04-11','VITTHAL GHOGARE',100,6320535004,NULL,'for','online',NULL,320.0,5.0,1600.0,1000.0,0.0,600.0,0.0,0,0,9,1,3,3,30,NULL,167,45,68,45,2,55);
INSERT INTO "transactions_builty" VALUES(450,'UTCL-KHAM-279','2023-04-11','VASANTA NAMDEO MOHALE',100,6320535005,NULL,'for','online',NULL,360.0,5.0,1800.0,1000.0,0.0,800.0,0.0,0,0,9,1,3,3,30,NULL,85,45,67,44,2,55);
INSERT INTO "transactions_builty" VALUES(451,'UTCL-KHAM-280','2023-04-11','SAYYAD AMINOUDDIN',100,6320535021,NULL,'for','online',NULL,340.0,5.0,1700.0,1000.0,0.0,700.0,0.0,0,0,9,1,3,3,30,NULL,123,44,80,56,2,55);
INSERT INTO "transactions_builty" VALUES(452,'UTCL-KHAM-281','2023-04-11','SHRINATH TRADERS',200,6320535022,NULL,'for','online',NULL,270.0,10.0,2700.0,3200.0,0.0,-500.0,0.0,0,0,9,1,3,3,85,NULL,123,44,92,32,2,55);
INSERT INTO "transactions_builty" VALUES(453,'UTCL-KHAM-282','2023-04-11','SHRINATH TRADERS',100,6320535013,NULL,'for','online',NULL,270.0,5.0,1350.0,0.0,0.0,1350.0,0.0,0,0,10,1,3,3,85,NULL,123,44,92,32,2,55);
INSERT INTO "transactions_builty" VALUES(454,'UTCL-KHAM-283','2023-04-11','VISHWAS NARHARI',200,6320535029,NULL,'for','cash',NULL,0.0,10.0,0.0,1300.0,0.0,0.0,0.0,0,0,9,1,3,3,60,NULL,177,63,14,1,2,55);
INSERT INTO "transactions_builty" VALUES(455,'UTCL-KHAM-284','2023-04-11','MOHAN K.K.',360,6320535033,NULL,'for','online',NULL,370.0,18.0,6660.0,4500.0,0.0,2160.0,0.0,0,0,9,1,3,3,23,NULL,94,61,61,32,2,55);
INSERT INTO "transactions_builty" VALUES(456,'UTCL-KHAM-285','2023-04-11','VIJAY MADHUKAR INGALE',100,6320535043,NULL,'for','online',NULL,340.0,5.0,1700.0,1000.0,0.0,700.0,0.0,0,0,9,1,3,3,30,NULL,178,44,80,56,2,55);
INSERT INTO "transactions_builty" VALUES(457,'UTCL-KHAM-286','2023-04-11','BHANUDAS WADEKAR',100,6320535074,NULL,'for','online',NULL,340.0,5.0,1700.0,1000.0,0.0,700.0,0.0,0,0,9,1,3,3,30,NULL,179,44,80,56,2,55);
INSERT INTO "transactions_builty" VALUES(458,'UTCL-KHAM-287','2023-04-12','JAGDAMBA TRADERS',600,6320535106,NULL,'for','online',NULL,420.0,30.0,12600.0,11000.0,0.0,1600.0,0.0,0,0,9,1,3,3,30,NULL,49,62,120,89,2,48);
INSERT INTO "transactions_builty" VALUES(459,'UTCL-KHAM-288','2023-04-12','THAKKAR H/W',400,6320535136,NULL,'for','online',NULL,380.0,20.0,7600.0,5500.0,0.0,2100.0,0.0,0,0,9,1,3,3,90,NULL,63,51,55,34,2,48);
INSERT INTO "transactions_builty" VALUES(460,'UTCL-KHAM-289','2023-04-12','BHAGYODAY TRADERS',200,6320535129,NULL,'for','online',NULL,270.0,10.0,2700.0,4000.0,0.0,-1300.0,0.0,0,0,9,1,3,3,24,NULL,69,56,59,38,2,48);
INSERT INTO "transactions_builty" VALUES(461,'UTCL-KHAM-290','2023-04-12','BHAGYODAY TRADERS',200,6320535130,NULL,'for','online',NULL,270.0,10.0,2700.0,0.0,0.0,2700.0,0.0,0,0,10,1,3,3,24,NULL,69,56,59,38,2,48);
INSERT INTO "transactions_builty" VALUES(462,'UTCL-KHAM-291','2023-04-12','SHRI TRADERS',300,6320535137,NULL,'for','cash',NULL,270.0,15.0,4050.0,3000.0,0.0,1050.0,0.0,0,0,9,1,3,3,27,NULL,69,56,63,41,2,48);
INSERT INTO "transactions_builty" VALUES(463,'UTCL-KHAM-292','2023-04-12','MAULI CEMENT',100,6320535154,NULL,'for','online',NULL,300.0,5.0,1500.0,1000.0,0.0,500.0,0.0,0,0,9,1,3,3,30,NULL,90,44,68,45,2,48);
INSERT INTO "transactions_builty" VALUES(464,'UTCL-KHAM-293','2023-04-12','UTKARSH B.M.',600,6320535147,NULL,'for','online',NULL,380.0,30.0,11400.0,10000.0,0.0,1400.0,0.0,0,0,9,1,3,3,56,NULL,65,51,50,31,2,48);
INSERT INTO "transactions_builty" VALUES(465,'UTCL-KHAM-294','2023-04-12','GAYATRI TRADERS',100,6320535147,NULL,'for','online',NULL,300.0,5.0,1500.0,1000.0,0.0,500.0,0.0,0,0,9,1,3,3,30,NULL,171,44,68,45,2,48);
INSERT INTO "transactions_builty" VALUES(466,'UTCL-KHAM-295','2023-04-12','EKNATH VERULKAR',100,6320535151,NULL,'for','online',NULL,340.0,5.0,1700.0,1000.0,0.0,700.0,0.0,0,0,9,1,3,3,30,NULL,180,44,80,56,2,48);
INSERT INTO "transactions_builty" VALUES(467,'UTCL-KHAM-296','2023-04-12','MAULI CEMENT',100,6320535150,NULL,'for','online',NULL,340.0,5.0,1700.0,1000.0,0.0,700.0,0.0,0,0,9,1,3,3,30,NULL,90,44,80,56,2,48);
INSERT INTO "transactions_builty" VALUES(468,'UTCL-KHAM-297','2023-04-12','BHAVANI H/W',320,6320535131,NULL,'for','online',NULL,280.0,16.0,4480.0,3500.0,0.0,980.0,0.0,0,0,10,1,3,3,25,NULL,69,56,65,42,2,48);
INSERT INTO "transactions_builty" VALUES(469,'UTCL-KHAM-298','2023-04-12','SAMEER STEEL C/O PATIL SAHEB',30,6320535145,NULL,'for','online',NULL,360.0,1.5,540.0,1000.0,0.0,-460.0,0.0,0,0,9,1,3,3,30,NULL,181,45,60,39,2,48);
INSERT INTO "transactions_builty" VALUES(470,'UTCL-KHAM-299','2023-04-12','SAMEER STEEL C/O PATIL SAHEB',70,6320535146,NULL,'for','online',NULL,360.0,3.5,1260.0,0.0,0.0,1260.0,0.0,0,0,10,1,3,3,30,NULL,181,45,60,39,2,48);
INSERT INTO "transactions_builty" VALUES(471,'UTCL-KHAM-300','2023-04-12','NIKITA GENRAL',120,6320535120,NULL,'for','cash',NULL,0.0,6.0,0.0,1300.0,0.0,0.0,0.0,0,0,9,1,3,3,47,NULL,128,63,14,1,2,48);
INSERT INTO "transactions_builty" VALUES(472,'UTCL-KHAM-301','2023-04-12','NIKITA GENRAL',80,6320535121,NULL,'for','cash',NULL,0.0,4.0,0.0,0.0,0.0,0.0,0.0,0,0,9,1,3,3,47,NULL,128,63,14,1,2,48);
INSERT INTO "transactions_builty" VALUES(473,'UTCL-KHAM-302','2023-04-12','SHREE GAJANAN TRADERS',300,66320535108,NULL,'for','online',NULL,290.0,15.0,4350.0,3500.0,0.0,850.0,0.0,0,0,9,1,3,3,30,NULL,53,58,92,32,2,48);
INSERT INTO "transactions_builty" VALUES(474,'UTCL-KHAM-303','2023-04-12','ADINATH AGENCY',200,6320535101,NULL,'for','online',NULL,280.0,10.0,2800.0,3500.0,0.0,-700.0,0.0,0,0,10,1,3,3,23,NULL,52,58,61,32,2,48);
INSERT INTO "transactions_builty" VALUES(475,'UTCL-KHAM-304','2023-04-12','ADINATH AGENCY',160,6320535151,NULL,'for','online',NULL,280.0,8.0,2240.0,0.0,0.0,2240.0,0.0,0,0,9,1,3,3,23,NULL,52,58,61,32,2,48);
INSERT INTO "transactions_builty" VALUES(476,'UTCL-KHAM-305','2023-04-12','KRISHNAKRUPA SALES',200,6320535189,NULL,'for','online',NULL,370.0,10.0,3700.0,4000.0,0.0,-300.0,0.0,0,0,9,1,3,3,46,NULL,92,74,63,41,2,48);
INSERT INTO "transactions_builty" VALUES(477,'UTCL-KHAM-306','2023-04-12','PRAMOD BHIVTE',100,6320535190,NULL,'for','online',NULL,370.0,5.0,1850.0,0.0,0.0,1850.0,0.0,0,0,9,1,3,3,46,NULL,182,74,63,41,2,48);
INSERT INTO "transactions_builty" VALUES(478,'UTCL-KHAM-307','2023-04-12','EKNATH VERULKAR',100,6320535148,NULL,'for','online',NULL,300.0,5.0,1500.0,1000.0,0.0,500.0,0.0,0,0,9,1,3,3,30,NULL,180,44,68,45,2,48);
INSERT INTO "transactions_builty" VALUES(479,'UTCL-KHAM-308','2023-04-12','DHOBALE K.K.',500,6320535109,NULL,'for','online',NULL,560.0,25.0,14000.0,14500.0,0.0,-500.0,0.0,0,0,9,1,3,3,30,NULL,183,78,117,86,2,48);
INSERT INTO "transactions_builty" VALUES(480,'UTCL-KHAM-309','2023-04-12','DHOBALE K.K.',60,6320535184,NULL,'for','online',NULL,560.0,3.0,1680.0,0.0,0.0,1680.0,0.0,0,0,9,1,3,3,30,NULL,183,78,117,86,2,48);
INSERT INTO "transactions_builty" VALUES(481,'UTCL-KHAM-310','2023-04-12','ABS CEMENT STRUCTURALS COMPANY BULDHANA',500,6320535122,NULL,'for','online',NULL,390.0,25.0,9750.0,7000.0,0.0,2750.0,0.0,0,0,11,1,3,3,91,NULL,84,72,121,90,2,48);
INSERT INTO "transactions_builty" VALUES(482,'UTCL-KHAM-311','2023-04-12','MALLAWAT TRADING COMPANY',320,6320535112,NULL,'for','online',NULL,530.0,16.0,8480.0,7500.0,0.0,980.0,0.0,0,0,10,1,3,3,35,NULL,83,48,122,91,2,48);
INSERT INTO "transactions_builty" VALUES(483,'UTCL-KHAM-312','2023-04-12','SOMESH KIRANA',100,6320535153,NULL,'for','online',NULL,340.0,5.0,1700.0,1000.0,0.0,700.0,0.0,0,0,9,1,3,3,30,NULL,139,44,80,56,2,48);
INSERT INTO "transactions_builty" VALUES(484,'UTCL-KHAM-313','2023-04-12','MATHURA H/W',500,6320535157,NULL,'for','online',NULL,480.0,25.0,12000.0,11000.0,0.0,1000.0,0.0,0,0,9,1,3,3,40,NULL,137,67,119,88,2,48);
INSERT INTO "transactions_builty" VALUES(485,'UTCL-KHAM-314','2023-04-12','MAHARASHTRA TRADERS',500,6320535132,NULL,'for','online',NULL,500.0,25.0,12500.0,11500.0,0.0,1000.0,0.0,0,0,9,1,3,3,74,NULL,134,77,107,1,2,48);
INSERT INTO "transactions_builty" VALUES(486,'UTCL-143','2023-04-12','AMOL H/W',280,6320535115,NULL,'for','cash',NULL,0.0,14.0,0.0,2000.0,0.0,0.0,37.0,0,0,1,1,1,1,17,3,31,1,17,1,3,1);
INSERT INTO "transactions_builty" VALUES(487,'UTCL-144','2023-04-12','AMOL H/W',60,6320535116,NULL,'for','cash',NULL,0.0,3.0,0.0,0.0,0.0,0.0,0.0,0,0,3,1,1,1,17,NULL,31,1,17,1,3,1);
INSERT INTO "transactions_builty" VALUES(488,'UTCL-KHAM-315','2023-04-12','ABS CEMENT STRUCTURALS COMPANY BULDHANA',500,6320535123,NULL,'for','online',NULL,400.0,25.0,10000.0,9000.0,0.0,1000.0,0.0,0,0,11,1,3,3,63,NULL,84,72,123,92,2,48);
INSERT INTO "transactions_builty" VALUES(489,'UTCL-KHAM-316','2023-04-12','ANAND AGRO',560,6320535188,NULL,'for','online',NULL,420.0,28.0,11760.0,8000.0,0.0,3760.0,0.0,0,0,9,1,3,3,30,NULL,54,78,66,43,2,48);
INSERT INTO "transactions_builty" VALUES(490,'UTCL-KHAM-317','2023-04-12','KISAN K.K. C/O ANANTA SABE',100,6320532012,NULL,'for','online',NULL,360.0,5.0,1800.0,1000.0,0.0,800.0,0.0,0,0,9,1,3,3,30,NULL,111,50,80,56,2,48);
INSERT INTO "transactions_builty" VALUES(491,'UTCL-145','2023-04-12','MOHD. FARQUE CEMENT TRADERS C/O SK, IQBAL',460,6320535117,NULL,'for','cash',NULL,0.0,23.0,0.0,2910.0,0.0,0.0,35.0,0,0,1,1,1,1,7,3,184,18,1,1,3,1);
INSERT INTO "transactions_builty" VALUES(492,'UTCL-146','2023-04-12','GANESH TRADERS',460,6320535144,NULL,'for','cash',NULL,0.0,23.0,0.0,2960.0,0.0,0.0,20.0,0,0,1,1,1,1,50,2,42,39,4,1,3,1);
INSERT INTO "transactions_builty" VALUES(493,'UTCL-147','2023-04-12','SHRIRAJ CEMENT SALES - AKOLI',340,6320535182,NULL,'for','cash',NULL,0.0,17.0,0.0,1970.0,0.0,0.0,37.0,0,0,1,1,1,1,9,3,21,27,15,1,3,1);
INSERT INTO "transactions_builty" VALUES(494,'UTCL-KHAM-318','2023-04-12','GAJANAN BHAU TIKAR',100,6320535245,NULL,'for','online',NULL,300.0,5.0,1500.0,1000.0,0.0,500.0,0.0,0,0,10,1,3,3,30,NULL,186,44,68,45,2,48);
INSERT INTO "transactions_builty" VALUES(495,'UTCL-KHAM-319','2023-04-12','ABS CEMENT STRUCTURALS COMPANY BULDHANA',640,6320535124,NULL,'for','online',NULL,420.0,32.0,13440.0,12000.0,0.0,1440.0,0.0,0,0,11,1,3,3,63,NULL,84,72,124,93,2,48);
INSERT INTO "transactions_builty" VALUES(496,'UTCL-KHAM-320','2023-04-12','DEVANSH AGRO',100,6320535272,NULL,'for','online',NULL,300.0,5.0,1500.0,1000.0,0.0,500.0,0.0,0,0,10,1,3,3,30,NULL,187,82,68,45,2,48);
INSERT INTO "transactions_builty" VALUES(497,'UTCL-KHAM-321','2023-04-12','ABS CEMENT STRUCTURALS COMPANY BULDHANA',500,6320535125,NULL,'for','online',NULL,400.0,25.0,10000.0,9000.0,0.0,1000.0,0.0,0,0,11,1,3,3,63,NULL,84,72,125,94,2,48);
INSERT INTO "transactions_builty" VALUES(498,'UTCL-KHAM-322','2023-04-12','JANTA TRADERS',300,6320535177,NULL,'for','cash',NULL,0.0,15.0,0.0,2930.0,0.0,0.0,0.0,0,0,9,1,3,3,65,NULL,95,75,8,1,2,48);
INSERT INTO "transactions_builty" VALUES(499,'UTCL-KHAM-323','2023-04-12','HARIDAS PIMPALE',160,6320535178,NULL,'for','cash',NULL,0.0,8.0,0.0,0.0,0.0,0.0,0.0,0,0,10,1,3,3,65,NULL,96,75,8,1,2,48);
INSERT INTO "transactions_builty" VALUES(500,'UTCL-KHAM-324','2023-04-12','MOHIT BHAU',600,63205325225,NULL,'for','cash',NULL,0.0,30.0,0.0,3600.0,0.0,0.0,0.0,0,0,9,1,3,3,44,NULL,97,76,13,1,2,48);
INSERT INTO "transactions_builty" VALUES(501,'UTCL-KHAM-325','2023-04-12','N.M.AGRAWAL C/O ABRAR SHAIKH',400,6320535200,NULL,'for','online',NULL,360.0,20.0,7200.0,5500.0,0.0,1700.0,0.0,0,0,9,1,3,3,39,NULL,188,43,83,57,2,48);
INSERT INTO "transactions_builty" VALUES(502,'UTCL-KHAM-326','2023-04-12','JAI MATA DI H/W',260,6320535118,NULL,'for','online',NULL,370.0,13.0,4810.0,5500.0,0.0,-690.0,0.0,0,0,9,1,3,3,30,NULL,88,57,59,38,2,48);
INSERT INTO "transactions_builty" VALUES(503,'UTCL-KHAM-327','2023-04-12','JAI MATA DI H/W',100,6320535119,NULL,'for','online',NULL,370.0,5.0,1850.0,0.0,0.0,1850.0,0.0,0,0,10,1,3,3,30,NULL,88,57,59,38,2,48);
INSERT INTO "transactions_builty" VALUES(504,'UTCL-KHAM-328','2023-04-12','JAI MATA DI H/W',40,6320535275,NULL,'for','online',NULL,370.0,2.0,740.0,0.0,0.0,740.0,0.0,0,0,9,1,3,3,30,NULL,88,57,59,38,2,48);
INSERT INTO "transactions_builty" VALUES(505,'UTCL-KHAM-329','2023-04-12','ABS CEMENT STRUCTURALS COMPANY BULDHANA',500,6320535126,NULL,'for','online',NULL,400.0,25.0,10000.0,9000.0,0.0,1000.0,0.0,0,0,11,1,3,3,63,NULL,84,72,127,96,2,48);
INSERT INTO "transactions_builty" VALUES(506,'UTCL-KHAM-330','2023-04-12','SHIVAM K.K.',100,6320535244,NULL,'for','online',NULL,340.0,5.0,1700.0,1000.0,0.0,700.0,0.0,0,0,9,1,3,3,30,NULL,189,44,60,39,2,48);
INSERT INTO "transactions_builty" VALUES(507,'UTCL-KHAM-331','2023-04-12','SARIKA NILESH AGRAWAL',360,6320535244,NULL,'for','online',NULL,400.0,18.0,7200.0,5500.0,0.0,1700.0,0.0,0,0,9,1,3,3,30,NULL,190,74,49,26,2,48);
INSERT INTO "transactions_builty" VALUES(508,'UTCL-KHAM-332','2023-04-12','DHYANDEO  KANKAL',200,632053520,NULL,'for','cash',NULL,0.0,10.0,0.0,1800.0,0.0,0.0,0.0,0,0,9,1,3,3,47,NULL,191,74,14,1,2,48);
INSERT INTO "transactions_builty" VALUES(509,'UTCL-KHAM-333','2023-04-12','VISHWAKARMA SALES',100,6320535276,NULL,'for','cash',NULL,0.0,5.0,0.0,0.0,0.0,0.0,0.0,0,0,9,1,3,3,47,NULL,105,74,14,1,2,48);
INSERT INTO "transactions_builty" VALUES(510,'UTCL-KHAM-334','2023-04-12','AJANTA TRADERS',100,6320535138,NULL,'for','online',NULL,320.0,5.0,1600.0,9000.0,0.0,-7400.0,0.0,0,0,10,1,3,3,42,NULL,142,57,126,95,2,48);
INSERT INTO "transactions_builty" VALUES(511,'UTCL-KHAM-335','2023-04-12','AJANTA TRADERS',400,6320535139,NULL,'for','online',NULL,320.0,20.0,6400.0,0.0,0.0,6400.0,0.0,0,0,9,1,3,3,42,NULL,142,57,126,95,2,48);
INSERT INTO "transactions_builty" VALUES(512,'UTCL-KHAM-336','2023-04-12','AJANTA TRADERS',100,6320535237,NULL,'for','online',NULL,320.0,5.0,1600.0,0.0,0.0,1600.0,0.0,0,0,9,1,3,3,42,NULL,142,57,126,95,2,48);
INSERT INTO "transactions_builty" VALUES(513,'UTCL-KHAM-337','2023-04-12','CHINTAMANI T. CO',560,6320535107,NULL,'for','online',NULL,420.0,28.0,11760.0,10000.0,0.0,1760.0,0.0,0,0,9,1,3,3,30,NULL,49,62,120,89,2,48);
INSERT INTO "transactions_builty" VALUES(514,'UTCL-KHAM-338','2023-04-12','AKASH DILIP KULSUNDAR',600,6320535278,NULL,'for','online',NULL,0.0,30.0,0.0,3600.0,0.0,0.0,0.0,0,0,9,1,3,3,30,NULL,56,43,5,1,2,48);
INSERT INTO "transactions_builty" VALUES(515,'UTCL-KHAM-339','2023-04-12','ZAHID KHAN',300,6320535238,NULL,'for','online',NULL,400.0,15.0,6000.0,7000.0,0.0,-1000.0,0.0,0,0,9,1,3,3,42,NULL,145,70,105,73,2,48);
INSERT INTO "transactions_builty" VALUES(516,'UTCL-KHAM-340','2023-04-12','ZAHID KHAN',100,6320535280,NULL,'for','online',NULL,400.0,5.0,2000.0,0.0,0.0,2000.0,0.0,0,0,10,1,3,3,42,NULL,145,70,105,73,2,48);
INSERT INTO "transactions_builty" VALUES(517,'UTCL-KHAM-341','2023-04-12','UTKARSH B.M.',400,6320535274,NULL,'for','online',NULL,380.0,20.0,7600.0,5000.0,0.0,2600.0,0.0,0,0,9,1,3,3,56,NULL,65,51,55,34,2,48);
INSERT INTO "transactions_builty" VALUES(518,'UTCL-KHAM-342','2023-04-13','PRIYA H/W',40,6320535221,NULL,'for','online',NULL,0.0,2.0,0.0,1900.0,0.0,0.0,0.0,0,0,10,1,3,3,69,NULL,105,74,14,1,2,48);
INSERT INTO "transactions_builty" VALUES(519,'UTCL-KHAM-343','2023-04-13','PRIYA H/W',260,6320535222,NULL,'for','cash',NULL,0.0,13.0,0.0,0.0,0.0,0.0,0.0,0,0,9,1,3,3,69,NULL,105,74,14,1,2,48);
INSERT INTO "transactions_builty" VALUES(520,'UTCL-KHAM-344','2023-04-13','UTKARSH B.M.',200,6320535288,NULL,'for','online',NULL,380.0,10.0,3800.0,6000.0,0.0,-2200.0,0.0,0,0,10,1,3,3,56,NULL,65,51,50,31,2,48);
INSERT INTO "transactions_builty" VALUES(521,'UTCL-KHAM-345','2023-04-13','UTKARSH B.M.',200,6320535289,NULL,'for','cash',NULL,380.0,10.0,3800.0,0.0,0.0,3800.0,0.0,0,0,9,1,3,3,56,NULL,65,51,50,31,2,48);
INSERT INTO "transactions_builty" VALUES(522,'UTCL-KHAM-346','2023-04-13','GAYATRI K.K. C/O NILESH DEORAO',100,6320535198,NULL,'for','online',NULL,360.0,5.0,1800.0,1000.0,0.0,800.0,0.0,0,0,9,1,3,3,30,NULL,170,45,60,39,2,48);
INSERT INTO "transactions_builty" VALUES(523,'UTCL-KHAM-347','2023-04-13','SANJAY H/W',640,6320535228,NULL,'for','online',NULL,280.0,32.0,8960.0,7500.0,0.0,1460.0,0.0,0,0,9,1,3,3,23,NULL,52,58,57,36,2,48);
INSERT INTO "transactions_builty" VALUES(524,'UTCL-KHAM-348','2023-04-13','MAULI KIRANA',100,6320535246,NULL,'for','online',NULL,340.0,5.0,1700.0,1000.0,0.0,700.0,0.0,0,0,9,1,3,3,30,NULL,125,44,80,56,2,48);
INSERT INTO "transactions_builty" VALUES(525,'UTCL-KHAM-349','2023-04-13','CEMENT HOUSE CHIKHALI',500,6320535197,NULL,'for','online',NULL,420.0,25.0,10500.0,11500.0,0.0,-1000.0,0.0,0,0,9,1,3,3,29,NULL,79,43,128,97,2,48);
INSERT INTO "transactions_builty" VALUES(526,'UTCL-KHAM-350','2023-04-13','CEMENT HOUSE CHIKHALI',100,6320535279,NULL,'for','online',NULL,420.0,5.0,2100.0,0.0,0.0,2100.0,0.0,0,0,9,1,3,3,29,NULL,79,43,128,97,2,48);
INSERT INTO "transactions_builty" VALUES(527,'UTCL-KHAM-351','2023-04-13','SAMEER STEEL C/O SAMEER PATHAN',100,6320535318,NULL,'for','online',NULL,320.0,5.0,1600.0,1000.0,0.0,600.0,0.0,0,0,9,1,3,3,30,NULL,104,45,68,45,2,48);
INSERT INTO "transactions_builty" VALUES(528,'UTCL-KHAM-352','2023-04-13','GAJANAN ASABE',30,6320535299,NULL,'for','online',NULL,320.0,1.5,480.0,1000.0,0.0,-520.0,0.0,0,0,10,1,3,3,30,NULL,73,56,68,45,2,48);
INSERT INTO "transactions_builty" VALUES(529,'UTCL-KHAM-353','2023-04-13','GAJANAN ASABE',70,6320535300,NULL,'for','online',NULL,320.0,3.5,1120.0,0.0,0.0,1120.0,0.0,0,0,10,1,3,3,30,NULL,73,56,68,45,2,48);
INSERT INTO "transactions_builty" VALUES(530,'UTCL-KHAM-354','2023-04-13','DR. BADHE',360,6320535143,NULL,'for','online',NULL,280.0,18.0,5040.0,3500.0,0.0,1540.0,0.0,0,0,9,1,3,3,30,NULL,52,58,61,32,2,48);
INSERT INTO "transactions_builty" VALUES(531,'UTCL-148','2023-04-13','SHAKAMBHARI H/W',220,6320535303,NULL,'for','cash',NULL,0.0,11.0,0.0,2140.0,0.0,0.0,40.0,0,0,3,1,1,1,17,2,127,40,16,1,3,20);
INSERT INTO "transactions_builty" VALUES(532,'UTCL-149','2023-04-13','DEVIDAS DASHRAT REKHTE',120,6320535304,NULL,'for','cash',NULL,0.0,6.0,0.0,0.0,0.0,0.0,0.0,0,0,3,1,1,1,17,NULL,192,40,16,1,3,20);
INSERT INTO "transactions_builty" VALUES(533,'UTCL-150','2023-04-13','KAIF H/W',200,6320535349,NULL,'for','online',NULL,450.0,10.0,4500.0,9000.0,0.0,-4500.0,0.0,0,0,1,1,1,1,12,NULL,3,1,41,18,3,17);
INSERT INTO "transactions_builty" VALUES(534,'UTCL-151','2023-04-13','SHREE VYANKATESH ERIGATION',260,6320535350,NULL,'for','online',NULL,450.0,13.0,5850.0,0.0,0.0,5850.0,0.0,0,0,1,1,1,1,12,NULL,3,1,41,18,3,17);
INSERT INTO "transactions_builty" VALUES(535,'UTCL-152','2023-04-13','INAMANDAR SAHAB',200,6320535339,NULL,'for','cash',NULL,0.0,10.0,0.0,1970.0,0.0,0.0,42.0,0,0,1,1,1,1,18,2,82,36,15,1,3,20);
INSERT INTO "transactions_builty" VALUES(536,'UTCL-KHAM-355','2023-04-13','AMOL CHINCHOLKAR',100,6320535338,NULL,'for','online',NULL,320.0,5.0,1600.0,1000.0,0.0,600.0,0.0,0,0,9,1,3,3,30,NULL,128,63,113,81,2,48);
INSERT INTO "transactions_builty" VALUES(537,'UTCL-153','2023-04-13','INAMANDAR SAHAB',140,6320535350,NULL,'for','cash',NULL,0.0,7.0,0.0,0.0,0.0,0.0,0.0,0,0,1,1,1,1,18,NULL,82,36,15,1,3,20);
INSERT INTO "transactions_builty" VALUES(538,'UTCL-KHAM-356','2023-04-13','MAULI CMENT',100,6320535149,NULL,'for','online',NULL,340.0,5.0,1700.0,1000.0,0.0,700.0,0.0,0,0,9,1,3,3,30,NULL,90,44,80,56,2,48);
INSERT INTO "transactions_builty" VALUES(539,'UTCL-KHAM-357','2023-04-13','PRAVIN MADHUKAR NARKHEDE',400,6320535348,NULL,'for','online',NULL,400.0,20.0,8000.0,7000.0,0.0,1000.0,0.0,0,0,9,1,3,3,43,NULL,193,83,129,98,2,48);
INSERT INTO "transactions_builty" VALUES(540,'UTCL-KHAM-358','2023-04-13','AJAY JAIN',560,6320535340,NULL,'for','online',NULL,500.0,28.0,14000.0,13000.0,0.0,1000.0,0.0,0,0,9,1,3,3,30,NULL,115,78,117,86,2,48);
INSERT INTO "transactions_builty" VALUES(541,'UTCL-KHAM-359','2023-04-13','SHRI CEMENT HOUSE',600,6320535301,NULL,'for','online',NULL,320.0,30.0,9600.0,8500.0,0.0,1100.0,0.0,0,0,9,1,3,3,42,NULL,142,57,130,99,2,48);
INSERT INTO "transactions_builty" VALUES(542,'UTCL-KHAM-360','2023-04-13','JAI GAJANAN H/W',100,6320535317,NULL,'for','online',NULL,360.0,5.0,1800.0,1000.0,0.0,800.0,0.0,0,0,9,1,3,3,30,NULL,52,58,60,39,2,48);
INSERT INTO "transactions_builty" VALUES(544,'UTCL-KHAM-361','2023-04-13','SAMEER STEEL C/O SAMEER PATHAN',20,6320535314,NULL,'for','online',NULL,360.0,1.0,360.0,1000.0,0.0,-640.0,0.0,0,0,9,1,3,3,30,NULL,104,45,80,56,2,48);
INSERT INTO "transactions_builty" VALUES(545,'UTCL-KHAM-362','2023-04-13','SAMEER STEEL C/O SAMEER PATHAN',80,6320535315,NULL,'for','online',NULL,360.0,4.0,1440.0,0.0,0.0,1440.0,0.0,0,0,10,1,3,3,30,NULL,104,45,80,56,2,48);
INSERT INTO "transactions_builty" VALUES(546,'UTCL-KHAM-363','2023-04-13','SOMNATH KIRANA',300,6320535214,NULL,'for','cash',NULL,0.0,15.0,0.0,3600.0,0.0,0.0,0.0,0,0,9,1,3,3,39,NULL,194,72,5,1,2,48);
INSERT INTO "transactions_builty" VALUES(547,'UTCL-KHAM-364','2023-04-13','DWARKA K.K.',300,6320535215,NULL,'for','cash',NULL,0.0,15.0,0.0,0.0,0.0,0.0,0.0,0,0,9,1,3,3,39,NULL,195,72,5,1,2,48);
INSERT INTO "transactions_builty" VALUES(548,'UTCL-KHAM-365','2023-04-13','AJAY JAIN',400,6320535364,NULL,'for','online',NULL,530.0,20.0,10600.0,9500.0,0.0,1100.0,0.0,0,0,9,1,3,3,30,NULL,83,48,53,33,2,48);
INSERT INTO "transactions_builty" VALUES(549,'UTCL-KHAM-366','2023-04-13','SHAFIK KHAN',110,6320535343,NULL,'for','online',NULL,340.0,5.5,1870.0,1000.0,0.0,870.0,0.0,0,0,10,1,3,3,30,NULL,72,44,80,56,2,48);
INSERT INTO "transactions_builty" VALUES(550,'UTCL-KHAM-367','2023-04-13','SOMNATH STRONG BELT',600,6320535343,NULL,'for','online',NULL,320.0,30.0,9600.0,8500.0,0.0,1100.0,0.0,0,0,9,1,3,3,30,NULL,196,79,131,100,2,48);
INSERT INTO "transactions_builty" VALUES(551,'UTCL-KHAM-368','2023-04-13','VAISHNAVI K.K.',260,6320535186,NULL,'for','online',NULL,0.0,13.0,0.0,2830.0,0.0,0.0,0.0,0,0,9,1,3,3,36,NULL,197,60,11,1,2,48);
INSERT INTO "transactions_builty" VALUES(552,'UTCL-154','2023-04-14','GULHANE TRADERS',280,6320535396,NULL,'for','cash',NULL,0.0,14.0,0.0,1950.0,0.0,0.0,30.0,0,0,1,1,1,1,13,1,10,6,17,1,3,17);
INSERT INTO "transactions_builty" VALUES(553,'UTCL-155','2023-04-14','GULHANE TRADERS',60,6320535397,NULL,'for','cash',NULL,0.0,3.0,0.0,0.0,0.0,0.0,0.0,0,0,3,1,1,1,13,NULL,10,6,17,1,3,17);
INSERT INTO "transactions_builty" VALUES(554,'UTCL-KHAM-369','2023-04-13','VAISHNAVI K.K.',200,6320535243,NULL,'for','cash',NULL,0.0,10.0,0.0,0.0,0.0,0.0,0.0,0,0,10,1,3,3,36,NULL,197,60,11,1,2,48);
INSERT INTO "transactions_builty" VALUES(555,'UTCL-KHAM-370','2023-04-13','VAISHALI K.K.',160,6320535186,NULL,'for','online',NULL,420.0,8.0,3360.0,5200.0,0.0,-1840.0,0.0,0,0,9,1,3,3,30,NULL,198,43,83,57,2,48);
INSERT INTO "transactions_builty" VALUES(556,'UTCL-KHAM-371','2023-04-13','SHYAM K.K.',200,6320535187,NULL,'for','online',NULL,420.0,10.0,4200.0,0.0,0.0,4200.0,0.0,0,0,9,1,3,3,30,NULL,199,43,83,57,2,48);
INSERT INTO "transactions_builty" VALUES(557,'UTCL-KHAM-372','2023-04-13','SHYAM K.K.',40,6320535385,NULL,'for','online',NULL,420.0,2.0,840.0,0.0,0.0,840.0,0.0,0,0,9,1,3,3,30,NULL,199,43,83,57,2,48);
INSERT INTO "transactions_builty" VALUES(558,'UTCL-KHAM-373','2023-04-13','SANSKRUTI CONSTRATION',460,6320535159,NULL,'for','cash',NULL,0.0,23.0,0.0,2830.0,0.0,0.0,0.0,0,0,11,1,3,3,68,NULL,83,48,8,1,2,48);
INSERT INTO "transactions_builty" VALUES(559,'UTCL-KHAM-374','2023-04-13','AMBIKA H/W',460,6320535185,NULL,'for','online',NULL,500.0,23.0,11500.0,10000.0,0.0,1500.0,0.0,0,0,9,1,3,3,66,NULL,98,68,66,43,2,48);
INSERT INTO "transactions_builty" VALUES(560,'UTCL-KHAM-375','2023-04-13','AMBIKA H/W',80,6320535394,NULL,'for','online',NULL,500.0,4.0,2000.0,0.0,0.0,2000.0,0.0,0,0,9,1,3,3,66,NULL,98,68,66,43,2,48);
INSERT INTO "transactions_builty" VALUES(561,'UTCL-KHAM-376','2023-04-13','S.K. TRADERS',300,6320535210,NULL,'for','online',NULL,360.0,15.0,5400.0,5000.0,0.0,400.0,0.0,0,0,9,1,3,3,30,NULL,200,74,49,26,2,48);
INSERT INTO "transactions_builty" VALUES(562,'UTCL-KHAM-377','2023-04-13','S.K.TRADERS',60,6320535390,NULL,'for','online',NULL,360.0,3.0,1080.0,0.0,0.0,1080.0,0.0,0,0,9,1,3,3,30,NULL,200,74,49,26,2,48);
INSERT INTO "transactions_builty" VALUES(563,'UTCL-KHAM-378','2023-04-13','VISHAL RAUT',600,6320535368,NULL,'for','online',NULL,0.0,30.0,0.0,3600.0,0.0,0.0,0.0,0,0,9,1,3,3,48,NULL,107,43,13,1,2,48);
INSERT INTO "transactions_builty" VALUES(564,'UTCL-KHAM-379','2023-04-13','SHRI LAXMI H/W',460,6320535241,NULL,'for','online',NULL,470.0,23.0,10810.0,10500.0,0.0,310.0,0.0,0,0,9,1,3,3,36,NULL,201,75,116,84,2,48);
INSERT INTO "transactions_builty" VALUES(565,'UTCL-KHAM-380','2023-04-13','SHRI LAXMI H/W',40,63205395,NULL,'for','online',NULL,470.0,2.0,940.0,0.0,0.0,940.0,0.0,0,0,9,1,3,3,36,NULL,201,75,116,84,2,48);
INSERT INTO "transactions_builty" VALUES(566,'UTCL-KHAM-381','2023-04-13','DEVANSH AGRO',200,63205373,NULL,'for','online',NULL,320.0,10.0,3200.0,3800.0,0.0,-600.0,0.0,0,0,9,1,3,3,30,NULL,155,80,94,64,2,48);
INSERT INTO "transactions_builty" VALUES(567,'UTCL-KHAM-382','2023-04-13','DEVANSH AGRO',100,6320535391,NULL,'for','online',NULL,320.0,5.0,1600.0,0.0,0.0,1600.0,0.0,0,0,9,1,3,3,30,NULL,187,82,67,44,2,48);
INSERT INTO "transactions_builty" VALUES(568,'UTCL-KHAM-383','2023-04-14','GURUDEO DOORS & TRADERS',500,632053,NULL,'for','online',NULL,400.0,25.0,10000.0,9000.0,0.0,1000.0,0.0,0,0,11,1,3,3,39,NULL,84,72,132,101,2,48);
INSERT INTO "transactions_builty" VALUES(569,'UTCL-KHAM-384','2023-04-14','KISAN K.K. C/O ANANTA SABE',50,6320535405,NULL,'for','online',NULL,360.0,2.5,900.0,1000.0,0.0,-100.0,0.0,0,0,10,1,3,3,30,NULL,111,50,67,44,2,48);
INSERT INTO "transactions_builty" VALUES(570,'UTCL-KHAM-385','2023-04-14','KISAN K.K. C/O ANANTA SABE',50,6320535406,NULL,'for','online',NULL,360.0,2.5,900.0,0.0,0.0,900.0,0.0,0,0,9,1,3,3,30,NULL,111,50,67,44,2,48);
INSERT INTO "transactions_builty" VALUES(571,'UTCL-KHAM-386','2023-04-14','KISAN K.K. C/O ANANTA SABE',70,6320535407,NULL,'for','online',NULL,340.0,3.5,1190.0,1000.0,0.0,190.0,0.0,0,0,10,1,3,3,30,NULL,187,82,103,39,2,48);
INSERT INTO "transactions_builty" VALUES(572,'UTCL-KHAM-387','2023-04-14','KISAN K.K. C/O ANANTA SABE',30,6320535408,NULL,'for','online',NULL,340.0,1.5,510.0,0.0,0.0,510.0,0.0,0,0,9,1,3,3,30,NULL,187,82,103,39,2,48);
INSERT INTO "transactions_builty" VALUES(573,'UTCL-KHAM-388','2023-04-14','MAULI KIRANA',100,6320535038,NULL,'for','online',NULL,340.0,5.0,1700.0,1000.0,0.0,700.0,0.0,0,0,9,1,3,3,30,NULL,125,44,80,56,2,48);
INSERT INTO "transactions_builty" VALUES(574,'UTCL-KHAM-389','2023-04-14','KISAN K.K. C/O ANANTA SABE',120,6320535429,NULL,'for','online',NULL,360.0,6.0,2160.0,1000.0,0.0,1160.0,0.0,0,0,10,1,3,3,30,NULL,111,50,67,44,2,48);
INSERT INTO "transactions_builty" VALUES(575,'UTCL-KHAM-390','2023-04-14','KUNAL SONONE',460,6320535308,NULL,'for','cash',NULL,0.0,23.0,0.0,2830.0,0.0,0.0,0.0,0,0,9,1,3,3,82,NULL,202,48,13,1,2,48);
INSERT INTO "transactions_builty" VALUES(576,'UTCL-KHAM-391','2023-04-14','GAYATRI TRADERS C/O VINOD KAKAD',460,6320535369,NULL,'for','cash',NULL,0.0,23.0,0.0,2830.0,0.0,0.0,0.0,0,0,9,1,3,3,30,NULL,203,78,5,1,2,48);
INSERT INTO "transactions_builty" VALUES(577,'UTCL-156','2023-04-14','SHYAM TRADERS',200,6320535421,NULL,'for','cash',NULL,0.0,10.0,0.0,1800.0,0.0,0.0,40.0,0,0,1,1,1,1,8,1,3,1,15,1,3,17);
INSERT INTO "transactions_builty" VALUES(578,'UTCL-157','2023-04-14','SHYAM TRADERS',140,6320535422,NULL,'for','cash',NULL,0.0,7.0,0.0,0.0,0.0,0.0,0.0,0,0,1,1,1,1,8,NULL,3,1,15,1,3,17);
INSERT INTO "transactions_builty" VALUES(579,'UTCL-KHAM-392','2023-04-14','SHIVKRUPA H/W',500,6320535415,NULL,'for','online',NULL,380.0,25.0,9500.0,10000.0,0.0,-500.0,0.0,0,0,9,1,3,3,30,NULL,80,51,133,102,2,48);
INSERT INTO "transactions_builty" VALUES(580,'UTCL-KHAM-393','2023-04-14','SHRIHARI CEMENT HOUSE',100,6320535446,NULL,'for','online',NULL,380.0,5.0,1900.0,0.0,0.0,1900.0,0.0,0,0,9,1,3,3,30,NULL,204,51,133,102,2,48);
INSERT INTO "transactions_builty" VALUES(581,'UTCL-KHAM-394','2023-04-14','PRABHAKAR MORE',380,6320535242,NULL,'for','online',NULL,0.0,19.0,0.0,2830.0,0.0,0.0,0.0,0,0,9,1,3,3,65,NULL,205,75,8,1,2,48);
INSERT INTO "transactions_builty" VALUES(582,'UTCL-KHAM-395','2023-04-14','JANTA TRADERS',80,632053,NULL,'for','cash',NULL,0.0,4.0,0.0,0.0,0.0,0.0,0.0,0,0,10,1,3,3,65,NULL,95,75,8,1,2,48);
INSERT INTO "transactions_builty" VALUES(583,'UTCL-KHAM-396','2023-04-14','SOMNATH STRONG BELT',600,6320535344,NULL,'for','online',NULL,350.0,30.0,10500.0,9000.0,0.0,1500.0,0.0,0,0,9,1,3,3,30,NULL,206,46,98,2,2,48);
INSERT INTO "transactions_builty" VALUES(584,'UTCL-KHAM-397','2023-04-14','KOKATE SAHEB',400,6320535382,NULL,'for','online',NULL,400.0,20.0,8000.0,6000.0,0.0,2000.0,0.0,0,0,9,1,3,3,42,NULL,207,83,83,57,2,48);
INSERT INTO "transactions_builty" VALUES(585,'UTCL-KHAM-398','2023-04-14','RATHI TRADING COMPANY C/O',640,6320535414,NULL,'for','online',NULL,410.0,32.0,13120.0,12000.0,0.0,1120.0,0.0,0,0,9,1,3,3,39,NULL,207,83,134,103,2,48);
INSERT INTO "transactions_builty" VALUES(586,'UTCL-KHAM-399','2023-04-14','SHRUSHTI STEEL',160,6320535443,NULL,'for','cash',NULL,0.0,8.0,0.0,2830.0,0.0,0.0,0.0,0,0,9,1,3,3,109,NULL,109,46,11,1,2,48);
INSERT INTO "transactions_builty" VALUES(587,'UTCL-KHAM-400','2023-04-14','SHRUSHTI STEEL',300,6320535444,NULL,'for','cash',NULL,0.0,15.0,0.0,0.0,0.0,0.0,0.0,0,0,10,1,3,3,109,NULL,109,46,11,1,2,48);
INSERT INTO "transactions_builty" VALUES(588,'UTCL-KHAM-401','2023-04-14','PRAGAT AGRO AGENCY',500,6320535458,NULL,'for','online',NULL,470.0,25.0,11750.0,10500.0,0.0,1250.0,0.0,0,0,9,1,3,3,36,NULL,95,75,135,104,2,48);
INSERT INTO "transactions_builty" VALUES(589,'UTCL-KHAM-402','2023-04-14','TIRUPATI H/W',460,6320535460,NULL,'for','cash',NULL,0.0,23.0,0.0,2930.0,0.0,0.0,0.0,0,0,9,1,3,3,23,NULL,209,58,7,1,2,48);
INSERT INTO "transactions_builty" VALUES(590,'UTCL-KHAM-403','2023-04-15','GAYATRI K.K.',100,6320535478,NULL,'for','online',NULL,300.0,5.0,1500.0,1000.0,0.0,500.0,0.0,0,0,9,1,3,3,30,NULL,171,44,60,39,2,48);
INSERT INTO "transactions_builty" VALUES(591,'UTCL-KHAM-404','2023-04-15','BHAGWAN PADMANE',160,6320535401,160.0,'for','cash',NULL,0.0,8.0,0.0,1300.0,0.0,0.0,0.0,0,0,10,1,3,3,56,NULL,53,58,14,1,2,48);
INSERT INTO "transactions_builty" VALUES(592,'UTCL-KHAM-405','2023-04-15','BHAGWAN PADMANE',40,6320535402,NULL,'for','cash',NULL,0.0,2.0,0.0,0.0,0.0,0.0,0.0,0,0,9,1,3,3,56,NULL,53,58,14,1,2,48);
INSERT INTO "transactions_builty" VALUES(593,'UTCL-KHAM-406','2023-04-15','ANMOL K.K.',300,6320535479,NULL,'for','online',NULL,320.0,15.0,4800.0,4000.0,0.0,800.0,0.0,0,0,9,1,3,3,30,NULL,87,73,61,32,2,48);
INSERT INTO "transactions_builty" VALUES(594,'UTCL-KHAM-407','2023-04-15','ANMOL K.K.',60,6320535508,NULL,'for','online',NULL,320.0,3.0,960.0,0.0,0.0,960.0,0.0,0,0,9,1,3,3,30,NULL,87,73,61,32,2,48);
INSERT INTO "transactions_builty" VALUES(595,'UTCL-KHAM-408','2023-04-15','SAVAJI & SONS',500,6320535467,NULL,'for','cash',NULL,400.0,25.0,10000.0,9000.0,0.0,1000.0,0.0,0,0,9,1,3,3,44,NULL,79,43,137,106,2,48);
INSERT INTO "transactions_builty" VALUES(596,'UTCL-KHAM-409','2023-04-15','BHAGYODAY TRADERS',200,6320535501,NULL,'for','online',NULL,290.0,10.0,2900.0,3200.0,0.0,-300.0,0.0,0,0,9,1,3,3,24,NULL,69,56,63,41,2,48);
INSERT INTO "transactions_builty" VALUES(597,'UTCL-KHAM-410','2023-04-15','OM SATHE',100,6320535501,NULL,'for','online',NULL,290.0,5.0,1450.0,0.0,0.0,1450.0,0.0,0,0,9,1,3,3,24,NULL,86,56,63,41,2,48);
INSERT INTO "transactions_builty" VALUES(598,'UTCL-KHAM-411','2023-04-15','VITTHAL GHOGRE',100,6320535477,NULL,'for','online',NULL,360.0,5.0,1800.0,1000.0,0.0,800.0,0.0,0,0,9,1,3,3,30,NULL,167,45,80,56,2,48);
INSERT INTO "transactions_builty" VALUES(599,'UTCL-KHAM-412','2023-04-15','RAMDAS WASHIMKAR',110,6320535469,NULL,'for','online',NULL,300.0,5.5,1650.0,1000.0,0.0,650.0,0.0,0,0,10,1,3,3,30,NULL,112,44,68,45,2,48);
INSERT INTO "transactions_builty" VALUES(600,'UTCL-KHAM-413','2023-04-15','VIDARBHA AGRO',100,6320535506,NULL,'for','online',NULL,320.0,5.0,1600.0,1000.0,0.0,600.0,0.0,0,0,9,1,3,3,60,NULL,128,63,113,81,2,48);
INSERT INTO "transactions_builty" VALUES(601,'UTCL-158','2023-04-15','ABHJIT SIR DEVIDAS REKHATE',200,6320535452,NULL,'for','cash',NULL,0.0,10.0,0.0,1910.0,0.0,0.0,40.0,0,0,3,1,1,1,17,2,127,40,18,1,3,17);
INSERT INTO "transactions_builty" VALUES(602,'UTCL-159','2023-04-15','ABHJIT SIR DEVIDAS REKHATE',120,6320535453,NULL,'for','cash',NULL,0.0,6.0,0.0,0.0,0.0,0.0,0.0,0,0,3,1,1,1,17,NULL,127,40,18,1,3,17);
INSERT INTO "transactions_builty" VALUES(603,'UTCL-160','2023-04-15','UDAY GENRAL AGENCY',200,6320535524,NULL,'for','cash',NULL,0.0,10.0,0.0,1950.0,0.0,0.0,35.0,0,0,1,1,1,1,18,1,42,39,17,1,3,17);
INSERT INTO "transactions_builty" VALUES(604,'UTCL-161','2023-04-15','UDAY GENRAL AGENCY',140,6320535525,NULL,'for','cash',NULL,0.0,7.0,0.0,0.0,0.0,0.0,0.0,0,0,1,1,1,1,18,NULL,42,39,17,1,3,17);
INSERT INTO "transactions_builty" VALUES(605,'UTCL-KHAM-414','2023-04-15','GANESH TRADERS',540,6320535497,NULL,'for','cash',NULL,420.0,27.0,11340.0,8000.0,0.0,3340.0,0.0,0,0,9,1,3,3,30,NULL,109,46,66,43,2,48);
INSERT INTO "transactions_builty" VALUES(606,'UTCL-KHAM-415','2023-04-15','BHOLESHWAR KIRANA',400,6320535495,NULL,'for','online',NULL,450.0,20.0,9000.0,12500.0,0.0,-12500.0,0.0,0,0,9,1,3,3,30,NULL,54,78,117,86,2,48);
INSERT INTO "transactions_builty" VALUES(607,'UTCL-KHAM-416','2023-04-15','KRUSHNARAJ H/W',200,6320535496,NULL,'for','online',NULL,450.0,10.0,4500.0,0.0,0.0,4500.0,0.0,0,0,9,1,3,3,30,NULL,208,78,117,86,2,48);
INSERT INTO "transactions_builty" VALUES(608,'UTCL-KHAM-417','2023-04-15','PRAKASH STEEL',500,6320535487,NULL,'for','online',NULL,390.0,25.0,9750.0,8500.0,0.0,1250.0,0.0,0,0,9,1,3,3,41,NULL,84,72,136,105,2,48);
INSERT INTO "transactions_builty" VALUES(609,'UTCL-KHAM-418','2023-04-15','SHIVSEVA K.K. C/O DR.RAJPUT SIR',460,6320535437,NULL,'for','cash',NULL,0.0,23.0,0.0,2830.0,0.0,0.0,0.0,0,0,9,1,3,3,30,NULL,210,78,11,1,2,210);
INSERT INTO "transactions_builty" VALUES(610,'UTCL-KHAM-419','2023-04-15','VAIBHAV TRADERS',400,6320535533,NULL,'for','online',NULL,350.0,20.0,7000.0,5500.0,0.0,1500.0,0.0,0,0,9,1,3,3,45,NULL,75,51,83,57,2,48);
INSERT INTO "transactions_builty" VALUES(611,'UTCL-KHAM-420','2023-04-15','GURUKRUPA H/W',300,6320535199,NULL,'for','cash',NULL,0.0,15.0,0.0,1800.0,0.0,0.0,0.0,0,0,9,1,3,3,39,NULL,211,43,14,1,2,48);
INSERT INTO "transactions_builty" VALUES(612,'UTCL-KHAM-421','2023-04-15','SWAGAT H/W',500,6320535488,NULL,'for','online',NULL,500.0,25.0,12500.0,13000.0,0.0,-500.0,0.0,0,0,9,1,3,3,73,NULL,117,78,120,89,2,48);
INSERT INTO "transactions_builty" VALUES(613,'UTCL-KHAM-422','2023-04-15','SWAGAT H/W',60,6320535527,NULL,'for','online',NULL,500.0,3.0,1500.0,0.0,0.0,1500.0,0.0,0,0,9,1,3,3,73,NULL,117,78,120,89,2,48);
INSERT INTO "transactions_builty" VALUES(614,'UTCL-KHAM-423','2023-04-15','GURUKRUPA H/W',300,6320535476,NULL,'for','online',NULL,400.0,15.0,6000.0,10000.0,0.0,-4000.0,0.0,0,0,9,1,3,3,30,NULL,212,74,139,107,2,48);
INSERT INTO "transactions_builty" VALUES(615,'UTCL-KHAM-424','2023-04-15','SAIKRUPA H/W',300,6320535468,NULL,'for','online',NULL,400.0,15.0,6000.0,0.0,0.0,6000.0,0.0,0,0,10,1,3,3,79,NULL,144,74,139,107,2,48);
INSERT INTO "transactions_builty" VALUES(616,'UTCL-KHAM-425','2023-04-15','SAMEER STEEL C/O SAMEER PATHAN',70,6320535511,NULL,'for','online',NULL,320.0,3.5,1120.0,1000.0,0.0,120.0,0.0,0,0,10,1,3,3,30,NULL,85,45,60,39,2,48);
INSERT INTO "transactions_builty" VALUES(617,'UTCL-KHAM-426','2023-04-15','SAMEER STEEL',30,6320535512,NULL,'for','online',NULL,320.0,1.5,480.0,0.0,0.0,480.0,0.0,0,0,9,1,3,3,30,NULL,85,45,60,39,2,48);
INSERT INTO "transactions_builty" VALUES(618,'UTCL-162','2023-04-15','BHARAT CEMENT DEPO',180,6320535551,NULL,'for','cash',NULL,0.0,9.0,0.0,1880.0,0.0,0.0,40.0,0,0,1,1,1,1,17,1,118,2,16,1,3,17);
INSERT INTO "transactions_builty" VALUES(619,'UTCL-163','2023-04-15','BHARAT CEMENT DEPO',160,6320535550,NULL,'for','cash',NULL,0.0,8.0,0.0,0.0,0.0,0.0,0.0,0,0,3,1,1,1,17,NULL,118,2,16,1,3,17);
INSERT INTO "transactions_builty" VALUES(620,'UTCL-164','2023-04-15','NILESH WELDING WORK SHOP',260,6320535548,NULL,'for','cash',NULL,0.0,13.0,0.0,2450.0,0.0,0.0,48.0,0,0,1,1,1,1,12,1,18,29,6,1,3,17);
INSERT INTO "transactions_builty" VALUES(621,'UTCL-165','2023-04-15','NILESH WELDING WORK SHOP',200,6320535449,NULL,'for','cash',NULL,0.0,10.0,0.0,0.0,0.0,0.0,0.0,0,0,1,1,1,1,12,NULL,18,29,6,1,3,17);
INSERT INTO "transactions_builty" VALUES(622,'UTCL-166','2023-04-15','SHIVAJIRAO DESHMUKH- ASEGAON',200,6320535546,NULL,'for','cash',NULL,0.0,10.0,0.0,2190.0,0.0,0.0,37.0,0,0,3,1,1,1,58,2,58,24,15,1,3,20);
INSERT INTO "transactions_builty" VALUES(623,'UTCL-167','2023-04-15','SHIVAJIRAO DESHMUKH- ASEGAON',140,6320535547,NULL,'for','cash',NULL,0.0,7.0,0.0,0.0,0.0,0.0,0.0,0,0,3,1,1,1,58,NULL,58,24,15,1,3,20);
INSERT INTO "transactions_builty" VALUES(624,'UTCL-KHAM-427','2023-04-15','KALYAN KALE',460,6320535465,NULL,'for','cash',NULL,0.0,23.0,0.0,2830.0,0.0,0.0,0.0,0,0,9,1,3,3,65,NULL,114,75,8,1,2,48);
INSERT INTO "transactions_builty" VALUES(625,'UTCL-KHAM-428','2023-04-15','ANAND DHAGE',160,6320535383,NULL,'for','online',NULL,380.0,8.0,3040.0,5500.0,0.0,-2460.0,0.0,0,0,9,1,3,3,49,NULL,102,51,55,34,2,48);
INSERT INTO "transactions_builty" VALUES(626,'UTCL-KHAM-429','2023-04-15','SHRI GAJANAN TILES',240,6320535577,NULL,'for','online',NULL,380.0,12.0,4560.0,0.0,0.0,4560.0,0.0,0,0,9,1,3,3,49,NULL,113,51,55,34,2,48);
INSERT INTO "transactions_builty" VALUES(627,'UTCL-KHAM-430','2023-04-15','MAHADEO LAHUDKAR',100,6320535579,NULL,'for','online',NULL,320.0,5.0,1600.0,1000.0,0.0,600.0,0.0,0,0,9,1,3,3,30,NULL,85,45,68,45,2,48);
INSERT INTO "transactions_builty" VALUES(628,'UTCL-KHAM-431','2023-04-15','AKASH DANDLE',100,6320535574,NULL,'for','online',NULL,300.0,5.0,1500.0,1000.0,0.0,500.0,0.0,0,0,9,1,3,3,30,NULL,213,44,80,56,2,213);
INSERT INTO "transactions_builty" VALUES(629,'UTCL-KHAM-432','2023-04-15','BALAJI SALES',300,6320535566,NULL,'for','cash',NULL,370.0,15.0,5550.0,6400.0,0.0,-850.0,0.0,0,0,10,1,3,3,110,NULL,92,74,140,50,2,48);
INSERT INTO "transactions_builty" VALUES(630,'UTCL-KHAM-433','2023-04-15','BALAJI SALES',100,6320535578,NULL,'for','online',NULL,370.0,5.0,1850.0,0.0,0.0,1850.0,0.0,0,0,10,1,3,3,110,NULL,92,74,140,50,2,48);
INSERT INTO "transactions_builty" VALUES(631,'UTCL-KHAM-434','2023-04-15','MANOJ VISHNUPANT PAKHRE',100,6320535470,NULL,'for','cash',NULL,0.0,5.0,0.0,2850.0,0.0,0.0,0.0,0,0,9,1,3,3,40,NULL,214,67,13,1,2,48);
INSERT INTO "transactions_builty" VALUES(632,'UTCL-KHAM-435','2023-04-15','SARVADNYA H/W',100,6320535472,NULL,'for','cash',NULL,0.0,5.0,0.0,0.0,0.0,0.0,0.0,0,0,9,1,3,3,40,NULL,214,67,13,1,2,48);
INSERT INTO "transactions_builty" VALUES(633,'UTCL-KHAM-436','2023-04-15','PRAVIN TRADERS',260,6320535471,NULL,'for','cash',NULL,0.0,13.0,0.0,0.0,0.0,0.0,0.0,0,0,9,1,3,3,40,NULL,132,67,13,1,2,48);
INSERT INTO "transactions_builty" VALUES(634,'UTCL-KHAM-437','2023-04-15','RAFIQUE THEKEDAR',600,6320535583,NULL,'for','online',NULL,400.0,30.0,12000.0,10000.0,0.0,2000.0,0.0,0,0,10,1,3,3,42,NULL,215,71,141,108,2,215);
INSERT INTO "transactions_builty" VALUES(635,'UTCL-KHAM-438','2023-04-16','JAGDAMBA TRADERS',600,6320535602,NULL,'for','online',NULL,420.0,30.0,12600.0,11500.0,0.0,1100.0,0.0,0,0,9,1,3,3,30,NULL,49,62,57,36,2,55);
INSERT INTO "transactions_builty" VALUES(636,'UTCL-KHAM-439','2023-04-16','SHIVA WELDING & H/W',100,6320535602,NULL,'for','online',NULL,390.0,5.0,1950.0,7000.0,0.0,-5050.0,0.0,0,0,9,1,3,3,46,NULL,91,74,59,38,2,55);
INSERT INTO "transactions_builty" VALUES(637,'UTCL-KHAM-440','2023-04-16','KRISHNAKRUPA SALES',300,6320535595,NULL,'for','online',NULL,370.0,15.0,5550.0,0.0,0.0,5550.0,0.0,0,0,9,1,3,3,46,NULL,92,74,59,38,2,55);
INSERT INTO "transactions_builty" VALUES(638,'UTCL-168','2023-04-16','DAMODAR KIRANA',120,6320535649,NULL,'for','cash',NULL,0.0,6.0,0.0,2200.0,0.0,0.0,40.0,0,0,1,1,1,1,17,1,21,27,17,1,3,17);
INSERT INTO "transactions_builty" VALUES(639,'UTCL-169','2023-04-16','DAMODAR KIRANA',60,6320535650,NULL,'for','cash',NULL,0.0,3.0,0.0,0.0,0.0,0.0,0.0,0,0,3,1,1,1,17,NULL,21,27,17,1,3,17);
INSERT INTO "transactions_builty" VALUES(640,'UTCL-170','2023-04-16','SHREE RAJESHWAR H/W',120,6320535651,NULL,'for','cash',NULL,0.0,6.0,0.0,0.0,0.0,0.0,0.0,0,0,1,1,1,1,17,NULL,21,27,17,1,3,17);
INSERT INTO "transactions_builty" VALUES(641,'UTCL-171','2023-04-16','DAMODAR KIRANA',40,6320535652,NULL,'for','cash',NULL,0.0,2.0,0.0,0.0,0.0,0.0,0.0,0,0,3,1,1,1,17,NULL,21,27,17,1,3,20);
INSERT INTO "transactions_builty" VALUES(642,'UTCL-KHAM-441','2023-04-16','VIJAY DIWANALE',100,6320535610,NULL,'for','online',NULL,360.0,5.0,1800.0,1000.0,0.0,800.0,0.0,0,0,9,1,3,3,30,NULL,85,45,80,56,2,55);
INSERT INTO "transactions_builty" VALUES(643,'UTCL-KHAM-442','2023-04-16','DIPAK KAKA UNGALE',100,6320535611,NULL,'for','online',NULL,320.0,5.0,1600.0,1000.0,0.0,600.0,0.0,0,0,9,1,3,3,30,NULL,216,44,68,45,2,55);
INSERT INTO "transactions_builty" VALUES(644,'UTCL-KHAM-443','2023-04-16','SAMEER PATHAN',100,6320535634,NULL,'for','online',NULL,360.0,5.0,1800.0,1000.0,0.0,800.0,0.0,0,0,10,1,3,3,30,NULL,85,45,80,56,2,55);
INSERT INTO "transactions_builty" VALUES(645,'UTCL-KHAM-444','2023-04-16','PRABHAKAR DALI',200,6320535570,NULL,'for','online',NULL,270.0,10.0,2700.0,3500.0,0.0,-800.0,0.0,0,0,9,1,3,3,24,NULL,86,56,61,32,2,55);
INSERT INTO "transactions_builty" VALUES(646,'UTCL-KHAM-445','2023-04-16','BHAGYODAY TRADERS',160,6320535571,NULL,'for','online',NULL,270.0,8.0,2160.0,0.0,0.0,2160.0,0.0,0,0,9,1,3,3,24,NULL,69,56,61,32,2,55);
INSERT INTO "transactions_builty" VALUES(647,'UTCL-KHAM-446','2023-04-16','SAVAJI & SONS',300,6320535597,NULL,'for','online',NULL,360.0,15.0,5400.0,4400.0,0.0,1000.0,0.0,0,0,9,1,3,3,44,NULL,79,43,92,32,2,55);
INSERT INTO "transactions_builty" VALUES(648,'UTCL-KHAM-447','2023-04-16','PRABHAKAR WADOKAR',200,6320535535,NULL,'for','online',NULL,260.0,10.0,2600.0,3000.0,0.0,-400.0,0.0,0,0,9,1,3,3,24,NULL,138,56,63,41,2,55);
INSERT INTO "transactions_builty" VALUES(649,'UTCL-KHAM-448','2023-04-16','BHAGYODAY TRADERS',100,6320535534,NULL,'for','online',NULL,260.0,5.0,1300.0,0.0,0.0,1300.0,0.0,0,0,9,1,3,3,24,NULL,69,56,63,41,2,55);
INSERT INTO "transactions_builty" VALUES(650,'UTCL-KHAM-449','2023-04-16','KAMAL AGENCY',500,6320535596,NULL,'for','online',NULL,400.0,25.0,10000.0,9000.0,0.0,1000.0,0.0,0,0,9,1,3,3,78,NULL,79,43,142,109,2,55);
INSERT INTO "transactions_builty" VALUES(651,'UTCL-KHAM-450','2023-04-16','BHAGWAT SHALIGRAM GAWANDE',100,6320535614,NULL,'for','online',NULL,340.0,5.0,1700.0,1000.0,0.0,700.0,0.0,0,0,9,1,3,3,30,NULL,74,44,80,56,2,55);
INSERT INTO "transactions_builty" VALUES(652,'UTCL-KHAM-451','2023-04-16','SHREE AGRO AGENCY',100,630535635,NULL,'for','online',NULL,340.0,5.0,1700.0,1000.0,0.0,700.0,0.0,0,0,10,1,3,3,30,NULL,217,44,103,39,2,217);
INSERT INTO "transactions_builty" VALUES(653,'UTCL-KHAM-452','2023-04-16','TULJAI H/W',100,6320535637,NULL,'for','cash',NULL,0.0,5.0,0.0,1800.0,0.0,0.0,0.0,0,0,10,1,3,3,60,NULL,69,56,14,1,2,55);
INSERT INTO "transactions_builty" VALUES(654,'UTCL-KHAM-453','2023-04-16','TULJAI H/W',200,6320535641,NULL,'for','cash',NULL,0.0,10.0,0.0,0.0,0.0,0.0,0.0,0,0,9,1,3,3,60,NULL,69,56,14,1,2,55);
INSERT INTO "transactions_builty" VALUES(655,'UTCL-KHAM-454','2023-04-16','CHINTAMANI TRADING COMPANY C/O VASANTRAO JAYBHAYE',200,6320535653,NULL,'for','cash',NULL,0.0,10.0,0.0,3130.0,0.0,0.0,0.0,0,0,10,1,3,3,30,NULL,218,78,5,1,2,55);
INSERT INTO "transactions_builty" VALUES(656,'UTCL-KHAM-455','2023-04-16','CHINTAMANI TRADING COMPANY C/O VASANTRAO JAYABHAYE',260,6320535654,NULL,'for','cash',NULL,0.0,13.0,0.0,0.0,0.0,0.0,0.0,0,0,9,1,3,3,30,NULL,218,78,5,1,2,55);
INSERT INTO "transactions_builty" VALUES(657,'UTCL-KHAM-456','2023-04-16','SHREE TRADERS',200,6320535656,NULL,'for','online',NULL,400.0,10.0,4000.0,7000.0,0.0,-3000.0,0.0,0,0,9,1,3,3,71,NULL,63,51,105,73,2,55);
INSERT INTO "transactions_builty" VALUES(658,'UTCL-KHAM-457','2023-04-16','SHREE TRADERS',200,6320535657,NULL,'for','cash',NULL,400.0,10.0,4000.0,0.0,0.0,4000.0,0.0,0,0,10,1,3,3,71,NULL,63,51,105,73,2,55);
INSERT INTO "transactions_builty" VALUES(659,'UTCL-KHAM-458','2023-04-17','AKASH SATAO',100,6320535673,NULL,'for','online',NULL,320.0,5.0,1600.0,1000.0,0.0,600.0,0.0,0,0,9,1,3,3,26,NULL,187,82,103,39,2,55);
INSERT INTO "transactions_builty" VALUES(660,'UTCL-KHAM-459','2023-04-17','VIJAY DIWLANE',100,6320535672,NULL,'for','online',NULL,360.0,5.0,1800.0,1000.0,0.0,800.0,0.0,0,0,9,1,3,3,30,NULL,85,45,80,56,2,55);
INSERT INTO "transactions_builty" VALUES(661,'UTCL-KHAM-460','2023-04-17','RENUKA TRADERS',240,6320535572,NULL,'for','cash',NULL,0.0,12.0,0.0,1500.0,0.0,0.0,0.0,0,0,9,1,3,3,44,NULL,56,43,14,1,2,55);
INSERT INTO "transactions_builty" VALUES(662,'UTCL-KHAM-461','2023-04-17','PRAVIN THAKRE',100,6320535670,NULL,'for','cash',NULL,320.0,5.0,1600.0,1000.0,0.0,600.0,0.0,0,0,9,1,3,3,33,NULL,187,82,67,44,2,55);
INSERT INTO "transactions_builty" VALUES(663,'UTCL-KHAM-462','2023-04-17','VAIBHAV TRADERS',400,6320535678,NULL,'for','online',NULL,380.0,20.0,7600.0,5500.0,0.0,2100.0,0.0,0,0,9,1,3,3,45,NULL,113,51,83,57,2,55);
INSERT INTO "transactions_builty" VALUES(664,'UTCL-KHAM-463','2023-04-17','RAJU DANGE',100,6320535677,NULL,'for','online',NULL,300.0,5.0,1500.0,1000.0,0.0,500.0,0.0,0,0,9,1,3,3,30,NULL,219,44,68,45,2,219);
INSERT INTO "transactions_builty" VALUES(665,'UTCL-KHAM-464','2023-04-17','PRIYA H/W',300,6320535681,NULL,'for','online',NULL,370.0,15.0,5550.0,4000.0,0.0,1550.0,0.0,0,0,9,1,3,3,69,NULL,105,74,63,41,2,55);
INSERT INTO "transactions_builty" VALUES(666,'UTCL-172','2023-04-17','JAY BHOLE',200,6320535552,NULL,'for','cash',NULL,0.0,10.0,0.0,1970.0,0.0,0.0,50.0,0,0,1,1,1,1,12,3,37,28,15,1,3,17);
INSERT INTO "transactions_builty" VALUES(667,'UTCL-173','2023-04-17','NISARG K S K',140,6320535553,NULL,'for','cash',NULL,0.0,7.0,0.0,0.0,0.0,0.0,0.0,0,0,1,1,1,1,12,NULL,37,28,15,1,3,17);
INSERT INTO "transactions_builty" VALUES(668,'UTCL-174','2023-04-17','MAHALAXMI PROVISION',100,6320535696,NULL,'for','cash',NULL,0.0,5.0,0.0,2100.0,0.0,0.0,40.0,0,0,1,1,1,1,8,2,19,1,16,1,3,20);
INSERT INTO "transactions_builty" VALUES(669,'UTCL-175','2023-04-17','GAJANAN DHANBHAR',240,6320535697,NULL,'for','cash',NULL,0.0,12.0,0.0,0.0,0.0,0.0,0.0,0,0,3,1,1,1,8,NULL,220,1,16,1,3,20);
INSERT INTO "transactions_builty" VALUES(670,'UTCL-KHAM-465','2023-04-17','VITTHAL KHANDARE',100,6320535698,NULL,'for','online',NULL,360.0,5.0,1800.0,1000.0,0.0,800.0,0.0,0,0,9,1,3,3,30,NULL,103,66,80,56,2,55);
INSERT INTO "transactions_builty" VALUES(671,'UTCL-KHAM-466','2023-04-17','SAMEER STEEL C/O SAMEER PATHAN',100,6320535700,NULL,'for','online',NULL,360.0,5.0,1800.0,1000.0,0.0,800.0,0.0,0,0,9,1,3,3,30,NULL,85,45,172,138,2,55);
INSERT INTO "transactions_builty" VALUES(672,'UTCL-KHAM-467','2023-04-17','VITTHAL KHANDARE',100,6320535699,NULL,'for','online',NULL,340.0,5.0,1700.0,1000.0,0.0,700.0,0.0,0,0,9,1,3,3,30,NULL,103,66,80,56,2,55);
INSERT INTO "transactions_builty" VALUES(673,'UTCL-176','2023-04-17','MAHASHWARI KIRANA',200,6320535708,NULL,'for','cash',NULL,430.0,10.0,4300.0,6000.0,0.0,-1700.0,0.0,0,0,1,1,1,1,9,NULL,127,40,160,127,3,17);
INSERT INTO "transactions_builty" VALUES(674,'UTCL-177','2023-04-17','MAHASHWARI KIRANA',140,6320535709,NULL,'for','cash',NULL,430.0,7.0,3010.0,0.0,0.0,3010.0,0.0,0,0,1,1,1,1,9,NULL,127,40,160,127,3,17);
INSERT INTO "transactions_builty" VALUES(675,'UTCL-KHAM-468','2023-04-17','KRISHNAKRUPA SALES',200,6320535726,NULL,'for','cash',NULL,0.0,10.0,0.0,1900.0,0.0,0.0,0.0,0,0,9,1,3,3,46,NULL,92,74,14,1,2,55);
INSERT INTO "transactions_builty" VALUES(676,'UTCL-KHAM-469','2023-04-17','VIJAY SABLE',100,6320535727,NULL,'for','cash',NULL,0.0,5.0,0.0,0.0,0.0,0.0,0.0,0,0,9,1,3,3,46,NULL,221,74,14,1,2,221);
INSERT INTO "transactions_builty" VALUES(677,'UTCL-KHAM-470','2023-04-17','PRAMOD KHADPE',100,6320535721,NULL,'for','online',NULL,300.0,5.0,1500.0,1000.0,0.0,500.0,0.0,0,0,9,1,3,3,111,NULL,125,44,68,45,2,55);
INSERT INTO "transactions_builty" VALUES(678,'UTCL-KHAM-471','2023-04-17','DEWANSH AGRO',100,6320535715,NULL,'for','online',NULL,360.0,5.0,1800.0,1000.0,0.0,800.0,0.0,0,0,9,1,3,3,30,NULL,187,82,80,56,2,55);
INSERT INTO "transactions_builty" VALUES(679,'UTCL-KHAM-472','2023-04-17','BHAGYODAY TRADERS',300,6320535740,NULL,'for','online',NULL,280.0,15.0,4200.0,4300.0,0.0,-100.0,0.0,0,0,9,1,3,3,24,NULL,69,56,55,34,2,55);
INSERT INTO "transactions_builty" VALUES(680,'UTCL-KHAM-473','2023-04-17','RAJESH PATIL',100,6320535741,NULL,'for','online',NULL,280.0,5.0,1400.0,0.0,0.0,1400.0,0.0,0,0,9,1,3,3,24,NULL,86,56,55,34,2,55);
INSERT INTO "transactions_builty" VALUES(681,'UTCL-KHAM-474','2023-04-17','JANTA TRADERS',160,6320535749,NULL,'for','cash',NULL,0.0,8.0,0.0,2830.0,0.0,0.0,0.0,0,0,9,1,3,3,65,NULL,95,75,5,1,2,55);
INSERT INTO "transactions_builty" VALUES(682,'UTCL-KHAM-475','2023-04-17','RAHUL TAYDE',300,6320535750,NULL,'for','cash',NULL,0.0,15.0,0.0,0.0,0.0,0.0,60.0,0,0,9,1,3,3,65,4,95,75,5,1,2,55);
INSERT INTO "transactions_builty" VALUES(683,'UTCL-178','2023-04-18','KALAMB CEMENT SALES',340,6320535778,NULL,'for','cash',NULL,0.0,17.0,0.0,2070.0,0.0,0.0,29.0,0,0,1,1,1,1,13,3,222,6,17,1,3,1);
INSERT INTO "transactions_builty" VALUES(684,'UTCL-179','2023-04-18','SHREE VYANKATESH ERIGATION',360,6320535779,NULL,'for','cash',NULL,0.0,18.0,0.0,2730.0,0.0,0.0,45.0,0,0,1,1,1,1,12,2,3,1,4,1,3,1);
INSERT INTO "transactions_builty" VALUES(685,'UTCL-180','2023-04-18','SHREE VYANKATESH ERIGATION',100,6320535780,NULL,'for','cash',NULL,0.0,5.0,0.0,0.0,0.0,0.0,0.0,0,0,3,1,1,1,12,NULL,3,1,4,1,3,1);
INSERT INTO "transactions_builty" VALUES(686,'UTCL-181','2023-04-18','AKSHAY CEMENT & BUILDING MATERIYAL',640,6320535793,NULL,'for','cash',NULL,0.0,32.0,0.0,3770.0,0.0,0.0,30.0,0,0,1,1,1,1,34,3,35,30,12,1,3,1);
INSERT INTO "transactions_builty" VALUES(687,'UTCL-182','2023-04-18','VIDARBHA TRADERS',640,6320535777,NULL,'for','cash',NULL,0.0,32.0,0.0,4090.0,0.0,0.0,40.0,0,0,1,1,1,1,16,4,10,6,9,1,3,1);
INSERT INTO "transactions_builty" VALUES(688,'UTCL-KHAM-476','2023-04-18','SAMEER STEEL C/O SAMEER BHAI',100,6320535792,NULL,'for','online',NULL,320.0,5.0,1600.0,1000.0,0.0,600.0,0.0,0,0,9,1,3,3,30,NULL,85,45,68,45,2,48);
INSERT INTO "transactions_builty" VALUES(689,'UTCL-KHAM-477','2023-04-18','SHRIKANT DESHMUKH',100,63205801,NULL,'for','online',NULL,340.0,5.0,1700.0,1000.0,0.0,700.0,0.0,0,0,9,1,3,3,30,NULL,223,44,80,56,2,48);
INSERT INTO "transactions_builty" VALUES(690,'UTCL-KHAM-478','2023-04-18','AKASH DANDALE',100,6320535815,NULL,'for','online',NULL,360.0,5.0,1800.0,1000.0,0.0,800.0,0.0,0,0,9,1,3,3,30,NULL,128,63,60,39,2,48);
INSERT INTO "transactions_builty" VALUES(691,'UTCL-KHAM-479','2023-04-18','VISHAL TAYDE',100,63205790,NULL,'for','online',NULL,340.0,5.0,1700.0,1000.0,0.0,700.0,0.0,0,0,9,1,3,3,30,NULL,89,44,80,56,2,48);
INSERT INTO "transactions_builty" VALUES(692,'UTCL-KHAM-480','2023-04-18','SHRI BALAJI TRADERS',300,63205833,NULL,'for','online',NULL,270.0,15.0,4050.0,4000.0,0.0,50.0,0.0,0,0,10,1,3,3,31,NULL,69,56,59,38,2,48);
INSERT INTO "transactions_builty" VALUES(693,'UTCL-KHAM-481','2023-04-18','SHRI BALAJI TRADERS',200,6320535834,NULL,'for','online',NULL,270.0,10.0,2700.0,1000.0,0.0,1700.0,0.0,0,0,9,1,3,3,31,NULL,69,56,59,38,2,48);
INSERT INTO "transactions_builty" VALUES(694,'UTCL-KHAM-482','2023-04-18','SURESH BAHURUPI',100,6320535824,NULL,'for','online',NULL,360.0,5.0,1800.0,1000.0,0.0,800.0,0.0,0,0,9,1,3,3,30,NULL,110,45,80,56,2,48);
INSERT INTO "transactions_builty" VALUES(695,'UTCL-KHAM-483','2023-04-18','WASIM BEG',100,6320535835,NULL,'for','online',NULL,300.0,5.0,1500.0,1000.0,0.0,500.0,0.0,0,0,9,1,3,3,30,NULL,72,44,68,45,2,48);
INSERT INTO "transactions_builty" VALUES(696,'UTCL-KHAM-484','2023-04-18','SHANKAR H/W',360,6320535806,NULL,'for','online',NULL,320.0,18.0,5760.0,4000.0,0.0,1760.0,0.0,0,0,9,1,3,3,30,NULL,155,80,61,32,2,48);
INSERT INTO "transactions_builty" VALUES(697,'UTCL-KHAM-485','2023-04-18','SIDDIQUI SIR',500,63205823,NULL,'for','online',NULL,320.0,25.0,8000.0,7000.0,0.0,1000.0,0.0,0,0,9,1,3,3,43,NULL,224,57,173,139,2,48);
INSERT INTO "transactions_builty" VALUES(698,'UTCL-KHAM-486','2023-04-18','PADMANABH PATIL',200,6320535846,NULL,'for','online',NULL,290.0,10.0,2900.0,4000.0,0.0,-1100.0,0.0,0,0,9,1,3,3,27,NULL,128,63,83,57,2,48);
INSERT INTO "transactions_builty" VALUES(699,'UTCL-KHAM-487','2023-04-18','SHRI TRADERS',200,63205847,NULL,'for','online',NULL,290.0,10.0,2900.0,0.0,0.0,2900.0,0.0,0,0,9,1,3,3,27,NULL,69,56,83,57,2,48);
INSERT INTO "transactions_builty" VALUES(700,'UTCL-KHAM-488','2023-04-18','SAMEER STEEL C/O SAMEER PATHAN',30,63205853,NULL,'for','online',NULL,360.0,1.5,540.0,1000.0,0.0,-460.0,0.0,0,0,9,1,3,3,30,NULL,104,45,60,39,2,48);
INSERT INTO "transactions_builty" VALUES(701,'UTCL-KHAM-489','2023-04-18','SAMEER STEEL C/O SAMEER PATHAN',70,6320535849,NULL,'for','online',NULL,360.0,3.5,1260.0,0.0,0.0,1260.0,0.0,0,0,10,1,3,3,30,NULL,104,45,60,39,2,48);
INSERT INTO "transactions_builty" VALUES(702,'UTCL-KHAM-490','2023-04-18','KARIM KHAN',460,63205789,NULL,'for','cash',NULL,0.0,23.0,0.0,3010.0,0.0,0.0,0.0,0,0,9,1,3,3,65,NULL,95,75,7,1,2,48);
INSERT INTO "transactions_builty" VALUES(703,'UTCL-KHAM-491','2023-04-18','SHRI AGRO AGENCY',100,63205789,NULL,'for','online',NULL,300.0,5.0,1500.0,1000.0,0.0,500.0,0.0,0,0,9,1,3,3,30,NULL,217,44,68,45,2,48);
INSERT INTO "transactions_builty" VALUES(704,'UTCL-KHAM-492','2023-04-18','SURAJ AGRAWAL',100,6320535820,NULL,'for','online',NULL,340.0,5.0,1700.0,1000.0,0.0,700.0,0.0,0,0,10,1,3,3,30,NULL,213,44,172,138,2,48);
INSERT INTO "transactions_builty" VALUES(705,'UTCL-KHAM-493','2023-04-18','P.S.DIWANE',600,6320535845,NULL,'for','online',NULL,320.0,30.0,9600.0,8500.0,0.0,1100.0,0.0,0,0,9,1,3,3,30,NULL,142,57,174,140,2,48);
INSERT INTO "transactions_builty" VALUES(706,'UTCL-KHAM-494','2023-04-18','VISHNU PARIHAR',500,6320535838,NULL,'for','cash',NULL,400.0,25.0,10000.0,9000.0,0.0,1000.0,0.0,0,0,9,1,3,3,78,NULL,97,76,175,141,2,48);
INSERT INTO "transactions_builty" VALUES(707,'UTCL-KHAM-495','2023-04-18','GANWSH KAKDE',500,6320535799,NULL,'for','online',NULL,0.0,25.0,0.0,3700.0,0.0,0.0,0.0,0,0,9,1,3,3,30,NULL,225,46,13,1,2,48);
INSERT INTO "transactions_builty" VALUES(708,'UTCL-KHAM-496','2023-04-18','GANESH TR',100,6320535879,NULL,'for','online',NULL,0.0,5.0,0.0,0.0,0.0,0.0,0.0,0,0,10,1,3,3,30,NULL,109,46,13,1,2,48);
INSERT INTO "transactions_builty" VALUES(709,'UTCL-183','2023-04-18','SAGAR TRADERS',320,6320458832,NULL,'for','cash',NULL,0.0,16.0,0.0,1860.0,0.0,0.0,22.0,0,0,1,1,1,1,28,2,22,35,18,1,3,1);
INSERT INTO "transactions_builty" VALUES(710,'UTCL-184','2023-04-18','AKASH CEMENT DEPO',360,6320455841,NULL,'for','cash',NULL,0.0,18.0,0.0,2730.0,0.0,0.0,50.0,0,0,1,1,1,1,12,3,3,1,10,1,3,1);
INSERT INTO "transactions_builty" VALUES(711,'UTCL-185','2023-04-18','AKASH CEMENT DEPO',100,6320455842,NULL,'for','cash',NULL,0.0,5.0,0.0,0.0,0.0,0.0,0.0,0,0,3,1,1,1,12,NULL,3,1,10,1,3,1);
INSERT INTO "transactions_builty" VALUES(712,'UTCL-186','2023-04-18','PIYUSH H/W',200,6320535869,NULL,'for','online',NULL,400.0,10.0,4000.0,7000.0,0.0,-3000.0,0.0,0,0,1,1,1,1,54,NULL,58,24,177,143,3,1);
INSERT INTO "transactions_builty" VALUES(713,'UTCL-187','2023-04-18','PIYUSH H/W',200,6320535868,NULL,'for','online',NULL,400.0,10.0,4000.0,0.0,0.0,4000.0,0.0,0,0,3,1,1,1,54,NULL,58,24,177,143,3,1);
INSERT INTO "transactions_builty" VALUES(714,'UTCL-188','2023-04-18','AGRAWAL SAHEB',340,6320535828,NULL,'for','online',NULL,300.0,17.0,5100.0,5000.0,0.0,100.0,0.0,0,0,1,1,1,1,13,NULL,226,5,46,23,3,1);
INSERT INTO "transactions_builty" VALUES(715,'UTCL-189','2023-04-18','AGRAWAL SAHEB',60,6320535884,NULL,'for','online',NULL,300.0,3.0,900.0,0.0,0.0,900.0,0.0,0,0,1,1,1,1,13,NULL,226,5,46,23,3,1);
INSERT INTO "transactions_builty" VALUES(716,'UTCL-190','2023-04-18','RAMPRABHAKAR JAISINGHPURE',460,6320535786,NULL,'for','cash',NULL,0.0,23.0,0.0,2680.0,0.0,0.0,43.0,0,0,1,1,1,1,14,3,27,19,1,1,3,1);
INSERT INTO "transactions_builty" VALUES(717,'UTCL-KHAM-497','2023-04-18','RAJESH PAHURJAR',100,6320535795,NULL,'for','online',NULL,340.0,5.0,1700.0,1000.0,0.0,700.0,0.0,0,0,9,1,3,3,30,NULL,227,44,80,56,2,48);
INSERT INTO "transactions_builty" VALUES(718,'UTCL-KHAM-498','2023-04-18','TAYDE SAHEB',400,6320535892,NULL,'for','online',NULL,240.0,20.0,4800.0,0.0,0.0,4800.0,0.0,0,0,9,1,3,3,33,NULL,227,44,49,26,2,48);
INSERT INTO "transactions_builty" VALUES(719,'UTCL-KHAM-499','2023-04-18','SHIV H/W C/O SHARAD WAGH',460,6320535836,NULL,'for','cash',NULL,0.0,23.0,0.0,2930.0,0.0,0.0,0.0,0,0,9,1,3,3,36,NULL,205,75,8,1,2,48);
INSERT INTO "transactions_builty" VALUES(720,'UTCL-191','2023-04-18','SHUBHAM H/W',260,6320535854,NULL,'for','cash',NULL,0.0,13.0,0.0,2680.0,0.0,0.0,30.0,0,0,1,1,1,1,22,3,7,6,2,1,3,1);
INSERT INTO "transactions_builty" VALUES(721,'UTCL-192','2023-04-18','VIDARBHA H/W C/O ARIF THEKEDAR',200,6320535855,NULL,'for','cash',NULL,0.0,10.0,0.0,0.0,0.0,0.0,5.0,0,0,1,1,1,1,34,NULL,228,6,2,1,3,1);
INSERT INTO "transactions_builty" VALUES(722,'UTCL-KHAM-500','2023-04-18','MUKUND SIR',300,6320535807,NULL,'for','online',NULL,370.0,15.0,5550.0,4100.0,0.0,1450.0,0.0,0,0,9,1,3,3,43,NULL,229,51,63,41,2,48);
INSERT INTO "transactions_builty" VALUES(723,'UTCL-KHAM-501','2023-04-18','DATTAKRUPA H/W',560,6320535870,NULL,'for','online',NULL,280.0,28.0,7840.0,6000.0,0.0,1840.0,0.0,0,0,9,1,3,3,23,NULL,52,58,66,43,2,48);
INSERT INTO "transactions_builty" VALUES(724,'UTCL-KHAM-502','2023-04-18','SAMRAT B.M.',460,6320535890,NULL,'for','cash',NULL,0.0,23.0,0.0,2930.0,0.0,0.0,0.0,0,0,10,1,3,3,30,NULL,83,48,11,1,2,48);
INSERT INTO "transactions_builty" VALUES(725,'UTCL-KHAM-503','2023-04-18','MAHAVEER H/W & B.M.',560,6320535882,NULL,'for','online',NULL,500.0,28.0,14000.0,10500.0,0.0,3500.0,0.0,0,0,9,1,3,3,82,NULL,98,68,79,47,2,48);
INSERT INTO "transactions_builty" VALUES(726,'UTCL-193','2023-04-18','NAVATRE H/W',320,6320535872,NULL,'for','online',NULL,380.0,16.0,6080.0,5000.0,0.0,1080.0,0.0,0,0,1,1,1,1,53,NULL,42,39,176,142,3,1);
INSERT INTO "transactions_builty" VALUES(727,'UTCL-194','2023-04-18','AMOL H/W',260,6320535876,NULL,'for','cash',NULL,0.0,13.0,0.0,2140.0,0.0,0.0,37.0,0,0,1,1,1,1,17,3,31,1,15,1,3,1);
INSERT INTO "transactions_builty" VALUES(728,'UTCL-195','2023-04-18','AMOL H/W',80,6320535877,NULL,'for','cash',NULL,0.0,4.0,0.0,0.0,0.0,0.0,0.0,0,0,3,1,1,1,17,NULL,31,1,15,1,3,1);
INSERT INTO "transactions_builty" VALUES(729,'UTCL-196','2023-04-18','GOPAL CEMENT SALES C/O PURUSHOTTAM BAGADIY',460,6320535901,NULL,'for','cash',NULL,0.0,23.0,0.0,2680.0,0.0,0.0,30.0,0,0,1,1,1,1,14,3,71,6,6,1,3,1);
INSERT INTO "transactions_builty" VALUES(730,'UTCL-KHAM-504','2023-04-18','SAMRAT BULDING MATERIAL',400,6320535897,NULL,'for','online',NULL,500.0,20.0,10000.0,14000.0,0.0,-4000.0,0.0,0,0,9,1,3,3,30,NULL,83,48,117,86,2,48);
INSERT INTO "transactions_builty" VALUES(731,'UTCL-KHAM-505','2023-04-18','SAMRAT BULDING MATERIAL',200,6320535898,NULL,'for','online',NULL,500.0,10.0,5000.0,0.0,0.0,5000.0,0.0,0,0,10,1,3,3,30,NULL,83,48,117,86,2,48);
INSERT INTO "transactions_builty" VALUES(732,'UTCL-197','2023-04-18','KALAMB SALES CORPORARTION',100,6320535852,NULL,'for','online',NULL,300.0,5.0,1500.0,3500.0,0.0,-2000.0,0.0,0,0,1,1,1,1,34,NULL,226,5,54,17,3,1);
INSERT INTO "transactions_builty" VALUES(733,'UTCL-198','2023-04-18','KALAMB SALES CORPORARTION',200,6320535851,NULL,'for','online',NULL,300.0,10.0,3000.0,0.0,0.0,3000.0,0.0,0,0,3,1,1,1,34,NULL,226,5,54,17,3,1);
INSERT INTO "transactions_builty" VALUES(734,'UTCL-199','2023-04-18','DILIP PATURKAR',340,6320535850,NULL,'for','cash',NULL,0.0,17.0,0.0,1970.0,0.0,0.0,17.0,0,0,1,1,1,1,18,3,22,35,16,1,3,1);
INSERT INTO "transactions_builty" VALUES(735,'UTCL-KHAM-506','2023-04-18','EKVEERA H/W',400,6320535821,NULL,'for','online',NULL,380.0,20.0,7600.0,10400.0,0.0,-2800.0,0.0,0,0,9,1,3,3,30,NULL,173,74,178,144,2,48);
INSERT INTO "transactions_builty" VALUES(736,'UTCL-KHAM-507','2023-04-18','EKVEERA H/W',200,6320535822,NULL,'for','online',NULL,380.0,10.0,3800.0,0.0,0.0,3800.0,0.0,0,0,10,1,3,3,30,NULL,173,74,178,144,2,48);
INSERT INTO "transactions_builty" VALUES(737,'UTCL-KHAM-508','2023-04-18','SAYYAD AMINODDIN',100,6320535891,NULL,'for','online',NULL,340.0,5.0,1700.0,1000.0,0.0,700.0,0.0,0,0,9,1,3,3,30,NULL,123,44,80,56,2,48);
INSERT INTO "transactions_builty" VALUES(738,'UTCL-KHAM-509','2023-04-18','MOHSIN KHAN',100,632055899,NULL,'for','online',NULL,340.0,5.0,1700.0,1000.0,0.0,700.0,0.0,0,0,10,1,3,3,30,NULL,72,44,172,138,2,48);
INSERT INTO "transactions_builty" VALUES(739,'UTCL-KHAM-510','2023-04-18','SAPTASHRUNGI K.K. C/O SANDIP TAYDE',100,6320535895,NULL,'for','online',NULL,320.0,5.0,1600.0,1000.0,0.0,600.0,0.0,0,0,9,1,3,3,30,NULL,230,82,68,45,2,48);
INSERT INTO "transactions_builty" VALUES(740,'UTCL-KHAM-511','2023-04-18','KHANDARE BANDHU',200,6320535912,NULL,'for','cash',NULL,0.0,10.0,0.0,1300.0,0.0,0.0,0.0,0,0,9,1,3,3,30,NULL,111,50,14,1,2,48);
INSERT INTO "transactions_builty" VALUES(741,'UTCL-KHAM-512','2023-04-18','NATIONAL SALES',400,6320535911,NULL,'for','online',NULL,280.0,20.0,5600.0,3500.0,0.0,2100.0,0.0,0,0,9,1,3,3,30,NULL,52,58,55,34,2,48);
INSERT INTO "transactions_builty" VALUES(742,'UTCL-200','2023-04-18','NAVATRE H/W',140,6320535873,NULL,'for','cash',NULL,0.0,7.0,0.0,2070.0,0.0,0.0,35.0,0,0,3,1,1,1,53,3,42,39,17,1,3,1);
INSERT INTO "transactions_builty" VALUES(743,'UTCL-201','2023-04-18','NAVATRE H/W',180,6320535878,NULL,'for','cash',NULL,0.0,9.0,0.0,0.0,0.0,0.0,0.0,0,0,1,1,1,1,53,NULL,42,39,17,1,3,1);
INSERT INTO "transactions_builty" VALUES(744,'UTCL-KHAM-513','2023-04-18','RAJASTHAN MARBALES',520,6320535915,NULL,'for','online',NULL,400.0,26.0,10400.0,9400.0,0.0,1000.0,0.0,0,0,9,1,3,3,39,NULL,145,70,179,145,2,48);
INSERT INTO "transactions_builty" VALUES(745,'UTCL-KHAM-514','2023-04-18','SHEKHAR SHINDE',460,6320535600,NULL,'for','cash',NULL,0.0,23.0,0.0,2930.0,0.0,0.0,0.0,0,0,9,1,3,3,65,NULL,100,75,5,1,2,48);
INSERT INTO "transactions_builty" VALUES(746,'UTCL-KHAM-515','2023-04-18','VISHNU PARIHAR',300,6320535837,NULL,'for','online',NULL,400.0,15.0,6000.0,9000.0,0.0,-3000.0,0.0,0,0,9,1,3,3,78,NULL,97,76,180,146,2,48);
INSERT INTO "transactions_builty" VALUES(747,'UTCL-KHAM-516','2023-04-18','VISHNU PARIHAR',100,6320535902,NULL,'for','online',NULL,400.0,5.0,2000.0,0.0,0.0,2000.0,0.0,0,0,9,1,3,3,78,NULL,97,76,180,146,2,48);
INSERT INTO "transactions_builty" VALUES(748,'UTCL-KHAM-517','2023-04-18','AKASH KULSUNDER',100,6320535824,NULL,'for','online',NULL,400.0,5.0,2000.0,0.0,0.0,2000.0,0.0,0,0,10,1,3,3,30,NULL,56,43,180,146,2,48);
INSERT INTO "transactions_builty" VALUES(749,'UTCL-KHAM-518','2023-04-18','THAKKAR H/W',400,6320535900,NULL,'for','online',NULL,380.0,20.0,7600.0,5500.0,0.0,2100.0,0.0,0,0,9,1,3,3,90,NULL,113,51,83,57,2,48);
INSERT INTO "transactions_builty" VALUES(750,'UTCL-KHAM-519','2023-04-18','VARAD AGENCY',600,6320535917,NULL,'for','online',NULL,500.0,30.0,15000.0,11000.0,0.0,4000.0,0.0,0,0,9,1,3,3,77,NULL,137,67,96,66,2,48);
INSERT INTO "transactions_builty" VALUES(751,'UTCL-KHAM-520','2023-04-18','SANSKRUTI ENTERPRISES',100,6320535875,NULL,'for','online',NULL,350.0,5.0,1750.0,7000.0,0.0,-5250.0,0.0,0,0,9,1,3,3,47,NULL,108,74,59,38,2,48);
INSERT INTO "transactions_builty" VALUES(752,'UTCL-KHAM-521','2023-04-18','SANSKRUTI ENTERPRISES C/O BABURAO PATIL',200,6320535874,NULL,'for','online',NULL,350.0,10.0,3500.0,0.0,0.0,3500.0,0.0,0,0,10,1,3,3,47,NULL,231,74,59,38,2,48);
INSERT INTO "transactions_builty" VALUES(753,'UTCL-KHAM-522','2023-04-18','SANSKRUTI ENTERPRISES',100,6320535939,NULL,'for','online',NULL,350.0,5.0,1750.0,0.0,0.0,1750.0,0.0,0,0,9,1,3,3,47,NULL,108,74,59,38,2,48);
INSERT INTO "transactions_builty" VALUES(754,'UTCL-KHAM-523','2023-04-18','MAHARASHTRA TRADERS',360,6320535804,NULL,'for','online',NULL,530.0,18.0,9540.0,16000.0,0.0,-6460.0,0.0,0,0,9,1,3,3,74,NULL,134,77,181,147,2,48);
INSERT INTO "transactions_builty" VALUES(755,'UTCL-KHAM-524','2023-04-18','MAHARASHTRA TRADERS',40,6320535805,NULL,'for','online',NULL,530.0,2.0,1060.0,0.0,0.0,1060.0,0.0,0,0,9,1,3,3,74,NULL,134,77,181,147,2,48);
INSERT INTO "transactions_builty" VALUES(756,'UTCL-KHAM-525','2023-04-18','SANDIP BHANDARI',300,6320535896,NULL,'for','online',NULL,530.0,15.0,7950.0,0.0,0.0,7950.0,0.0,0,0,10,1,3,3,112,NULL,232,77,181,147,2,232);
INSERT INTO "transactions_builty" VALUES(757,'UTCL-KHAM-526','2023-04-18','NATIONAL SALES',360,6320535920,NULL,'for','online',NULL,280.0,18.0,5040.0,3600.0,0.0,1440.0,0.0,0,0,9,1,3,3,30,NULL,52,58,61,32,2,48);
INSERT INTO "transactions_builty" VALUES(758,'UTCL-KHAM-527','2023-04-19','SHREE TRADERS',360,6320535871,NULL,'for','online',NULL,370.0,18.0,6660.0,5500.0,0.0,1160.0,0.0,0,0,10,1,3,3,71,NULL,63,51,49,26,2,48);
INSERT INTO "transactions_builty" VALUES(759,'UTCL-202','2023-04-19','SHREE VYANKATESH ERIGATION',460,6320535916,NULL,'for','online',NULL,450.0,23.0,10350.0,9000.0,0.0,1350.0,0.0,0,0,1,1,1,1,12,NULL,3,1,40,18,3,1);
INSERT INTO "transactions_builty" VALUES(760,'UTCL-KHAM-528','2023-04-19','BHARAT STEEL CORPORATION',400,6320535938,NULL,'for','online',NULL,320.0,20.0,6400.0,5400.0,0.0,1000.0,0.0,0,0,9,1,3,3,43,NULL,142,57,129,98,2,48);
INSERT INTO "transactions_builty" VALUES(761,'UTCL-KHAM-529','2023-04-19','TAPESHWARI TRADERS',200,6320535919,NULL,'for','cash',NULL,0.0,10.0,0.0,1300.0,0.0,0.0,0.0,0,0,9,1,3,3,30,NULL,233,50,14,1,2,48);
INSERT INTO "transactions_builty" VALUES(762,'UTCL-KHAM-530','2023-04-19','MALLAWAT TRADING COMPANY',360,6320535955,NULL,'for','online',NULL,550.0,18.0,9900.0,9000.0,0.0,900.0,0.0,0,0,9,1,3,3,35,NULL,234,48,99,68,2,234);
INSERT INTO "transactions_builty" VALUES(763,'UTCL-KHAM-531','2023-04-19','VITTHAL GHOGARE',100,6320535925,NULL,'for','online',NULL,360.0,5.0,1800.0,1000.0,0.0,800.0,0.0,0,0,9,1,3,3,30,NULL,167,45,182,148,2,48);
INSERT INTO "transactions_builty" VALUES(764,'UTCL-203','2023-04-19','ATHARV H/W',340,6320535985,NULL,'for','cash',NULL,0.0,17.0,0.0,1970.0,0.0,0.0,12.0,0,0,1,1,1,1,34,3,235,4,17,1,3,1);
INSERT INTO "transactions_builty" VALUES(765,'UTCL-204','2023-04-19','BHARAT TRADERS',460,6320535991,NULL,'for','cash',NULL,0.0,23.0,0.0,2680.0,0.0,0.0,45.0,0,0,1,1,1,1,18,2,82,36,4,1,3,1);
INSERT INTO "transactions_builty" VALUES(766,'UTCL-205','2023-04-19','SHREE STEEL C/O PAWAN SIR',165,6320536009,NULL,'for','cash',NULL,0.0,8.25,0.0,2140.0,0.0,0.0,32.0,0,0,1,1,1,1,17,3,3,1,16,1,3,1);
INSERT INTO "transactions_builty" VALUES(767,'UTCL-206','2023-04-19','SHREE STEEL C/O PAWAN SIR',175,6320536010,NULL,'for','cash',NULL,0.0,8.75,0.0,0.0,0.0,0.0,0.0,0,0,3,1,1,1,17,NULL,3,1,16,1,3,1);
INSERT INTO "transactions_builty" VALUES(768,'UTCL-KHAM-532','2023-04-19','GIRISH AGRO CENTRE',300,6320535997,NULL,'for','online',NULL,370.0,15.0,5550.0,4000.0,0.0,1550.0,0.0,0,0,9,1,3,3,30,NULL,105,74,63,41,2,48);
INSERT INTO "transactions_builty" VALUES(769,'UTCL-KHAM-533','2023-04-19','ROHIT DESHMUKH',100,6320535987,NULL,'for','online',NULL,340.0,5.0,1700.0,1000.0,0.0,700.0,0.0,0,0,10,1,3,3,30,NULL,70,44,80,56,2,48);
INSERT INTO "transactions_builty" VALUES(770,'UTCL-KHAM-534','2023-04-19','UTKARSH BUILDING MATERIAL',600,6320535948,NULL,'for','online',NULL,380.0,30.0,11400.0,10000.0,0.0,1400.0,0.0,0,0,9,1,3,3,56,NULL,65,51,50,31,2,48);
INSERT INTO "transactions_builty" VALUES(771,'UTCL-KHAM-535','2023-04-19','KIRAN SOR',400,6320536002,NULL,'for','cash',NULL,470.0,20.0,9400.0,8400.0,0.0,1000.0,0.0,0,0,9,1,3,3,65,NULL,236,75,184,154,2,48);
INSERT INTO "transactions_builty" VALUES(772,'UTCL-207','2023-04-19','PAWAN H/W',640,6320536007,NULL,'for','cash',NULL,0.0,32.0,0.0,3990.0,0.0,0.0,40.0,0,0,1,1,1,1,34,3,160,81,12,1,3,1);
INSERT INTO "transactions_builty" VALUES(773,'UTCL-208','2023-04-19','DILIP KHANDARE',460,6320535990,NULL,'for','cash',NULL,0.0,23.0,0.0,2680.0,0.0,0.0,50.0,0,0,1,1,1,1,2,3,18,29,6,1,3,1);
INSERT INTO "transactions_builty" VALUES(774,'UTCL-209','2023-04-19','GULHANE TRADERS',330,6320536014,NULL,'for','cash',NULL,0.0,16.5,0.0,2730.0,0.0,0.0,32.0,0,0,1,1,1,1,13,3,237,6,1,1,3,1);
INSERT INTO "transactions_builty" VALUES(775,'UTCL-210','2023-04-19','GULHANE TRADERS',130,6320536015,NULL,'for','cash',NULL,0.0,6.5,0.0,0.0,0.0,0.0,0.0,0,0,3,1,1,1,13,NULL,237,6,1,1,3,1);
INSERT INTO "transactions_builty" VALUES(776,'UTCL-KHAM-536','2023-04-19','RAJU KALE',50,6320536031,NULL,'for','online',NULL,300.0,2.5,750.0,1000.0,0.0,-250.0,0.0,0,0,10,1,3,3,30,NULL,238,44,68,45,2,48);
INSERT INTO "transactions_builty" VALUES(777,'UTCL-KHAM-537','2023-04-19','RAJU KALE',70,632053,NULL,'for','online',NULL,300.0,3.5,1050.0,0.0,0.0,1050.0,0.0,0,0,9,1,3,3,30,NULL,238,44,68,45,2,48);
INSERT INTO "transactions_builty" VALUES(778,'UTCL-KHAM-538','2023-04-19','VINOD SAMADHE',100,6320536017,NULL,'for','online',NULL,320.0,5.0,1600.0,1000.0,0.0,600.0,0.0,0,0,10,1,3,3,30,NULL,239,45,68,45,2,48);
INSERT INTO "transactions_builty" VALUES(779,'UTCL-KHAM-539','2023-04-19','MAHAJAN SIR',500,6320536033,NULL,'for','online',NULL,320.0,25.0,8000.0,7000.0,0.0,1000.0,0.0,0,0,9,1,3,3,43,NULL,215,71,185,155,2,48);
INSERT INTO "transactions_builty" VALUES(780,'UTCL-KHAM-540','2023-04-19','NATIONAL H/W',600,6320536024,NULL,'for','online',NULL,510.0,30.0,15300.0,14000.0,0.0,1300.0,0.0,0,0,9,1,3,3,40,NULL,158,67,186,156,2,48);
INSERT INTO "transactions_builty" VALUES(781,'UTCL-KHAM-541','2023-04-19','ASHOK WAGH',400,6320536024,NULL,'for','cash',NULL,400.0,20.0,8000.0,7000.0,0.0,1000.0,0.0,0,0,9,1,3,3,114,NULL,207,83,105,73,2,48);
INSERT INTO "transactions_builty" VALUES(782,'UTCL-KHAM-542','2023-04-19','N M AGRAWAL C/O GANESH WAGH',200,6320535976,NULL,'for','online',NULL,0.0,10.0,0.0,2850.0,0.0,0.0,0.0,0,0,10,1,3,3,39,NULL,240,75,7,1,2,48);
INSERT INTO "transactions_builty" VALUES(783,'UTCL-211','2023-04-19','SHIVAJIRAO DESHMUKH',460,6320536067,NULL,'for','cash',NULL,0.0,23.0,0.0,2730.0,0.0,0.0,30.0,0,0,1,1,1,1,58,2,67,2,2,1,3,1);
INSERT INTO "transactions_builty" VALUES(784,'UTCL-212','2023-04-19','SHIVAJIRAO DESHMUKH',460,6320536070,NULL,'for','cash',NULL,0.0,23.0,0.0,2730.0,0.0,0.0,32.0,0,0,1,1,1,1,58,3,58,24,10,1,3,1);
INSERT INTO "transactions_builty" VALUES(785,'UTCL-KHAM-543','2023-04-19','GAJANAN KIRANA',220,6320536029,NULL,'for','cash',NULL,0.0,11.0,0.0,0.0,0.0,0.0,0.0,0,0,9,1,3,3,39,NULL,241,75,7,1,2,48);
INSERT INTO "transactions_builty" VALUES(786,'UTCL-KHAM-544','2023-04-19','SHIVAM K.K.',100,6320535980,NULL,'for','online',NULL,340.0,5.0,1700.0,1000.0,0.0,700.0,0.0,0,0,10,1,3,3,30,NULL,153,44,67,44,2,48);
INSERT INTO "transactions_builty" VALUES(787,'UTCL-KHAM-545','2023-04-19','SAHYYOG STEEL',500,6320536030,NULL,'for','online',NULL,360.0,25.0,9000.0,8000.0,0.0,1000.0,0.0,0,0,9,1,3,3,42,NULL,81,61,187,157,2,48);
INSERT INTO "transactions_builty" VALUES(788,'UTCL-KHAM-546','2023-04-19','SAMEER STEEL C/O GAJANAN MAHARAJ MANDIR',100,6320536037,NULL,'for','online',NULL,360.0,5.0,1800.0,1000.0,0.0,800.0,0.0,0,0,9,1,3,3,30,NULL,104,45,60,39,2,48);
INSERT INTO "transactions_builty" VALUES(789,'UTCL-KHAM-547','2023-04-19','BHAVANI H/W',320,6320536006,NULL,'for','online',NULL,280.0,16.0,4480.0,3500.0,0.0,980.0,0.0,0,0,9,1,3,3,25,NULL,69,56,65,42,2,48);
INSERT INTO "transactions_builty" VALUES(790,'UTCL-KHAM-548','2023-04-19','BABA TRADERS',100,6320536046,NULL,'for','online',NULL,340.0,5.0,1700.0,1000.0,0.0,700.0,0.0,0,0,9,1,3,3,30,NULL,123,44,67,44,2,48);
INSERT INTO "transactions_builty" VALUES(791,'UTCL-KHAM-549','2023-04-19','ANIL PADWAL',200,6320535926,NULL,'for','cash',NULL,0.0,10.0,0.0,1300.0,0.0,0.0,0.0,0,0,9,1,3,3,32,NULL,64,45,14,1,2,48);
INSERT INTO "transactions_builty" VALUES(792,'UTCL-KHAM-550','2023-04-19','SHRI BALAJI TRADERS',400,6320536004,NULL,'for','online',NULL,270.0,20.0,5400.0,8500.0,0.0,-3100.0,0.0,0,0,9,1,3,3,31,NULL,69,56,133,102,2,48);
INSERT INTO "transactions_builty" VALUES(793,'UTCL-KHAM-551','2023-04-19','SHRI BALAJI TRADERS',200,6320536005,NULL,'for','online',NULL,270.0,10.0,2700.0,0.0,0.0,2700.0,0.0,0,0,10,1,3,3,31,NULL,69,56,133,102,2,48);
INSERT INTO "transactions_builty" VALUES(794,'UTCL-KHAM-552','2023-04-19','SHRI BALAJI TRADERS',100,6320536058,NULL,'for','online',NULL,270.0,5.0,1350.0,0.0,0.0,1350.0,0.0,0,0,9,1,3,3,31,NULL,69,56,133,102,2,48);
INSERT INTO "transactions_builty" VALUES(795,'UTCL-KHAM-553','2023-04-19','ROHIT TRADERS',200,6320535971,NULL,'for','online',NULL,550.0,10.0,5500.0,13500.0,0.0,-8000.0,0.0,0,0,10,1,3,3,30,NULL,115,78,188,158,2,48);
INSERT INTO "transactions_builty" VALUES(796,'UTCL-KHAM-554','2023-04-19','ROHIT TRADERS',340,6320535972,NULL,'for','online',NULL,550.0,17.0,9350.0,0.0,0.0,9350.0,0.0,0,0,9,1,3,3,30,NULL,115,78,188,158,2,48);
INSERT INTO "transactions_builty" VALUES(797,'UTCL-KHAM-555','2023-04-19','WANKHADE SAHEB',260,6320535893,NULL,'for','online',NULL,380.0,13.0,4940.0,5200.0,0.0,-260.0,0.0,0,0,9,1,3,3,47,NULL,242,51,55,34,2,48);
INSERT INTO "transactions_builty" VALUES(798,'UTCL-KHAM-556','2023-04-19','TAWARI TRADERS',140,6320536057,NULL,'for','online',NULL,380.0,7.0,2660.0,0.0,0.0,2660.0,0.0,0,0,9,1,3,3,47,NULL,113,51,55,34,2,48);
INSERT INTO "transactions_builty" VALUES(799,'UTCL-KHAM-557','2023-04-19','JANTA TRADERS',300,6320535905,NULL,'for','online',NULL,380.0,15.0,5700.0,6000.0,0.0,-300.0,0.0,0,0,9,1,3,3,64,NULL,94,61,59,38,2,48);
INSERT INTO "transactions_builty" VALUES(800,'UTCL-KHAM-558','2023-04-19','JANTA TRADERS',100,6320535906,NULL,'for','online',NULL,380.0,5.0,1900.0,0.0,0.0,1900.0,0.0,0,0,10,1,3,3,64,NULL,94,61,59,38,2,48);
INSERT INTO "transactions_builty" VALUES(801,'UTCL-KHAM-559','2023-04-19','TIRUPATI H/W c/o bhushan nafade',500,6320536041,NULL,'for','online',NULL,280.0,25.0,7000.0,6000.0,0.0,1000.0,0.0,0,0,9,1,3,3,23,NULL,161,50,66,43,2,48);
INSERT INTO "transactions_builty" VALUES(802,'UTCL-KHAM-560','2023-04-19','SHRI PATIL',60,6320536045,NULL,'for','online',NULL,280.0,3.0,840.0,0.0,0.0,840.0,0.0,0,0,9,1,3,3,23,NULL,161,50,66,43,2,48);
INSERT INTO "transactions_builty" VALUES(803,'UTCL-KHAM-561','2023-04-19','ANAND AGRO SERVICE',400,6320535970,NULL,'for','online',NULL,0.0,20.0,0.0,3600.0,0.0,0.0,0.0,0,0,9,1,3,3,30,NULL,54,78,13,1,2,48);
INSERT INTO "transactions_builty" VALUES(804,'UTCL-KHAM-562','2023-04-19','KRUSHNA RAJ H/W',200,6320536061,NULL,'for','cash',NULL,0.0,10.0,0.0,0.0,0.0,0.0,0.0,0,0,9,1,3,3,30,NULL,208,78,13,1,2,48);
INSERT INTO "transactions_builty" VALUES(805,'UTCL-KHAM-563','2023-04-19','GAURAV SAHEB',200,6320535913,NULL,'for','online',NULL,380.0,10.0,3800.0,5000.0,0.0,-1200.0,0.0,0,0,10,1,3,3,45,NULL,102,51,189,159,2,48);
INSERT INTO "transactions_builty" VALUES(806,'UTCL-KHAM-564','2023-04-19','SHRI AWAJISIDDHA BUILDING MATERIAL',160,6320535916,NULL,'for','online',NULL,380.0,8.0,3040.0,0.0,0.0,3040.0,0.0,0,0,10,1,3,3,45,NULL,102,51,189,159,2,48);
INSERT INTO "transactions_builty" VALUES(807,'UTCL-KHAM-565','2023-04-19','KRUSHNAMURARI H/W',300,6320536039,NULL,'for','online',NULL,350.0,15.0,5250.0,5000.0,0.0,250.0,0.0,0,0,9,1,3,3,30,NULL,200,74,83,57,2,48);
INSERT INTO "transactions_builty" VALUES(808,'UTCL-KHAM-566','2023-04-19','S.K. TRADERS',100,6320536040,NULL,'for','online',NULL,350.0,5.0,1750.0,0.0,0.0,1750.0,0.0,0,0,9,1,3,3,30,NULL,200,74,83,57,2,48);
INSERT INTO "transactions_builty" VALUES(809,'UTCL-KHAM-567','2023-04-19','RAUT PRAKASH LAXMAN',260,6320535976,NULL,'for','cash',NULL,0.0,13.0,0.0,2930.0,0.0,0.0,0.0,0,0,9,1,3,3,30,NULL,95,75,11,1,2,48);
INSERT INTO "transactions_builty" VALUES(810,'UTCL-KHAM-568','2023-04-19','RAUT PRAKASH LAXMAN C/O SOPAN BARGAL',200,NULL,NULL,'for','cash',NULL,0.0,10.0,0.0,0.0,0.0,0.0,0.0,0,0,9,1,3,3,39,NULL,205,75,11,1,2,48);
INSERT INTO "transactions_builty" VALUES(811,'UTCL-KHAM-569','2023-04-19','BHOLESHWAR KIRANA',140,6320535973,NULL,'for','cash',NULL,0.0,7.0,0.0,2930.0,0.0,0.0,0.0,0,0,10,1,3,3,30,NULL,54,78,5,1,2,48);
INSERT INTO "transactions_builty" VALUES(812,'UTCL-KHAM-570','2023-04-19','BHOLESHWAR KIRANA',220,6320535974,NULL,'for','cash',NULL,0.0,11.0,0.0,0.0,0.0,0.0,0.0,0,0,9,1,3,3,30,NULL,54,78,5,1,2,48);
INSERT INTO "transactions_builty" VALUES(813,'UTCL-213','2023-04-20','ADAU KIRANA',340,632053603,NULL,'for','cash',NULL,0.0,17.0,0.0,1970.0,0.0,0.0,18.0,0,0,1,1,1,1,13,3,8,6,17,1,3,1);
INSERT INTO "transactions_builty" VALUES(814,'UTCL-KHAM-571','2023-04-19','BHOLESHWAR KIRANA',100,6320536062,NULL,'for','cash',NULL,0.0,5.0,0.0,0.0,0.0,0.0,0.0,0,0,9,1,3,3,30,NULL,54,78,5,1,2,48);
INSERT INTO "transactions_builty" VALUES(815,'UTCL-KHAM-572','2023-04-19','GAYAKWAD SAHEB',560,620536076,NULL,'for','online',NULL,530.0,28.0,14840.0,13500.0,0.0,1340.0,0.0,0,0,9,1,3,3,82,NULL,243,48,139,107,2,48);
INSERT INTO "transactions_builty" VALUES(816,'UTCL-KHAM-573','2023-04-19','VITTHAL GHOGARE CO SOPAN BARGAL',100,6320536037,NULL,'for','online',NULL,360.0,5.0,1800.0,1000.0,0.0,800.0,0.0,0,0,9,1,3,3,30,NULL,85,45,80,56,2,48);
INSERT INTO "transactions_builty" VALUES(817,'UTCL-KHAM-574','2023-04-19','BHAGWAT SHALIGRAM GAWANDE',100,6320535924,NULL,'for','online',NULL,340.0,5.0,1700.0,1000.0,0.0,700.0,0.0,0,0,9,1,3,3,30,NULL,74,44,80,56,2,48);
INSERT INTO "transactions_builty" VALUES(818,'UTCL-KHAM-575','2023-04-20','GURUKRUPA H/W',200,6320536094,NULL,'for','cash',NULL,0.0,10.0,0.0,1300.0,0.0,0.0,0.0,0,0,9,1,3,3,30,NULL,78,50,14,1,2,48);
INSERT INTO "transactions_builty" VALUES(819,'UTCL-KHAM-576','2023-04-20','VISHAL MONTOCARLO',100,6320536098,NULL,'for','online',NULL,320.0,5.0,1600.0,1000.0,0.0,600.0,0.0,0,0,10,1,3,3,33,NULL,244,63,182,148,2,48);
INSERT INTO "transactions_builty" VALUES(820,'UTCL-KHAM-577','2023-04-20','MAULI H/W',100,6320536106,NULL,'for','online',NULL,320.0,5.0,1600.0,1000.0,0.0,600.0,0.0,0,0,9,1,3,3,30,NULL,73,56,68,45,2,48);
INSERT INTO "transactions_builty" VALUES(821,'UTCL-KHAM-578','2023-04-20','SARPANCH GRAMPANCHAYAT',100,6320536113,NULL,'for','online',NULL,300.0,5.0,1500.0,1000.0,0.0,500.0,0.0,0,0,10,1,3,3,33,NULL,245,44,182,148,2,55);
INSERT INTO "transactions_builty" VALUES(822,'UTCL-KHAM-579','2023-04-20','GOPAL TEKALE',25,6320536108,NULL,'for','online',NULL,360.0,1.25,450.0,1000.0,0.0,-550.0,0.0,0,0,9,1,3,3,30,NULL,85,45,80,56,2,55);
INSERT INTO "transactions_builty" VALUES(823,'UTCL-KHAM-580','2023-04-20','GOPAL TEKADE',75,6320536109,NULL,'for','online',NULL,360.0,3.75,1350.0,0.0,0.0,1350.0,0.0,0,0,10,1,3,3,30,NULL,85,45,80,56,2,55);
INSERT INTO "transactions_builty" VALUES(824,'UTCL-KHAM-581','2023-04-20','SAVAJI & SONS',300,6320536096,NULL,'for','online',NULL,360.0,15.0,5400.0,4600.0,0.0,800.0,0.0,0,0,9,1,3,3,44,NULL,79,43,61,32,2,48);
INSERT INTO "transactions_builty" VALUES(825,'UTCL-KHAM-582','2023-04-20','SAVAJI & SONS',60,6320536118,NULL,'for','online',NULL,360.0,3.0,1080.0,0.0,0.0,1080.0,0.0,0,0,9,1,3,3,44,NULL,79,43,61,32,2,48);
INSERT INTO "transactions_builty" VALUES(826,'UTCL-KHAM-583','2023-04-20','PRASHANT BARGA',100,632053619,NULL,'for','online',NULL,360.0,5.0,1800.0,1000.0,0.0,800.0,0.0,0,0,9,1,3,3,30,NULL,246,45,60,39,2,48);
INSERT INTO "transactions_builty" VALUES(827,'UTCL-KHAM-584','2023-04-20','GAYATRI K.K',100,6320536130,NULL,'for','online',NULL,300.0,5.0,1500.0,1000.0,0.0,500.0,0.0,0,0,9,1,3,3,30,NULL,171,44,68,45,2,48);
INSERT INTO "transactions_builty" VALUES(828,'UTCL-214','2023-04-20','SARASWATI H/W',300,6320536125,NULL,'for','cash',NULL,0.0,15.0,0.0,2730.0,0.0,0.0,50.0,0,0,1,1,1,1,83,2,82,36,9,1,3,1);
INSERT INTO "transactions_builty" VALUES(829,'UTCL-215','2023-04-20','SARASWATI H/W',160,6320536126,NULL,'for','cash',NULL,0.0,8.0,0.0,0.0,0.0,0.0,0.0,0,0,3,1,1,1,83,NULL,82,36,9,1,3,1);
INSERT INTO "transactions_builty" VALUES(830,'UTCL-KHAM-585','2023-04-20','SHREE TRADERS',100,6320536134,NULL,'for','online',NULL,300.0,5.0,1500.0,1000.0,0.0,500.0,0.0,0,0,9,1,3,3,44,NULL,56,43,190,160,2,48);
INSERT INTO "transactions_builty" VALUES(831,'UTCL-216','2023-04-20','GANRAJ  SPAIR',260,6320536137,NULL,'for','cash',NULL,0.0,13.0,0.0,2680.0,0.0,0.0,30.0,0,0,1,1,1,1,14,3,160,81,4,1,3,1);
INSERT INTO "transactions_builty" VALUES(832,'UTCL-217','2023-04-20','GANRAJ  SPAIR',200,6320536138,NULL,'for','cash',NULL,0.0,10.0,0.0,0.0,0.0,0.0,0.0,0,0,3,1,1,1,14,NULL,160,81,4,1,3,1);
INSERT INTO "transactions_builty" VALUES(833,'UTCL-KHAM-586','2023-04-20','SHRIVYANTESH H/W BHAGWAT MUMJULE',500,6320536104,NULL,'for','online',NULL,450.0,25.0,11250.0,10000.0,0.0,1250.0,0.0,0,0,9,1,3,3,29,NULL,97,76,191,161,2,48);
INSERT INTO "transactions_builty" VALUES(834,'UTCL-KHAM-587','2023-04-20','SHIVAM K.K.',100,6320536093,NULL,'for','online',NULL,300.0,5.0,1500.0,1000.0,0.0,500.0,0.0,0,0,9,1,3,3,30,NULL,153,44,68,45,2,48);
INSERT INTO "transactions_builty" VALUES(835,'UTCL-KHAM-588','2023-04-20','UTKARSH B.M.',600,6320536097,NULL,'for','online',NULL,380.0,30.0,11400.0,10000.0,0.0,1400.0,0.0,0,0,9,1,3,3,56,NULL,65,51,50,31,2,48);
INSERT INTO "transactions_builty" VALUES(836,'UTCL-218','2023-04-20','VAIBHAV KORDE',240,6320535839,NULL,'for','cash',NULL,0.0,12.0,0.0,2020.0,0.0,0.0,40.0,0,0,1,1,1,1,8,3,43,52,16,1,3,1);
INSERT INTO "transactions_builty" VALUES(837,'UTCL-219','2023-04-20','VAIBHAV KORDE',100,6320535840,NULL,'for','cash',NULL,0.0,5.0,0.0,0.0,0.0,0.0,0.0,0,0,3,1,1,1,8,NULL,43,52,16,1,3,1);
INSERT INTO "transactions_builty" VALUES(838,'UTCL-KHAM-589','2023-04-20','SHRINATH TRADERS',250,6320536122,NULL,'for','cash',NULL,270.0,12.5,3375.0,3000.0,0.0,375.0,0.0,0,0,9,1,3,3,85,NULL,123,44,63,41,2,48);
INSERT INTO "transactions_builty" VALUES(839,'UTCL-220','2023-04-20','NARAYAN H/W',320,6320536157,NULL,'for','cash',NULL,0.0,16.0,0.0,2800.0,0.0,0.0,30.0,0,0,1,1,1,1,13,2,4,2,6,1,3,1);
INSERT INTO "transactions_builty" VALUES(840,'UTCL-KHAM-590','2023-04-20','DYANESHWAR ZAMBARE',50,632053,NULL,'for','online',NULL,270.0,2.5,675.0,0.0,0.0,675.0,0.0,0,0,10,1,3,3,85,NULL,247,44,63,41,2,48);
INSERT INTO "transactions_builty" VALUES(841,'UTCL-221','2023-04-20','NARAYAN H/W',140,6320536158,NULL,'for','cash',NULL,0.0,7.0,0.0,0.0,0.0,0.0,0.0,0,0,3,1,1,1,13,NULL,4,2,6,1,3,1);
INSERT INTO "transactions_builty" VALUES(842,'UTCL-KHAM-591','2023-04-20','DATTA MALEKAR',500,6320536024,NULL,'for','online',NULL,400.0,25.0,10000.0,9000.0,0.0,1000.0,0.0,0,0,9,1,3,3,44,NULL,97,76,192,162,2,48);
INSERT INTO "transactions_builty" VALUES(843,'UTCL-KHAM-592','2023-04-20','GANRAJ DISTRIBUTOR',600,6320536078,NULL,'for','online',NULL,550.0,30.0,16500.0,15500.0,0.0,1000.0,0.0,0,0,9,1,3,3,76,NULL,83,48,117,86,2,48);
INSERT INTO "transactions_builty" VALUES(844,'UTCL-KHAM-593','2023-04-20','SURESH MORE',460,6320536025,NULL,'for','cash',NULL,0.0,23.0,0.0,2830.0,0.0,0.0,0.0,0,0,9,1,3,3,65,NULL,248,75,8,1,2,48);
INSERT INTO "transactions_builty" VALUES(845,'UTCL-KHAM-594','2023-04-20','CEMENT HOUSE BULDHANA',220,6320536043,NULL,'for','online',NULL,400.0,11.0,4400.0,9000.0,0.0,-4600.0,0.0,0,0,9,1,3,3,36,NULL,84,72,135,104,2,48);
INSERT INTO "transactions_builty" VALUES(846,'UTCL-KHAM-595','2023-04-20','CEMENT HOUSE BULDHANA',40,6320536146,NULL,'for','online',NULL,400.0,2.0,800.0,0.0,0.0,800.0,0.0,0,0,9,1,3,3,36,NULL,84,72,135,104,2,48);
INSERT INTO "transactions_builty" VALUES(847,'UTCL-KHAM-596','2023-04-20','CEMENT HOUSE BULDHANA',240,632053,NULL,'for','online',NULL,400.0,12.0,4800.0,0.0,0.0,4800.0,0.0,0,0,10,1,3,3,36,NULL,84,72,135,104,2,55);
INSERT INTO "transactions_builty" VALUES(848,'UTCL-KHAM-597','2023-04-20','TANVI TRADERS',160,6320536048,NULL,'for','online',NULL,550.0,8.0,4400.0,7000.0,0.0,-2600.0,0.0,0,0,9,1,3,3,35,NULL,83,48,75,52,2,48);
INSERT INTO "transactions_builty" VALUES(849,'UTCL-KHAM-598','2023-04-20','SHALIMAR TRADERS',160,6320536049,NULL,'for','online',NULL,550.0,8.0,4400.0,0.0,0.0,4400.0,0.0,0,0,9,1,3,3,35,NULL,83,48,75,52,2,48);
INSERT INTO "transactions_builty" VALUES(850,'UTCL-KHAM-599','2023-04-20','KARIM KHAN',400,6320536036,NULL,'for','online',NULL,380.0,20.0,7600.0,5500.0,0.0,2100.0,0.0,0,0,9,1,3,3,42,NULL,94,61,55,34,2,48);
INSERT INTO "transactions_builty" VALUES(851,'UTCL-KHAM-600','2023-04-20','UTKARSH BUILDING MATERIAL',400,6320536140,NULL,'for','online',NULL,340.0,20.0,6800.0,6000.0,0.0,800.0,0.0,0,0,9,1,3,3,56,NULL,65,51,59,38,2,48);
INSERT INTO "transactions_builty" VALUES(852,'UTCL-KHAM-601','2023-04-20','TULJAI H/W',460,6320536139,NULL,'for','cash',NULL,0.0,23.0,0.0,2830.0,0.0,0.0,0.0,0,0,9,1,3,3,60,NULL,175,56,11,1,2,48);
INSERT INTO "transactions_builty" VALUES(853,'UTCL-KHAM-602','2023-04-20','GLOBAL STEEL YARD',500,6320536147,NULL,'for','online',NULL,320.0,25.0,8000.0,7000.0,0.0,1000.0,0.0,0,0,9,1,3,3,43,NULL,142,57,193,163,2,48);
INSERT INTO "transactions_builty" VALUES(854,'UTCL-KHAM-603','2023-04-20','SANTKRUPA ELECTRICAL',100,6320536142,NULL,'for','online',NULL,340.0,5.0,1700.0,1000.0,0.0,700.0,0.0,0,0,9,1,3,3,30,NULL,249,44,60,39,2,48);
INSERT INTO "transactions_builty" VALUES(855,'UTCL-KHAM-604','2023-04-20','EKNATH VERULKAR',200,6320536164,NULL,'for','cash',NULL,0.0,10.0,0.0,1300.0,0.0,0.0,0.0,0,0,9,1,3,3,30,NULL,180,44,14,1,2,48);
INSERT INTO "transactions_builty" VALUES(856,'UTCL-KHAM-605','2023-04-20','SHRI BOKE',600,6320536163,NULL,'for','online',NULL,310.0,30.0,9300.0,6000.0,0.0,3300.0,0.0,0,0,9,1,3,3,23,NULL,250,79,70,47,2,48);
INSERT INTO "transactions_builty" VALUES(857,'UTCL-KHAM-606','2023-04-20','AKASH DILIP KULSUNDAR',600,6320536150,NULL,'for','cash',NULL,0.0,30.0,0.0,3600.0,0.0,0.0,0.0,0,0,9,1,3,3,30,NULL,56,43,13,1,2,48);
INSERT INTO "transactions_builty" VALUES(858,'UTCL-KHAM-607','2023-04-20','RAMESH SONONE',460,6320536095,NULL,'for','cash',NULL,0.0,23.0,0.0,2930.0,0.0,0.0,0.0,0,0,9,1,3,3,65,NULL,240,75,7,1,2,48);
INSERT INTO "transactions_builty" VALUES(859,'UTCL-KHAM-608','2023-04-20','PRAVIN AGENCY',300,6320536120,NULL,'for','cash',NULL,0.0,15.0,0.0,3600.0,0.0,0.0,0.0,0,0,9,1,3,3,39,NULL,84,72,5,1,2,48);
INSERT INTO "transactions_builty" VALUES(860,'UTCL-KHAM-609','2023-04-20','N M AGRAWAL',300,6320536121,NULL,'for','cash',NULL,0.0,15.0,0.0,0.0,0.0,0.0,0.0,0,0,9,1,3,3,39,NULL,84,72,5,1,2,48);
INSERT INTO "transactions_builty" VALUES(861,'UTCL-222','2023-04-20','VIDARBHA TRADERS',600,6320536161,NULL,'for','cash',NULL,0.0,30.0,0.0,3750.0,0.0,0.0,45.0,0,0,1,1,1,1,16,3,10,6,10,1,3,1);
INSERT INTO "transactions_builty" VALUES(862,'UTCL-223','2023-04-20','CHIRANJILAL KAMALKISHORE',180,6320536115,NULL,'for','cash',NULL,0.0,9.0,0.0,2070.0,0.0,0.0,37.0,0,0,1,1,1,1,17,3,4,2,17,1,3,1);
INSERT INTO "transactions_builty" VALUES(863,'UTCL-224','2023-04-20','BHARAT CEMENT DEPO',140,6320536116,NULL,'for','cash',NULL,0.0,7.0,0.0,0.0,0.0,0.0,0.0,0,0,1,1,1,1,17,NULL,118,2,17,1,3,1);
INSERT INTO "transactions_builty" VALUES(864,'UTCL-225','2023-04-21','GOVIND UDYOG AGENCY',320,6320536131,NULL,'for','online',NULL,330.0,16.0,5280.0,4000.0,0.0,1280.0,0.0,0,0,3,1,1,1,7,NULL,10,6,194,60,3,1);
INSERT INTO "transactions_builty" VALUES(865,'UTCL-KHAM-610','2023-04-21','SHRRI GAJANAN TILES',140,6320536151,NULL,'for','cash',NULL,0.0,7.0,0.0,2000.0,0.0,0.0,0.0,0,0,9,1,3,3,49,NULL,113,51,14,1,2,48);
INSERT INTO "transactions_builty" VALUES(866,'UTCL-KHAM-611','2023-04-21','ANAND DHAGE',160,6320536152,NULL,'for','cash',NULL,0.0,8.0,0.0,0.0,0.0,0.0,0.0,0,0,9,1,3,3,49,NULL,102,51,14,1,2,48);
INSERT INTO "transactions_builty" VALUES(867,'UTCL-KHAM-612','2023-04-21','ENG. VISHAL THETE',100,6320536197,NULL,'for','online',NULL,300.0,5.0,1500.0,1000.0,0.0,500.0,0.0,0,0,9,1,3,3,30,NULL,125,44,68,45,2,48);
INSERT INTO "transactions_builty" VALUES(868,'UTCL-KHAM-613','2023-04-21','NITIN GHORE',115,6320536199,NULL,'for','online',NULL,300.0,5.75,1725.0,1000.0,0.0,725.0,0.0,0,0,9,1,3,3,30,NULL,103,66,68,45,2,55);
INSERT INTO "transactions_builty" VALUES(869,'UTCL-KHAM-614','2023-04-21','GURUKRUPA H/W',100,6320536204,NULL,'for','online',NULL,360.0,5.0,1800.0,1000.0,0.0,800.0,0.0,0,0,9,1,3,3,30,NULL,78,50,67,44,2,48);
INSERT INTO "transactions_builty" VALUES(870,'UTCL-KHAM-615','2023-04-21','PRIYA H/W',300,6320536198,NULL,'for','online',NULL,380.0,15.0,5700.0,4600.0,0.0,1100.0,0.0,0,0,9,1,3,3,69,NULL,105,74,92,32,2,55);
INSERT INTO "transactions_builty" VALUES(871,'UTCL-KHAM-616','2023-04-21','PRASHANT BARGALE',100,6320536196,NULL,'for','online',NULL,360.0,5.0,1800.0,1000.0,0.0,800.0,0.0,0,0,9,1,3,3,30,NULL,85,45,60,39,2,48);
INSERT INTO "transactions_builty" VALUES(872,'UTCL-KHAM-617','2023-04-21','EKNATH VERULKAR',70,6320536205,NULL,'for','online',NULL,360.0,3.5,1260.0,1000.0,0.0,260.0,0.0,0,0,9,1,3,3,30,NULL,180,44,80,56,2,48);
INSERT INTO "transactions_builty" VALUES(873,'UTCL-KHAM-618','2023-04-21','EKNATH VERULKAR',30,6320536206,NULL,'for','online',NULL,340.0,1.5,510.0,0.0,0.0,510.0,0.0,0,0,10,1,3,3,30,NULL,180,44,80,56,2,48);
INSERT INTO "transactions_builty" VALUES(874,'UTCL-226','2023-04-21','GAJANAN PATIL - KUTASA',480,6320536211,NULL,'for','online',NULL,420.0,24.0,10080.0,9000.0,0.0,1080.0,0.0,0,0,1,1,1,1,115,NULL,21,27,46,23,3,1);
INSERT INTO "transactions_builty" VALUES(875,'UTCL-KHAM-619','2023-04-21','JAKIR THEKEDAR',100,6320536233,NULL,'for','online',NULL,320.0,5.0,1600.0,1000.0,0.0,600.0,0.0,0,0,9,1,3,3,30,NULL,85,45,80,56,2,55);
INSERT INTO "transactions_builty" VALUES(876,'UTCL-227','2023-04-21','GULHANE TRADERS-NILESH THOSAR',260,6320536245,NULL,'for','cash',NULL,0.0,13.0,0.0,2680.0,0.0,0.0,30.0,0,0,1,1,1,1,13,3,251,18,6,1,3,1);
INSERT INTO "transactions_builty" VALUES(877,'UTCL-228','2023-04-21','KISHORE GULHANE',200,6320536246,NULL,'for','cash',NULL,0.0,10.0,0.0,0.0,0.0,0.0,0.0,0,0,1,1,1,1,13,NULL,251,18,6,1,3,1);
INSERT INTO "transactions_builty" VALUES(878,'UTCL-229','2023-04-21','KALAMB SALES CORPORARTION',320,6320536236,NULL,'for','cash',NULL,0.0,16.0,0.0,2000.0,0.0,0.0,13.0,0,0,2,1,1,1,34,3,226,5,17,1,3,1);
INSERT INTO "transactions_builty" VALUES(879,'UTCL-230','2023-04-21','MAHARSHI WALMIKI H/W',400,6320536237,NULL,'for','online',NULL,370.0,20.0,7400.0,8000.0,0.0,-600.0,0.0,0,0,1,1,1,1,28,NULL,44,53,195,164,3,1);
INSERT INTO "transactions_builty" VALUES(880,'UTCL-231','2023-04-21','SADANAND KIRANA',100,6320536238,NULL,'for','online',NULL,370.0,5.0,1850.0,0.0,0.0,1850.0,0.0,0,0,1,1,1,1,28,NULL,252,53,195,164,3,1);
INSERT INTO "transactions_builty" VALUES(881,'UTCL-232','2023-04-21','SHAKAMBARI H/W',200,6320536285,NULL,'for','online',NULL,420.0,10.0,4200.0,4000.0,0.0,200.0,0.0,0,0,3,1,1,1,17,NULL,127,40,196,165,3,1);
INSERT INTO "transactions_builty" VALUES(882,'UTCL-233','2023-04-21','SHAKAMBARI H/W',40,6320536288,NULL,'for','online',NULL,420.0,2.0,840.0,0.0,0.0,840.0,0.0,0,0,3,1,1,1,17,NULL,127,40,196,165,3,1);
INSERT INTO "transactions_builty" VALUES(883,'UTCL-KHAM-620','2023-04-21','ATUL AGRO',140,6320536229,NULL,'for','online',NULL,320.0,7.0,2240.0,3300.0,0.0,-1060.0,0.0,0,0,9,1,3,3,30,NULL,155,80,63,41,2,55);
INSERT INTO "transactions_builty" VALUES(884,'UTCL-KHAM-621','2023-04-21','SAPYSHRUNGI K.K.',160,6320536230,NULL,'for','online',NULL,320.0,8.0,2560.0,0.0,0.0,2560.0,0.0,0,0,9,1,3,3,30,NULL,155,80,63,41,2,55);
INSERT INTO "transactions_builty" VALUES(885,'UTCL-KHAM-622','2023-04-21','NARESH RATHI',100,6320536239,NULL,'for','online',NULL,340.0,5.0,1700.0,1000.0,0.0,700.0,0.0,0,0,9,1,3,3,30,NULL,213,44,80,56,2,55);
INSERT INTO "transactions_builty" VALUES(886,'UTCL-KHAM-623','2023-04-21','AKASH DILIP KULSUNDAR',100,632053,NULL,'for','online',NULL,400.0,5.0,2000.0,5000.0,0.0,-3000.0,0.0,0,0,9,1,3,3,30,NULL,56,43,55,34,2,55);
INSERT INTO "transactions_builty" VALUES(887,'UTCL-KHAM-624','2023-04-21','SAVAJI & SONS',300,632053,NULL,'for','online',NULL,400.0,15.0,6000.0,0.0,0.0,6000.0,0.0,0,0,9,1,3,3,44,NULL,79,43,55,34,2,55);
INSERT INTO "transactions_builty" VALUES(888,'UTCL-KHAM-625','2023-04-22','MADHUKAR GHARODE',100,6320536224,NULL,'for','online',NULL,300.0,5.0,1500.0,1000.0,0.0,500.0,0.0,0,0,9,1,3,3,30,NULL,238,44,68,45,2,55);
INSERT INTO "transactions_builty" VALUES(889,'UTCL-KHAM-626','2023-04-22','EKNATH VERULKAR',100,6320536296,NULL,'for','online',NULL,340.0,5.0,1700.0,1000.0,0.0,700.0,0.0,0,0,9,1,3,3,30,NULL,180,44,80,56,2,55);
INSERT INTO "transactions_builty" VALUES(890,'UTCL-KHAM-627','2023-04-22','RAVINDRA WAGHMARE',100,6320536297,NULL,'for','online',NULL,360.0,5.0,1800.0,1000.0,0.0,800.0,0.0,0,0,10,1,3,3,30,NULL,128,63,80,56,2,55);
INSERT INTO "transactions_builty" VALUES(891,'UTCL-234','2023-04-23','SHRIRAJ CEMENT SALES - AKOLI',340,6320536247,NULL,'for','cash',NULL,0.0,17.0,0.0,1970.0,0.0,0.0,37.0,0,0,1,1,1,1,9,3,21,27,16,1,3,1);
INSERT INTO "transactions_builty" VALUES(892,'UTCL-235','2023-04-23','MAA BHAVANI  TRAERS',500,6320536318,NULL,'for','online',NULL,150.0,25.0,3750.0,0.0,0.0,3750.0,0.0,0,0,1,1,1,1,116,NULL,23,7,22,5,3,1);
INSERT INTO "transactions_builty" VALUES(893,'UTCL-236','2023-04-23','MAA BHAVANI  TRAERS',500,6320536321,NULL,'for','online',NULL,150.0,25.0,3750.0,0.0,0.0,3750.0,0.0,0,0,1,1,1,1,116,NULL,23,7,25,5,3,1);
INSERT INTO "transactions_builty" VALUES(894,'UTCL-237','2023-04-23','MAA BHAVANI  TRAERS',500,6320536322,NULL,'for','online',NULL,150.0,25.0,3750.0,0.0,0.0,3750.0,0.0,0,0,1,1,1,1,116,NULL,23,7,197,5,3,1);
INSERT INTO "transactions_builty" VALUES(895,'UTCL-238','2023-04-23','SANGEETA IRON & STEEL',500,6320536324,NULL,'for','online',NULL,150.0,25.0,3750.0,0.0,0.0,3750.0,0.0,0,0,1,1,1,1,116,NULL,23,7,21,5,3,1);
INSERT INTO "transactions_builty" VALUES(896,'UTCL-239','2023-04-23','SANGEETA IRON & STEEL',500,6320536325,NULL,'for','online',NULL,150.0,25.0,3750.0,0.0,0.0,3750.0,0.0,0,0,1,1,1,1,116,NULL,23,7,36,5,3,1);
INSERT INTO "transactions_builty" VALUES(897,'UTCL-240','2023-04-23','SANGEETA IRON & STEEL',500,6320536326,NULL,'for','online',NULL,150.0,25.0,3750.0,0.0,0.0,3750.0,0.0,0,0,1,1,1,1,116,NULL,23,7,34,15,3,1);
INSERT INTO "transactions_builty" VALUES(898,'UTCL-241','2023-04-23','AMOL THEKEDAR',400,6320536327,NULL,'for','online',NULL,350.0,20.0,7000.0,6000.0,0.0,1000.0,0.0,0,0,1,1,1,1,13,NULL,101,6,46,23,3,1);
INSERT INTO "transactions_builty" VALUES(899,'UTCL-242','2023-04-23','ARKV INNOVATION',600,6320536328,NULL,'for','cash',NULL,0.0,30.0,0.0,3610.0,0.0,0.0,33.0,0,0,2,1,1,1,117,3,22,35,12,1,3,1);
INSERT INTO "transactions_builty" VALUES(900,'UTCL-243','2023-04-23','PAWAR SIR',340,6320536333,NULL,'for','cash',NULL,0.0,17.0,0.0,2190.0,0.0,0.0,35.0,0,0,3,1,1,1,17,3,253,27,15,1,3,1);
INSERT INTO "transactions_builty" VALUES(901,'UTCL-244','2023-04-23','GANESH TRADERS',260,6320536329,NULL,'for','cash',NULL,0.0,13.0,0.0,3040.0,0.0,0.0,20.0,0,0,1,1,1,1,50,2,42,39,1,1,3,1);
INSERT INTO "transactions_builty" VALUES(902,'UTCL-245','2023-04-23','GANESH TRADERS',200,6320536330,NULL,'for','cash',NULL,0.0,10.0,0.0,0.0,0.0,0.0,0.0,0,0,3,1,1,1,50,NULL,42,39,1,1,3,1);
INSERT INTO "transactions_builty" VALUES(903,'UTCL-246','2023-04-23','SHREE VYANKATESH ERIGATION',360,6320536342,NULL,'for','cash',NULL,0.0,18.0,0.0,2810.0,0.0,0.0,47.0,0,0,1,1,1,1,12,2,3,1,2,1,3,1);
INSERT INTO "transactions_builty" VALUES(904,'UTCL-247','2023-04-23','SHREE VYANKATESH ERIGATION',100,6320536341,NULL,'for','cash',NULL,0.0,5.0,0.0,0.0,0.0,0.0,0.0,0,0,3,1,1,1,12,NULL,3,1,2,1,3,1);
INSERT INTO "transactions_builty" VALUES(905,'UTCL-KHAM-628','2023-04-22','ANKUSH CHAUTKAR',200,6320536302,NULL,'for','online',NULL,400.0,10.0,4000.0,0.0,0.0,4000.0,0.0,0,0,9,1,3,3,39,NULL,254,72,198,166,2,55);
INSERT INTO "transactions_builty" VALUES(906,'UTCL-KHAM-629','2023-04-22','ANKUSH CHAUTKAR',200,6320536303,NULL,'for','online',NULL,400.0,10.0,4000.0,0.0,0.0,4000.0,0.0,0,0,9,1,3,3,39,NULL,254,72,198,166,2,55);
INSERT INTO "transactions_builty" VALUES(907,'UTCL-KHAM-630','2023-04-22','CHANDAK K.K.',300,6320536304,NULL,'for','cash',NULL,0.0,15.0,0.0,1900.0,0.0,0.0,0.0,0,0,9,1,3,3,30,NULL,255,74,14,1,2,55);
INSERT INTO "transactions_builty" VALUES(908,'UTCL-KHAM-631','2023-04-22','PARTUL K.K.',100,6320536301,NULL,'for','online',NULL,300.0,5.0,1500.0,1000.0,0.0,500.0,0.0,0,0,9,1,3,3,30,NULL,73,56,68,45,2,55);
INSERT INTO "transactions_builty" VALUES(909,'UTCL-KHAM-632','2023-04-23','DIPAK ENTERPRISES',200,6320536309,NULL,'for','online',NULL,280.0,10.0,2800.0,3200.0,0.0,-400.0,0.0,0,0,9,1,3,3,24,NULL,138,56,92,32,2,55);
INSERT INTO "transactions_builty" VALUES(910,'UTCL-KHAM-633','2023-04-23','BHAGYODAY TRADERS',100,6320536310,NULL,'for','online',NULL,280.0,5.0,1400.0,0.0,0.0,1400.0,0.0,0,0,9,1,3,3,24,NULL,69,56,92,32,2,55);
INSERT INTO "transactions_builty" VALUES(911,'UTCL-KHAM-634','2023-04-24','SAMEER STEEL',100,6320536369,NULL,'for','cash',NULL,320.0,5.0,1600.0,1000.0,0.0,600.0,0.0,0,0,9,1,3,3,30,NULL,256,45,68,45,2,48);
INSERT INTO "transactions_builty" VALUES(912,'UTCL-248','2023-04-24','MAA BHAVANI  TRAERS',500,6320536363,NULL,'for','online',NULL,150.0,25.0,3750.0,2000.0,0.0,1750.0,0.0,0,0,1,1,1,1,116,NULL,23,7,34,15,3,1);
INSERT INTO "transactions_builty" VALUES(913,'UTCL-249','2023-04-24','MAA BHAVANI  TRAERS',500,6320536364,NULL,'for','online',NULL,150.0,25.0,3750.0,2000.0,0.0,-2000.0,0.0,0,0,1,1,1,1,116,NULL,23,7,22,5,3,1);
INSERT INTO "transactions_builty" VALUES(914,'UTCL-250','2023-04-24','MAA BHAVANI  TRAERS',500,6320536365,NULL,'for','online',NULL,150.0,25.0,3750.0,2000.0,0.0,-2000.0,0.0,0,0,1,1,1,1,116,NULL,23,7,36,5,3,1);
INSERT INTO "transactions_builty" VALUES(915,'UTCL-251','2023-04-24','SANGEETA IRON & STEEL',500,6320536361,NULL,'for','online',NULL,150.0,25.0,3750.0,2000.0,0.0,-2000.0,0.0,0,0,1,1,1,1,116,NULL,23,7,25,5,3,1);
INSERT INTO "transactions_builty" VALUES(916,'UTCL-252','2023-04-24','SANGEETA IRON & STEEL',500,6320536359,NULL,'for','online',NULL,150.0,25.0,3750.0,2000.0,0.0,-2000.0,0.0,0,0,1,1,1,1,116,NULL,23,7,197,5,3,1);
INSERT INTO "transactions_builty" VALUES(917,'UTCL-253','2023-04-24','SANGEETA IRON & STEEL',500,6320536360,NULL,'for','online',NULL,150.0,25.0,3750.0,2000.0,0.0,-2000.0,0.0,0,0,1,1,1,1,116,NULL,23,7,21,5,3,1);
INSERT INTO "transactions_builty" VALUES(918,'UTCL-KHAM-635','2023-04-24','ADINATH AGENCY',200,6320536383,NULL,'for','online',NULL,280.0,10.0,2800.0,0.0,0.0,2800.0,0.0,0,0,9,1,3,3,23,NULL,52,58,185,155,2,48);
INSERT INTO "transactions_builty" VALUES(919,'UTCL-KHAM-636','2023-04-24','ADINATH AGENCY',200,6320536384,NULL,'for','online',NULL,280.0,10.0,2800.0,8800.0,0.0,-6000.0,0.0,0,0,10,1,3,3,23,NULL,52,58,185,155,2,48);
INSERT INTO "transactions_builty" VALUES(920,'UTCL-KHAM-637','2023-04-24','ADINATH AGENCY',300,6320536391,NULL,'for','online',NULL,280.0,15.0,4200.0,0.0,0.0,4200.0,0.0,0,0,9,1,3,3,23,NULL,52,58,185,155,2,48);
INSERT INTO "transactions_builty" VALUES(921,'UTCL-KHAM-638','2023-04-24','SHUBHAM GHANGONE',100,6320536359,NULL,'for','online',NULL,320.0,5.0,1600.0,1000.0,0.0,600.0,0.0,0,0,9,1,3,3,30,NULL,257,45,68,45,2,48);
INSERT INTO "transactions_builty" VALUES(922,'UTCL-KHAM-639','2023-04-24','KISAN K.K. C/O ANANTA SABE',100,6320536415,NULL,'for','online',NULL,360.0,5.0,1800.0,1000.0,0.0,800.0,0.0,0,0,9,1,3,3,30,NULL,111,50,67,44,2,48);
INSERT INTO "transactions_builty" VALUES(923,'UTCL-KHAM-640','2023-04-24','VIKAS KADAM',100,6320536400,NULL,'for','online',NULL,360.0,5.0,1800.0,1000.0,0.0,800.0,0.0,0,0,9,1,3,3,30,NULL,258,45,172,138,2,48);
INSERT INTO "transactions_builty" VALUES(924,'UTCL-KHAM-641','2023-04-24','CHANDAK K.K.',100,6320536407,NULL,'for','online',NULL,370.0,5.0,1850.0,4100.0,0.0,-2250.0,0.0,0,0,9,1,3,3,30,NULL,92,74,63,41,2,48);
INSERT INTO "transactions_builty" VALUES(925,'UTCL-KHAM-642','2023-04-24','S.K.TRADERS',200,6320536408,NULL,'for','online',NULL,370.0,10.0,3700.0,0.0,0.0,3700.0,0.0,0,0,9,1,3,3,30,NULL,200,74,63,41,2,48);
INSERT INTO "transactions_builty" VALUES(926,'UTCL-KHAM-643','2023-04-24','DR. PATIL',300,6320536420,NULL,'for','online',NULL,0.0,15.0,0.0,1900.0,0.0,0.0,0.0,0,0,9,1,3,3,31,NULL,259,74,14,1,2,48);
INSERT INTO "transactions_builty" VALUES(927,'UTCL-KHAM-644','2023-04-24','VAIBHAV TRADERS',400,6320536397,NULL,'for','online',NULL,360.0,20.0,7200.0,7500.0,0.0,-300.0,0.0,0,0,9,1,3,3,45,NULL,75,51,199,167,2,48);
INSERT INTO "transactions_builty" VALUES(928,'UTCL-KHAM-645','2023-04-24','VAIBHAV TRADERS',200,6320536422,NULL,'for','online',NULL,360.0,10.0,3600.0,0.0,0.0,3600.0,0.0,0,0,9,1,3,3,45,NULL,75,51,199,167,2,48);
INSERT INTO "transactions_builty" VALUES(929,'UTCL-KHAM-646','2023-04-24','SAMRAT BULDDING MATERIAL',600,6320536399,NULL,'for','online',NULL,500.0,30.0,15000.0,14000.0,0.0,1000.0,0.0,0,0,9,1,3,3,30,NULL,98,68,117,86,2,48);
INSERT INTO "transactions_builty" VALUES(930,'UTCL-KHAM-647','2023-04-24','SAMEER STEEL C/O KALIM BHAI',100,6320536370,NULL,'for','online',NULL,360.0,5.0,1800.0,1000.0,0.0,800.0,0.0,0,0,9,1,3,3,30,NULL,85,45,80,56,2,48);
INSERT INTO "transactions_builty" VALUES(931,'UTCL-KHAM-648','2023-04-24','SHRIKRUSHNA THAKRE',100,6320536387,NULL,'for','online',NULL,360.0,5.0,1800.0,1000.0,0.0,800.0,0.0,0,0,9,1,3,3,30,NULL,239,45,80,56,2,48);
INSERT INTO "transactions_builty" VALUES(932,'UTCL-KHAM-649','2023-04-24','BHAGWAN KANDAJE',460,6320536367,NULL,'for','online',NULL,0.0,23.0,0.0,3100.0,0.0,0.0,0.0,0,0,9,1,3,3,65,NULL,100,75,8,1,2,48);
INSERT INTO "transactions_builty" VALUES(933,'UTCL-KHAM-650','2023-04-24','JABDAMBA TRADERS',540,6320536398,NULL,'for','cash',NULL,420.0,27.0,11340.0,8000.0,0.0,3340.0,0.0,0,0,9,1,3,3,30,NULL,49,62,66,43,2,48);
INSERT INTO "transactions_builty" VALUES(934,'UTCL-KHAM-651','2023-04-24','RAMESH KALE',460,6320536367,NULL,'for','online',NULL,0.0,23.0,0.0,3100.0,0.0,0.0,0.0,0,0,9,1,3,3,65,NULL,236,75,7,1,2,48);
INSERT INTO "transactions_builty" VALUES(935,'UTCL-KHAM-652','2023-04-24','TANPURE SAHEB',560,6320536389,NULL,'for','online',NULL,530.0,28.0,14840.0,11000.0,0.0,3840.0,0.0,0,0,10,1,3,3,72,NULL,260,77,79,47,2,48);
INSERT INTO "transactions_builty" VALUES(936,'UTCL-KHAM-653','2023-04-24','KALIM AHEMAD',400,6320536439,NULL,'for','online',NULL,400.0,20.0,8000.0,7000.0,0.0,1000.0,0.0,0,0,9,1,3,3,42,NULL,207,83,105,73,2,48);
INSERT INTO "transactions_builty" VALUES(937,'UTCL-KHAM-654','2023-04-24','SWAGAT H/W',560,6320536416,NULL,'for','online',NULL,500.0,28.0,14000.0,11000.0,0.0,3000.0,0.0,0,0,9,1,3,3,73,NULL,115,78,19,2,2,48);
INSERT INTO "transactions_builty" VALUES(938,'UTCL-KHAM-655','2023-04-24','BHAGYODAY TRADERS',300,6320536395,NULL,'for','online',NULL,270.0,15.0,4050.0,3200.0,0.0,850.0,0.0,0,0,10,1,3,3,24,NULL,69,56,92,32,2,48);
INSERT INTO "transactions_builty" VALUES(939,'UTCL-KHAM-656','2023-04-24','KRISHNAKRUPA SALES',300,6320536395,NULL,'for','online',NULL,390.0,15.0,5850.0,5500.0,0.0,350.0,0.0,0,0,9,1,3,3,46,NULL,92,74,83,57,2,48);
INSERT INTO "transactions_builty" VALUES(940,'UTCL-KHAM-657','2023-04-24','MURLIDHAR CHORE',100,632056396,NULL,'for','online',NULL,390.0,5.0,1950.0,0.0,0.0,1950.0,0.0,0,0,9,1,3,3,46,NULL,144,74,83,57,2,48);
INSERT INTO "transactions_builty" VALUES(941,'UTCL-KHAM-658','2023-04-24','OM K.K.',460,6320536421,NULL,'for','cash',NULL,0.0,23.0,0.0,3100.0,0.0,0.0,0.0,0,0,9,1,3,3,39,NULL,261,75,13,1,2,48);
INSERT INTO "transactions_builty" VALUES(942,'UTCL-KHAM-659','2023-04-24','AHMAD SHAHA',100,6320536451,NULL,'for','online',NULL,320.0,5.0,1600.0,1000.0,0.0,600.0,0.0,0,0,9,1,3,3,30,NULL,181,45,68,45,2,48);
INSERT INTO "transactions_builty" VALUES(943,'UTCL-KHAM-660','2023-04-24','VIJAY JIWANALE',100,6320536448,NULL,'for','online',NULL,340.0,5.0,1700.0,1000.0,0.0,700.0,0.0,0,0,9,1,3,3,30,NULL,90,44,80,56,2,48);
INSERT INTO "transactions_builty" VALUES(944,'UTCL-254','2023-04-24','NAVATRE H/W',600,6320536414,NULL,'for','cash',NULL,0.0,30.0,0.0,3800.0,0.0,0.0,25.0,0,0,1,1,1,1,53,2,42,39,4,1,3,1);
INSERT INTO "transactions_builty" VALUES(945,'UTCL-255','2023-04-24','SHILESH B. GAWANDE',340,6320536426,NULL,'for','cash',NULL,0.0,17.0,0.0,1970.0,0.0,0.0,27.0,0,0,1,1,1,1,119,3,33,18,17,1,3,1);
INSERT INTO "transactions_builty" VALUES(946,'UTCL-256','2023-04-24','MOHAN HARNA',220,6320536381,NULL,'for','cash',NULL,0.0,11.0,0.0,2190.0,0.0,0.0,40.0,0,0,1,1,1,1,17,2,262,1,16,1,3,1);
INSERT INTO "transactions_builty" VALUES(947,'UTCL-257','2023-04-24','DHIRAJ CHUKHANDA - KALEGAON',120,6320536377,NULL,'for','cash',NULL,0.0,6.0,0.0,0.0,0.0,0.0,0.0,0,0,3,1,1,1,17,NULL,3,1,16,1,3,20);
INSERT INTO "transactions_builty" VALUES(948,'UTCL-258','2023-04-24','VIDARBHA H/W & ELETRICALS',200,6320536452,NULL,'for','cash',NULL,0.0,10.0,0.0,1860.0,0.0,0.0,17.0,0,0,1,1,1,1,18,3,121,35,15,1,3,1);
INSERT INTO "transactions_builty" VALUES(949,'UTCL-259','2023-04-24','AGRAWAL KIRANA & GENRAL STORE',120,6320536453,NULL,'for','cash',NULL,0.0,6.0,0.0,0.0,0.0,0.0,0.0,0,0,1,1,1,1,18,NULL,121,35,15,1,3,1);
INSERT INTO "transactions_builty" VALUES(950,'UTCL-260','2023-04-24','SHREE VYANKATESH ERIGATION',360,6320536461,NULL,'for','cash',NULL,0.0,18.0,0.0,2730.0,0.0,0.0,40.0,0,0,1,1,1,1,12,3,3,1,6,1,3,1);
INSERT INTO "transactions_builty" VALUES(951,'UTCL-261','2023-04-24','SHREE VYANKATESH ERIGATION',100,6320536462,NULL,'for','cash',NULL,0.0,5.0,0.0,0.0,0.0,0.0,0.0,0,0,3,1,1,1,12,NULL,3,1,6,1,3,20);
INSERT INTO "transactions_builty" VALUES(952,'UTCL-262','2023-04-24','NILESH WELDING WORK SHOP',340,6320536455,NULL,'for','cash',NULL,0.0,17.0,0.0,2740.0,0.0,0.0,50.0,0,0,1,1,1,1,12,2,18,29,10,1,3,1);
INSERT INTO "transactions_builty" VALUES(953,'UTCL-263','2023-04-24','NILESH WELDING WORK SHOP',120,6320536460,NULL,'for','cash',NULL,0.0,6.0,0.0,0.0,0.0,0.0,0.0,0,0,3,1,1,1,12,NULL,18,29,10,1,3,20);
INSERT INTO "transactions_builty" VALUES(954,'UTCL-KHAM-661','2023-04-24','MAHARASHTRA TRADERS',360,6320536458,NULL,'for','online',NULL,530.0,18.0,9540.0,11000.0,0.0,-1460.0,0.0,0,0,9,1,3,3,74,NULL,134,77,70,47,2,48);
INSERT INTO "transactions_builty" VALUES(955,'UTCL-KHAM-662','2023-04-24','RATNSAGAR TRADERS',200,6320536459,NULL,'for','online',NULL,530.0,10.0,5300.0,0.0,0.0,5300.0,0.0,0,0,10,1,3,3,112,NULL,134,77,70,47,2,48);
INSERT INTO "transactions_builty" VALUES(956,'UTCL-264','2023-04-24','MAA BHAVANI  TRAERS',500,6320536443,NULL,'for','online',NULL,0.0,25.0,0.0,2000.0,0.0,0.0,0.0,0,0,2,1,1,1,116,NULL,23,7,25,5,3,1);
INSERT INTO "transactions_builty" VALUES(957,'UTCL-KHAM-663','2023-04-24','BHAVANI H/W',320,6320536435,NULL,'for','online',NULL,280.0,16.0,4480.0,3500.0,0.0,980.0,0.0,0,0,9,1,3,3,25,NULL,69,56,65,42,2,48);
INSERT INTO "transactions_builty" VALUES(958,'UTCL-KHAM-664','2023-04-24','GAYATRI TRADERS C/O GAJANAN SONUNE',460,6320536456,NULL,'for','cash',NULL,0.0,23.0,0.0,3100.0,0.0,0.0,0.0,0,0,9,1,3,3,30,NULL,263,78,5,1,2,48);
INSERT INTO "transactions_builty" VALUES(959,'UTCL-KHAM-665','2023-04-24','SOMNATH STRONG BELT',400,6320536434,NULL,'for','online',NULL,350.0,20.0,7000.0,5200.0,0.0,1800.0,0.0,0,0,9,1,3,3,30,NULL,196,79,59,38,2,48);
INSERT INTO "transactions_builty" VALUES(960,'UTCL-KHAM-666','2023-04-24','NIRAJ TRADERS',200,6320536469,NULL,'for','online',NULL,380.0,10.0,3800.0,5500.0,0.0,-1700.0,0.0,0,0,10,1,3,3,47,NULL,113,51,55,34,2,48);
INSERT INTO "transactions_builty" VALUES(961,'UTCL-KHAM-667','2023-04-24','NIRAJ TRADERS',200,6320536470,NULL,'for','online',NULL,380.0,10.0,3800.0,0.0,0.0,3800.0,0.0,0,0,9,1,3,3,47,NULL,113,51,55,34,2,48);
INSERT INTO "transactions_builty" VALUES(962,'UTCL-KHAM-668','2023-04-24','BHANUDAS KALE',100,320536445,NULL,'for','online',NULL,340.0,5.0,1700.0,1000.0,0.0,700.0,0.0,0,0,9,1,3,3,30,NULL,219,44,80,56,2,48);
INSERT INTO "transactions_builty" VALUES(963,'UTCL-265','2023-04-24','SANGEETA IRON & STEEL',500,6320536463,NULL,'for','online',NULL,150.0,25.0,3750.0,2000.0,0.0,1750.0,0.0,0,0,1,1,1,1,116,NULL,23,7,36,5,3,1);
INSERT INTO "transactions_builty" VALUES(964,'UTCL-266','2023-04-24','SANGEETA IRON & STEEL',500,6320536464,NULL,'for','online',NULL,150.0,25.0,3750.0,2000.0,0.0,1750.0,0.0,0,0,1,1,1,1,116,NULL,23,7,34,15,3,1);
INSERT INTO "transactions_builty" VALUES(965,'UTCL-KHAM-669','2023-04-24','Y D SHARMA',400,6320536471,NULL,'for','online',NULL,440.0,20.0,8800.0,0.0,0.0,8800.0,0.0,0,0,9,1,3,3,39,NULL,264,75,71,49,2,48);
INSERT INTO "transactions_builty" VALUES(966,'UTCL-KHAM-670','2023-04-24','SRL CONSTRUTION',460,6320536472,NULL,'for','online',NULL,440.0,23.0,10120.0,0.0,0.0,10120.0,0.0,0,0,9,1,3,3,39,NULL,240,75,72,49,2,48);
INSERT INTO "transactions_builty" VALUES(967,'UTCL-267','2023-04-24','SANGEETA IRON & STEEL',500,6320536465,NULL,'for','online',NULL,150.0,25.0,3750.0,2000.0,0.0,1750.0,0.0,0,0,1,1,1,1,116,NULL,23,7,197,5,3,1);
INSERT INTO "transactions_builty" VALUES(968,'UTCL-KHAM-671','2023-04-24','FAZAL SALES',600,6320536438,NULL,'for','online',NULL,350.0,30.0,10500.0,9000.0,0.0,1500.0,0.0,0,0,9,1,3,3,42,NULL,50,57,139,107,2,48);
INSERT INTO "transactions_builty" VALUES(969,'UTCL-KHAM-672','2023-04-24','SURESH BAHURUPI',100,6320536450,NULL,'for','online',NULL,360.0,5.0,1800.0,1000.0,0.0,800.0,0.0,0,0,9,1,3,3,30,NULL,110,45,200,45,2,48);
INSERT INTO "transactions_builty" VALUES(970,'UTCL-268','2023-04-25','SHRIRAJ CEMENT SALES - AKOLI',320,6320536454,NULL,'for','cash',NULL,0.0,16.0,0.0,1910.0,0.0,0.0,37.0,0,0,1,1,1,1,9,3,21,27,17,1,3,1);
INSERT INTO "transactions_builty" VALUES(971,'UTCL-269','2023-04-25','MAA BHAVANI  TRAERS',500,6320536479,NULL,'for','online',NULL,150.0,25.0,3750.0,2000.0,0.0,-2000.0,0.0,0,0,2,1,1,1,116,NULL,23,7,21,5,3,1);
INSERT INTO "transactions_builty" VALUES(972,'UTCL-270','2023-04-25','MAA BHAVANI  TRAERS',500,6320536478,NULL,'for','online',NULL,150.0,25.0,3750.0,2000.0,0.0,-2000.0,0.0,0,0,2,1,1,1,116,NULL,23,7,22,5,3,1);
INSERT INTO "transactions_builty" VALUES(973,'UTCL-271','2023-04-25','KAKAD SAHEB',230,6320536546,NULL,'for','cash',NULL,0.0,11.5,0.0,2800.0,0.0,0.0,55.0,0,0,1,1,1,1,12,2,37,28,9,1,3,20);
INSERT INTO "transactions_builty" VALUES(974,'UTCL-KHAM-673','2023-04-25','AMBIKA H/W',540,632053,NULL,'for','online',NULL,500.0,27.0,13500.0,12000.0,0.0,1500.0,0.0,0,0,9,1,3,3,66,NULL,98,68,188,158,2,48);
INSERT INTO "transactions_builty" VALUES(975,'UTCL-272','2023-04-25','KAKAD SAHEB',130,6320536474,NULL,'for','cash',NULL,0.0,6.5,0.0,0.0,0.0,0.0,0.0,0,0,3,1,1,1,12,NULL,37,28,9,1,3,20);
INSERT INTO "transactions_builty" VALUES(976,'UTCL-KHAM-674','2023-04-25','SAIKRUPA H/W',360,6320536429,NULL,'for','online',NULL,380.0,18.0,6840.0,5500.0,0.0,1340.0,0.0,0,0,10,1,3,3,79,NULL,144,74,61,32,2,48);
INSERT INTO "transactions_builty" VALUES(977,'UTCL-273','2023-04-25','KAKAD SAHEB',100,6320536531,NULL,'for','cash',NULL,0.0,5.0,0.0,0.0,0.0,0.0,0.0,0,0,3,1,1,1,12,NULL,37,28,9,1,3,20);
INSERT INTO "transactions_builty" VALUES(978,'UTCL-274','2023-04-25','MAA BHAVANI  TRAERS',136,6320536480,NULL,'for','online',NULL,150.0,6.8,1020.0,1000.0,0.0,20.0,0.0,0,0,2,1,1,1,116,NULL,23,7,36,5,3,1);
INSERT INTO "transactions_builty" VALUES(979,'UTCL-275','2023-04-25','MAA BHAVANI  TRAERS',344,6320536481,NULL,'for','online',NULL,150.0,17.2,2580.0,1000.0,0.0,1580.0,0.0,0,0,1,1,1,1,116,NULL,23,7,36,5,3,1);
INSERT INTO "transactions_builty" VALUES(980,'UTCL-276','2023-04-25','KASTURI ENTERPRISES',320,6320536527,NULL,'for','cash',NULL,0.0,16.0,0.0,1860.0,0.0,0.0,42.0,0,0,1,1,1,1,2,3,82,36,15,1,3,1);
INSERT INTO "transactions_builty" VALUES(981,'UTCL-KHAM-675','2023-04-25','BHAVANI H/W',300,6320536429,NULL,'for','online',NULL,0.0,15.0,0.0,1800.0,0.0,0.0,0.0,0,0,10,1,3,3,25,NULL,69,56,113,81,2,48);
INSERT INTO "transactions_builty" VALUES(982,'UTCL-KHAM-676','2023-04-25','ANAND THETE',100,6320536545,NULL,'for','online',NULL,320.0,5.0,1600.0,1000.0,0.0,600.0,0.0,0,0,10,1,3,3,60,NULL,128,63,113,81,2,48);
INSERT INTO "transactions_builty" VALUES(983,'UTCL-KHAM-677','2023-04-25','HARISH THAKUR',100,6320536545,NULL,'for','online',NULL,300.0,5.0,1500.0,1000.0,0.0,500.0,0.0,0,0,9,1,3,3,26,NULL,69,56,67,44,2,48);
INSERT INTO "transactions_builty" VALUES(984,'UTCL-KHAM-678','2023-04-25','SUJIT BABURAO DESHMUKH',100,6320536553,NULL,'for','online',NULL,340.0,5.0,1700.0,1000.0,0.0,700.0,0.0,0,0,9,1,3,3,30,NULL,90,44,80,56,2,48);
INSERT INTO "transactions_builty" VALUES(985,'UTCL-KHAM-679','2023-04-25','ANIL BAHHADARE',100,6320536554,NULL,'for','online',NULL,340.0,5.0,1700.0,1000.0,0.0,700.0,0.0,0,0,9,1,3,3,30,NULL,265,56,80,56,2,48);
INSERT INTO "transactions_builty" VALUES(986,'UTCL-KHAM-680','2023-04-25','SUJIT BABURAO DESHMUKH',100,6320536556,NULL,'for','online',NULL,320.0,5.0,1600.0,1000.0,0.0,600.0,0.0,0,0,9,1,3,3,30,NULL,90,44,68,45,2,48);
INSERT INTO "transactions_builty" VALUES(987,'UTCL-KHAM-681','2023-04-25','GAJANAN H/W',560,6320536434,NULL,'for','online',NULL,500.0,28.0,14000.0,9500.0,0.0,4500.0,0.0,0,0,9,1,3,3,46,NULL,99,77,201,168,2,48);
INSERT INTO "transactions_builty" VALUES(988,'UTCL-KHAM-682','2023-04-25','SANDIP DESHMUKH',120,6320536559,NULL,'for','online',NULL,300.0,6.0,1800.0,1000.0,0.0,800.0,0.0,0,0,10,1,3,3,30,NULL,125,44,68,45,2,48);
INSERT INTO "transactions_builty" VALUES(989,'UTCL-KHAM-683','2023-04-25','P D UKARDE',600,6320536544,NULL,'for','online',NULL,320.0,30.0,9600.0,8500.0,0.0,1100.0,0.0,0,0,9,1,3,3,30,NULL,196,79,131,100,2,48);
INSERT INTO "transactions_builty" VALUES(990,'UTCL-KHAM-684','2023-04-25','SANSKRUTI ENTERPRISES',120,6320536551,NULL,'for','online',NULL,350.0,6.0,2100.0,4300.0,0.0,-2200.0,0.0,0,0,10,1,3,3,47,NULL,92,74,92,32,2,48);
INSERT INTO "transactions_builty" VALUES(991,'UTCL-KHAM-685','2023-04-25','SANSKRUTI ENTERPRISES',140,6320536552,NULL,'for','online',NULL,350.0,7.0,2450.0,0.0,0.0,2450.0,0.0,0,0,9,1,3,3,47,NULL,92,74,92,32,2,48);
INSERT INTO "transactions_builty" VALUES(992,'UTCL-KHAM-686','2023-04-25','SANSKRUTI ENTERPRISES',40,6320536558,NULL,'for','online',NULL,350.0,2.0,700.0,0.0,0.0,700.0,0.0,0,0,9,1,3,3,47,NULL,92,74,92,32,2,48);
INSERT INTO "transactions_builty" VALUES(993,'UTCL-KHAM-687','2023-04-25','UTKARSH BUILDING MATERIAL',600,6320536518,NULL,'for','online',NULL,380.0,30.0,11400.0,10000.0,0.0,1400.0,0.0,0,0,9,1,3,3,56,NULL,65,51,50,31,2,48);
INSERT INTO "transactions_builty" VALUES(994,'UTCL-KHAM-688','2023-04-25','SHRI VYANKATESH H/W',190,6320536547,NULL,'for','cash',NULL,0.0,9.5,0.0,3010.0,0.0,0.0,0.0,0,0,9,1,3,3,35,NULL,98,68,11,1,2,48);
INSERT INTO "transactions_builty" VALUES(995,'UTCL-KHAM-689','2023-04-25','SHRI VYANKATESH H/W',270,6320536548,NULL,'for','cash',NULL,0.0,13.5,0.0,0.0,0.0,0.0,0.0,0,0,10,1,3,3,35,NULL,83,48,11,1,2,48);
INSERT INTO "transactions_builty" VALUES(996,'UTCL-KHAM-690','2023-04-25','GANESH TRADERS',500,6320536555,NULL,'for','online',NULL,420.0,25.0,10500.0,9000.0,0.0,1500.0,0.0,0,0,9,1,3,3,30,NULL,109,46,79,47,2,48);
INSERT INTO "transactions_builty" VALUES(997,'UTCL-KHAM-691','2023-04-25','GANESH TRADERS',100,6320536557,NULL,'for','online',NULL,420.0,5.0,2100.0,0.0,0.0,2100.0,0.0,0,0,10,1,3,3,30,NULL,109,46,79,47,2,48);
INSERT INTO "transactions_builty" VALUES(998,'UTCL-277','2023-04-25','SHREE VYANKATESH ERIGATION',260,6320536581,NULL,'for','cash',NULL,0.0,13.0,0.0,2680.0,0.0,0.0,45.0,0,0,1,1,1,1,12,2,25,1,2,1,3,20);
INSERT INTO "transactions_builty" VALUES(999,'UTCL-KHAM-692','2023-04-25','SAVAJI & SONS',500,6320536540,NULL,'for','online',NULL,400.0,25.0,10000.0,9000.0,0.0,1000.0,0.0,0,0,9,1,3,3,44,NULL,79,43,180,146,2,48);
INSERT INTO "transactions_builty" VALUES(1000,'UTCL-278','2023-04-25','SHREE VYANKATESH ERIGATION',200,6320536582,NULL,'for','cash',NULL,0.0,10.0,0.0,0.0,0.0,0.0,0.0,0,0,1,1,1,1,12,NULL,266,1,2,1,3,20);
INSERT INTO "transactions_builty" VALUES(1001,'UTCL-KHAM-693','2023-04-25','GURUKRUPA H/W',200,6320536542,NULL,'for','online',NULL,0.0,10.0,0.0,1300.0,0.0,0.0,0.0,0,0,9,1,3,3,30,NULL,78,50,14,1,2,48);
INSERT INTO "transactions_builty" VALUES(1002,'UTCL-KHAM-694','2023-04-25','GOVIND TRADERS',260,6320536515,NULL,'for','online',NULL,400.0,13.0,5200.0,6000.0,0.0,-800.0,0.0,0,0,9,1,3,3,30,NULL,63,51,59,38,2,48);
INSERT INTO "transactions_builty" VALUES(1003,'UTCL-KHAM-695','2023-04-25','GOVIND TRADERS',100,6320536516,NULL,'for','online',NULL,400.0,5.0,2000.0,0.0,0.0,2000.0,0.0,0,0,10,1,3,3,30,NULL,63,51,59,38,2,48);
INSERT INTO "transactions_builty" VALUES(1004,'UTCL-KHAM-696','2023-04-25','GOVIND TRADERS',40,6320536566,NULL,'for','online',NULL,400.0,2.0,800.0,0.0,0.0,800.0,0.0,0,0,10,1,3,3,30,NULL,63,51,59,38,2,48);
INSERT INTO "transactions_builty" VALUES(1005,'UTCL-KHAM-697','2023-04-25','ANAND NANDANE',100,6320536560,NULL,'for','online',NULL,340.0,5.0,1700.0,1000.0,0.0,700.0,0.0,0,0,9,1,3,3,30,NULL,154,44,80,56,2,48);
INSERT INTO "transactions_builty" VALUES(1006,'UTCL-KHAM-698','2023-04-25','SAMEER STEEL C/O DILIP PATIL',100,6320536514,NULL,'for','online',NULL,360.0,5.0,1800.0,1000.0,0.0,800.0,0.0,0,0,9,1,3,3,30,NULL,104,45,60,39,2,48);
INSERT INTO "transactions_builty" VALUES(1007,'UTCL-KHAM-699','2023-04-25','PRASANNA TRADERS',200,63205336567,NULL,'for','online',NULL,380.0,10.0,3800.0,5500.0,0.0,-1700.0,0.0,0,0,10,1,3,3,47,NULL,113,51,83,57,2,48);
INSERT INTO "transactions_builty" VALUES(1008,'UTCL-KHAM-700','2023-04-25','NIRAJ TRADERS',200,6320536568,NULL,'for','online',NULL,380.0,10.0,3800.0,0.0,0.0,3800.0,0.0,0,0,9,1,3,3,47,NULL,75,51,83,57,2,48);
INSERT INTO "transactions_builty" VALUES(1009,'UTCL-KHAM-701','2023-04-25','KISHOR BHAGAT',460,6320536406,NULL,'for','online',NULL,0.0,23.0,0.0,2830.0,0.0,0.0,0.0,0,0,9,1,3,3,65,NULL,114,75,7,1,2,48);
INSERT INTO "transactions_builty" VALUES(1010,'UTCL-KHAM-702','2023-04-25','SHIVAJI KANARJE',460,6320536476,NULL,'for','online',NULL,0.0,23.0,0.0,2830.0,0.0,0.0,0.0,0,0,9,1,3,3,30,NULL,240,75,13,1,2,48);
INSERT INTO "transactions_builty" VALUES(1011,'UTCL-KHAM-703','2023-04-25','VIJAY JIWARE',100,6320536449,NULL,'for','online',NULL,340.0,5.0,1700.0,1000.0,0.0,700.0,0.0,0,0,9,1,3,3,30,NULL,267,44,80,56,2,48);
INSERT INTO "transactions_builty" VALUES(1012,'UTCL-KHAM-704','2023-04-25','RAJU WAGHMARE',100,6320536446,NULL,'for','online',NULL,300.0,5.0,1500.0,1000.0,0.0,500.0,0.0,0,0,9,1,3,3,30,NULL,103,66,68,45,2,48);
INSERT INTO "transactions_builty" VALUES(1013,'UTCL-KHAM-705','2023-04-25','SHRI HARI CEMENT HOUSE',200,6320536573,NULL,'for','online',NULL,380.0,10.0,3800.0,4100.0,0.0,-300.0,0.0,0,0,9,1,3,3,30,NULL,204,51,63,41,2,48);
INSERT INTO "transactions_builty" VALUES(1014,'UTCL-KHAM-706','2023-04-25','SHIVKRUPA H/W',100,6320536574,NULL,'for','online',NULL,380.0,5.0,1900.0,0.0,0.0,1900.0,0.0,0,0,9,1,3,3,30,NULL,80,51,63,41,2,48);
INSERT INTO "transactions_builty" VALUES(1015,'UTCL-KHAM-707','2023-04-25','MALLAWAT TRADING COMPANY',360,6320536595,NULL,'for','online',NULL,550.0,18.0,9900.0,9000.0,0.0,900.0,0.0,0,0,9,1,3,3,35,NULL,83,48,99,68,2,48);
INSERT INTO "transactions_builty" VALUES(1016,'UTCL-KHAM-708','2023-04-25','SRUSHTI STEEL',200,6320536583,NULL,'for','online',NULL,420.0,10.0,4200.0,9000.0,0.0,-4800.0,0.0,0,0,10,1,3,3,109,NULL,109,46,70,47,2,48);
INSERT INTO "transactions_builty" VALUES(1017,'UTCL-KHAM-709','2023-04-25','SRUSHTI STEEL',360,6320536584,NULL,'for','online',NULL,420.0,18.0,7560.0,0.0,0.0,7560.0,0.0,0,0,9,1,3,3,109,NULL,109,46,70,47,2,48);
INSERT INTO "transactions_builty" VALUES(1018,'UTCL-KHAM-710','2023-04-25','SALIM BHAI',400,6320536570,NULL,'for','online',NULL,380.0,20.0,7600.0,5500.0,0.0,2100.0,0.0,0,0,9,1,3,3,23,NULL,268,61,55,34,2,48);
INSERT INTO "transactions_builty" VALUES(1019,'UTCL-KHAM-711','2023-04-25','KIRAN SALVE',460,6320536477,NULL,'for','cash',NULL,0.0,23.0,0.0,2830.0,0.0,0.0,0.0,0,0,9,1,3,3,65,NULL,159,75,5,1,2,48);
INSERT INTO "transactions_builty" VALUES(1020,'UTCL-KHAM-712','2023-04-25','PRATIK TRADERS',500,6320536606,NULL,'for','online',NULL,400.0,25.0,10000.0,9000.0,0.0,1000.0,0.0,0,0,9,1,3,3,43,NULL,269,83,202,169,2,48);
INSERT INTO "transactions_builty" VALUES(1021,'UTCL-KHAM-713','2023-04-26','NASIM THEKEDAR',100,63205336637,NULL,'for','online',NULL,340.0,5.0,1700.0,1000.0,0.0,700.0,0.0,0,0,9,1,3,3,30,NULL,123,44,80,56,2,55);
INSERT INTO "transactions_builty" VALUES(1022,'UTCL-279','2023-04-26','KALIM SIR - WASTAPUR',240,6320536626,NULL,'for','cash',NULL,0.0,12.0,0.0,2290.0,0.0,0.0,42.0,0,0,1,1,1,1,17,3,3,1,16,1,3,17);
INSERT INTO "transactions_builty" VALUES(1023,'UTCL-280','2023-04-26','MOHAN HARNA',100,6320536627,NULL,'for','cash',NULL,0.0,5.0,0.0,0.0,0.0,0.0,0.0,0,0,1,1,1,1,17,NULL,262,1,16,1,3,17);
INSERT INTO "transactions_builty" VALUES(1024,'UTCL-KHAM-714','2023-04-26','TAPESHWARI TRADERS C/O DALVI BANDHU',100,6320536633,NULL,'for','online',NULL,360.0,5.0,1800.0,1000.0,0.0,800.0,0.0,0,0,9,1,3,3,30,NULL,111,50,80,56,2,55);
INSERT INTO "transactions_builty" VALUES(1025,'UTCL-281','2023-04-26','BARKAT CEMENT DEPO',288,6320536662,NULL,'for','cash',NULL,0.0,14.4,0.0,2190.0,0.0,0.0,17.0,0,0,3,1,1,1,18,2,41,4,17,1,3,20);
INSERT INTO "transactions_builty" VALUES(1026,'UTCL-282','2023-04-26','BARKAT CEMENT DEPO',52,6320536663,NULL,'for','cash',NULL,0.0,2.6,0.0,0.0,0.0,0.0,0.0,0,0,3,1,1,1,18,NULL,41,4,17,1,3,20);
INSERT INTO "transactions_builty" VALUES(1027,'UTCL-KHAM-715','2023-04-26','BHAVANI H/W',360,6320536658,NULL,'for','online',NULL,270.0,18.0,4860.0,3700.0,0.0,1160.0,0.0,0,0,10,1,3,3,25,NULL,69,56,61,32,2,48);
INSERT INTO "transactions_builty" VALUES(1028,'UTCL-KHAM-716','2023-04-26','KIRAN TRADERS',140,6320536650,NULL,'for','online',NULL,550.0,7.0,3850.0,12500.0,0.0,-8650.0,0.0,0,0,9,1,3,3,120,NULL,115,78,117,86,2,55);
INSERT INTO "transactions_builty" VALUES(1029,'UTCL-KHAM-717','2023-04-26','KIRAN TRADERS',360,6320536677,NULL,'for','online',NULL,550.0,18.0,9900.0,0.0,0.0,9900.0,0.0,0,0,10,1,3,3,120,NULL,115,78,117,86,2,55);
INSERT INTO "transactions_builty" VALUES(1030,'UTCL-KHAM-718','2023-04-26','AKASH DILIP KULSUNDAR',200,6320536669,NULL,'for','cash',NULL,0.0,10.0,0.0,2830.0,0.0,0.0,0.0,0,0,9,1,3,3,30,NULL,56,43,7,1,2,55);
INSERT INTO "transactions_builty" VALUES(1031,'UTCL-KHAM-719','2023-04-26','AKASH DILIP KULSUNDER',60,NULL,NULL,'for','cash',NULL,0.0,3.0,0.0,0.0,0.0,0.0,0.0,0,0,9,1,3,3,30,NULL,56,43,7,1,2,55);
INSERT INTO "transactions_builty" VALUES(1032,'UTCL-KHAM-720','2023-04-26','UTTAM NIMBAJI THETE',200,6320536676,NULL,'for','cash',NULL,0.0,10.0,0.0,0.0,0.0,0.0,0.0,0,0,10,1,3,3,30,NULL,270,43,7,1,2,55);
INSERT INTO "transactions_builty" VALUES(1033,'UTCL-KHAM-721','2023-04-26','UTKARSH BUILDING MATERIAL',300,6320536680,NULL,'for','online',NULL,360.0,15.0,5400.0,4300.0,0.0,1100.0,0.0,0,0,9,1,3,3,56,NULL,65,51,83,57,2,55);
INSERT INTO "transactions_builty" VALUES(1034,'UTCL-KHAM-722','2023-04-26','UTKARSH BUILDING MATERIAL',100,6320536682,NULL,'for','online',NULL,360.0,5.0,1800.0,0.0,0.0,1800.0,0.0,0,0,10,1,3,3,56,NULL,65,51,83,57,2,55);
INSERT INTO "transactions_builty" VALUES(1035,'UTCL-KHAM-723','2023-04-26','GANESH NIMSE',100,6320536678,NULL,'for','online',NULL,340.0,5.0,1700.0,1000.0,0.0,700.0,0.0,0,0,10,1,3,3,30,NULL,271,44,172,138,2,55);
INSERT INTO "transactions_builty" VALUES(1036,'UTCL-KHAM-724','2023-04-26','DATTAKRUPA H/W',300,6320536679,NULL,'for','online',NULL,280.0,15.0,4200.0,3200.0,0.0,1000.0,0.0,0,0,9,1,3,3,23,NULL,52,58,92,32,2,55);
INSERT INTO "transactions_builty" VALUES(1037,'UTCL-283','2023-04-26','BHARAT TRADERS',260,6320536671,NULL,'for','cash',NULL,0.0,13.0,0.0,2680.0,0.0,0.0,50.0,0,0,1,1,1,1,18,2,82,36,4,1,3,17);
INSERT INTO "transactions_builty" VALUES(1038,'UTCL-284','2023-04-26','BHARAT TRADERS',200,632056672,NULL,'for','cash',NULL,0.0,10.0,0.0,0.0,0.0,0.0,0.0,0,0,1,1,1,1,18,NULL,82,36,4,1,3,17);
INSERT INTO "transactions_builty" VALUES(1039,'UTCL-285','2023-04-27','BANDU BHAU WANKHADE',319,6320536700,NULL,'for','cash',NULL,0.0,15.95,0.0,2070.0,0.0,0.0,17.0,0,0,1,1,1,1,21,3,7,6,15,1,3,17);
INSERT INTO "transactions_builty" VALUES(1040,'UTCL-286','2023-04-27','BAND',21,6320536699,NULL,'for','cash',NULL,0.0,1.05,0.0,0.0,0.0,0.0,0.0,0,0,1,1,1,1,21,NULL,7,6,15,1,3,17);
INSERT INTO "transactions_builty" VALUES(1041,'UTCL-KHAM-725','2023-04-27','AJINKYA JASWANI',200,6320536685,NULL,'for','cash',NULL,0.0,10.0,0.0,1500.0,0.0,0.0,0.0,0,0,9,1,3,3,30,NULL,69,56,14,1,2,55);
INSERT INTO "transactions_builty" VALUES(1042,'UTCL-KHAM-726','2023-04-27','VILAS SING RAJPUT',100,6320536636,NULL,'for','online',NULL,300.0,5.0,1500.0,1000.0,0.0,500.0,0.0,0,0,9,1,3,3,30,NULL,103,66,68,45,2,55);
INSERT INTO "transactions_builty" VALUES(1043,'UTCL-KHAM-727','2023-04-27','AJAY KIRKALE',100,6320536643,NULL,'for','online',NULL,340.0,5.0,1700.0,1000.0,0.0,700.0,0.0,0,0,9,1,3,3,30,NULL,90,44,80,56,2,55);
INSERT INTO "transactions_builty" VALUES(1044,'UTCL-KHAM-728','2023-04-27','VISHWAKARMA SALES',300,6320536723,NULL,'for','online',NULL,370.0,15.0,5550.0,4000.0,0.0,1550.0,0.0,0,0,10,1,3,3,47,NULL,200,74,63,41,2,55);
INSERT INTO "transactions_builty" VALUES(1045,'UTCL-KHAM-729','2023-04-27','ASHA BAI SAPKAL',100,6320536724,NULL,'for','online',NULL,340.0,5.0,1700.0,1000.0,0.0,700.0,0.0,0,0,9,1,3,3,30,NULL,272,44,80,56,2,55);
INSERT INTO "transactions_builty" VALUES(1046,'UTCL-KHAM-730','2023-04-27','SHRI LAXMI H/W C/O SUDHIR MESHRAM',460,6320536716,NULL,'for','cash',NULL,0.0,23.0,0.0,3530.0,0.0,0.0,0.0,0,0,10,1,3,3,36,NULL,273,75,8,1,2,55);
INSERT INTO "transactions_builty" VALUES(1047,'UTCL-287','2023-04-27','KAIF H/W',340,6320536757,NULL,'for','online',NULL,450.0,17.0,7650.0,7000.0,0.0,650.0,0.0,0,0,1,1,1,1,12,NULL,266,1,43,18,3,20);
INSERT INTO "transactions_builty" VALUES(1048,'UTCL-288','2023-04-27','SHREE VYANKATESH ERIGATION',160,6320536687,NULL,'for','online',NULL,450.0,8.0,3600.0,3000.0,0.0,600.0,0.0,0,0,3,1,1,1,12,NULL,3,1,43,18,3,20);
INSERT INTO "transactions_builty" VALUES(1049,'UTCL-KHAM-731','2023-04-27','SAMEER STEEL C/O RAMDAS PATIL',100,6320536729,NULL,'for','online',NULL,360.0,5.0,1800.0,1000.0,0.0,800.0,0.0,0,0,9,1,3,3,30,NULL,85,45,172,138,2,55);
INSERT INTO "transactions_builty" VALUES(1050,'UTCL-KHAM-732','2023-04-27','LAXMAN MANASKAR',100,6320536730,NULL,'for','online',NULL,300.0,5.0,1500.0,1000.0,0.0,500.0,0.0,0,0,9,1,3,3,30,NULL,90,44,68,45,2,55);
INSERT INTO "transactions_builty" VALUES(1051,'UTCL-KHAM-733','2023-04-27','PRIYA H/W',260,6320536721,NULL,'for','online',NULL,380.0,13.0,4940.0,5100.0,0.0,-160.0,0.0,0,0,9,1,3,3,69,NULL,105,74,61,32,2,55);
INSERT INTO "transactions_builty" VALUES(1052,'UTCL-KHAM-734','2023-04-27','PRIYA H/W',100,6320536722,NULL,'for','online',NULL,380.0,5.0,1900.0,0.0,0.0,1900.0,0.0,0,0,10,1,3,3,69,NULL,105,74,61,32,2,55);
INSERT INTO "transactions_builty" VALUES(1053,'UTCL-289','2023-04-27','SHAGUN H/W',260,6320536731,NULL,'for','online',NULL,350.0,13.0,4550.0,3000.0,0.0,1550.0,0.0,0,0,1,1,1,1,34,NULL,9,3,25,5,3,20);
INSERT INTO "transactions_builty" VALUES(1054,'UTCL-290','2023-04-27','SHAGUN H/W',200,6320536732,NULL,'for','online',NULL,350.0,10.0,3500.0,3000.0,0.0,500.0,0.0,0,0,1,1,1,1,34,NULL,9,3,25,5,3,20);
INSERT INTO "transactions_builty" VALUES(1055,'UTCL-KHAM-735','2023-04-27','JANTA TRADERS',260,6320536717,NULL,'for','cash',NULL,0.0,13.0,0.0,3130.0,0.0,0.0,0.0,0,0,9,1,3,3,65,NULL,95,75,5,1,2,55);
INSERT INTO "transactions_builty" VALUES(1056,'UTCL-KHAM-736','2023-04-27','SURAJ H/W',200,6320536718,NULL,'for','online',NULL,0.0,10.0,0.0,0.0,0.0,0.0,0.0,0,0,9,1,3,3,65,NULL,205,75,5,1,2,55);
INSERT INTO "transactions_builty" VALUES(1057,'UTCL-291','2023-04-27','SANGEETA IRON & STEEL',400,6320536748,NULL,'for','online',NULL,150.0,20.0,3000.0,0.0,0.0,3000.0,0.0,0,0,1,1,1,1,116,NULL,23,7,34,15,3,20);
INSERT INTO "transactions_builty" VALUES(1058,'UTCL-292','2023-04-27','SANGEETA IRON & STEEL',400,6320536749,NULL,'for','online',NULL,150.0,20.0,3000.0,0.0,0.0,3000.0,0.0,0,0,1,1,1,1,116,NULL,23,7,197,5,3,20);
INSERT INTO "transactions_builty" VALUES(1059,'UTCL-293','2023-04-27','BHUSHAN MANOHAR PAWALE',260,6320536735,NULL,'for','cash',NULL,0.0,13.0,0.0,2680.0,0.0,0.0,40.0,0,0,1,1,1,1,34,2,274,37,2,1,3,20);
INSERT INTO "transactions_builty" VALUES(1060,'UTCL-294','2023-04-27','BHUSHAN MANOHAR PAWALE',200,6320536736,NULL,'for','cash',NULL,0.0,10.0,0.0,0.0,0.0,0.0,0.0,0,0,1,1,1,1,34,NULL,274,37,2,1,3,20);
INSERT INTO "transactions_builty" VALUES(1061,'UTCL-KHAM-737','2023-04-27','SHREE TRADERS',300,6320536740,NULL,'for','online',NULL,400.0,15.0,6000.0,5500.0,0.0,500.0,0.0,0,0,10,1,3,3,71,NULL,63,51,83,57,2,55);
INSERT INTO "transactions_builty" VALUES(1062,'UTCL-KHAM-738','2023-04-27','SHREE TRADERS',60,6320536762,NULL,'for','online',NULL,400.0,3.0,1200.0,0.0,0.0,1200.0,0.0,0,0,9,1,3,3,71,NULL,63,51,83,57,2,55);
INSERT INTO "transactions_builty" VALUES(1063,'UTCL-KHAM-739','2023-04-28','GAYATRI K.K.',100,6320536754,NULL,'for','online',NULL,300.0,5.0,1500.0,1000.0,0.0,500.0,0.0,0,0,9,1,3,3,30,NULL,171,44,68,45,2,55);
INSERT INTO "transactions_builty" VALUES(1064,'UTCL-KHAM-740','2023-04-28','BHARAT STEEL CORPORATION',400,6320536760,NULL,'for','online',NULL,350.0,20.0,7000.0,5000.0,0.0,2000.0,0.0,0,0,9,1,3,3,43,NULL,142,57,55,34,2,55);
INSERT INTO "transactions_builty" VALUES(1065,'UTCL-KHAM-741','2023-04-28','GAURAV TAYDE',100,6320536783,NULL,'for','online',NULL,360.0,5.0,1800.0,1000.0,0.0,800.0,0.0,0,0,9,1,3,3,30,NULL,111,50,80,56,2,55);
INSERT INTO "transactions_builty" VALUES(1066,'UTCL-KHAM-742','2023-04-28','BHAGYODAY TRADERS',200,6320536779,NULL,'for','online',NULL,280.0,10.0,2800.0,3700.0,0.0,-900.0,0.0,0,0,9,1,3,3,24,NULL,69,56,61,32,2,55);
INSERT INTO "transactions_builty" VALUES(1067,'UTCL-KHAM-743','2023-04-28','RAMESH DHOLE',160,6320536780,NULL,'for','online',NULL,280.0,8.0,2240.0,0.0,0.0,2240.0,0.0,0,0,9,1,3,3,24,NULL,86,56,61,32,2,55);
INSERT INTO "transactions_builty" VALUES(1068,'UTCL-295','2023-04-28','AMOL H/W',339,6320536787,NULL,'for','cash',NULL,0.0,16.95,0.0,2240.0,0.0,0.0,43.0,0,0,1,1,1,1,17,3,31,1,16,1,3,17);
INSERT INTO "transactions_builty" VALUES(1069,'UTCL-KHAM-744','2023-04-28','NASIM THEKEDAR',100,6320536805,NULL,'for','online',NULL,340.0,5.0,1700.0,1000.0,0.0,700.0,0.0,0,0,9,1,3,3,30,NULL,123,44,80,56,2,55);
INSERT INTO "transactions_builty" VALUES(1070,'UTCL-KHAM-745','2023-04-28','SAMEER STEEL',100,6320536804,NULL,'for','online',NULL,320.0,5.0,1600.0,1000.0,0.0,600.0,0.0,0,0,9,1,3,3,30,NULL,218,78,68,45,2,55);
INSERT INTO "transactions_builty" VALUES(1071,'UTCL-KHAM-746','2023-04-28','SHUBHAM H/W',460,6320536782,NULL,'for','cash',NULL,0.0,23.0,0.0,2930.0,0.0,0.0,0.0,0,0,9,1,3,3,121,NULL,275,75,13,1,2,55);
INSERT INTO "transactions_builty" VALUES(1072,'UTCL-KHAM-747','2023-04-28','SAHARA PARK',500,6320536770,NULL,'for','online',NULL,450.0,25.0,11250.0,9000.0,0.0,2250.0,0.0,0,0,9,1,3,3,78,NULL,97,76,66,43,2,55);
INSERT INTO "transactions_builty" VALUES(1073,'UTCL-KHAM-748','2023-04-28','SAHARA PARK',60,6320536851,NULL,'for','online',NULL,450.0,3.0,1350.0,0.0,0.0,1350.0,0.0,0,0,9,1,3,3,78,NULL,97,76,66,43,2,55);
INSERT INTO "transactions_builty" VALUES(1074,'UTCL-KHAM-749','2023-04-28','ANMOL K.K.',200,6320536828,NULL,'for','online',NULL,330.0,10.0,3300.0,4500.0,0.0,-1200.0,0.0,0,0,9,1,3,3,30,NULL,87,73,93,32,2,55);
INSERT INTO "transactions_builty" VALUES(1075,'UTCL-KHAM-750','2023-04-28','ANMOL K.K.',160,6320536535,NULL,'for','online',NULL,330.0,8.0,2640.0,0.0,0.0,2640.0,0.0,0,0,9,1,3,3,30,NULL,87,73,93,32,2,55);
INSERT INTO "transactions_builty" VALUES(1076,'UTCL-296','2023-04-28','ADAU KIRANA',220,6320536812,NULL,'for','cash',NULL,0.0,11.0,0.0,1860.0,0.0,0.0,23.0,0,0,1,1,1,1,13,3,8,6,15,1,3,1);
INSERT INTO "transactions_builty" VALUES(1077,'UTCL-297','2023-04-28','KISHORE PATIL',100,6320536814,NULL,'for','cash',NULL,0.0,5.0,0.0,0.0,0.0,0.0,0.0,0,0,1,1,1,1,13,NULL,276,6,15,1,3,1);
INSERT INTO "transactions_builty" VALUES(1078,'UTCL-KHAM-751','2023-04-28','PADAM INDASTRIES',276,6320536796,NULL,'for','online',NULL,200.0,13.8,2760.0,2500.0,0.0,260.0,0.0,0,0,12,1,3,3,122,NULL,277,44,63,41,2,55);
INSERT INTO "transactions_builty" VALUES(1079,'UTCL-298','2023-04-28','NAVATRE H/W',260,6320536826,NULL,'for','cash',NULL,0.0,13.0,0.0,2960.0,0.0,0.0,17.0,0,0,1,1,1,1,53,2,42,39,2,1,3,1);
INSERT INTO "transactions_builty" VALUES(1080,'UTCL-299','2023-04-28','NAVATRE H/W',200,6320536827,NULL,'for','cash',NULL,0.0,10.0,0.0,0.0,0.0,0.0,0.0,0,0,3,1,1,1,53,NULL,42,39,2,1,3,1);
INSERT INTO "transactions_builty" VALUES(1081,'UTCL-300','2023-04-28','SHREE VYANKATESH ERIGATION',460,6320536845,NULL,'for','cash',NULL,0.0,23.0,0.0,2680.0,0.0,0.0,45.0,0,0,1,1,1,1,12,2,3,1,6,1,3,1);
INSERT INTO "transactions_builty" VALUES(1082,'UTCL-301','2023-04-28','NILESH WELDING WORK SHOP',360,6320536847,NULL,'for','cash',NULL,0.0,18.0,0.0,2730.0,0.0,0.0,50.0,0,0,1,1,1,1,12,2,18,29,4,1,3,1);
INSERT INTO "transactions_builty" VALUES(1083,'UTCL-302','2023-04-28','NILESH WELDING WORK SHOP',100,6320536846,NULL,'for','cash',NULL,0.0,5.0,0.0,0.0,0.0,0.0,0.0,0,0,3,1,1,1,12,NULL,18,29,4,1,3,1);
INSERT INTO "transactions_builty" VALUES(1084,'UTCL-303','2023-04-28','ASTIKAR TRADERS',500,6320536820,NULL,'for','online',NULL,330.0,25.0,8250.0,7000.0,0.0,1250.0,0.0,0,0,1,1,1,1,7,NULL,33,18,205,60,3,1);
INSERT INTO "transactions_builty" VALUES(1085,'UTCL-KHAM-752','2023-04-28','ANANDI MAHARAJ SANSTHAN',460,6320536792,NULL,'for','cash',NULL,0.0,23.0,0.0,3370.0,0.0,0.0,0.0,0,0,9,1,3,3,65,NULL,146,75,11,1,2,48);
INSERT INTO "transactions_builty" VALUES(1086,'UTCL-KHAM-753','2023-04-28','SHIVSHANKAR H/W',600,6320536855,NULL,'for','online',NULL,420.0,30.0,12600.0,11500.0,0.0,1100.0,0.0,0,0,9,1,3,3,29,NULL,79,43,178,144,2,48);
INSERT INTO "transactions_builty" VALUES(1087,'UTCL-KHAM-754','2023-04-28','SIDHIVINAYAK H/W',560,6320536856,NULL,'for','online',NULL,420.0,28.0,11760.0,10500.0,0.0,1260.0,0.0,0,0,9,1,3,3,44,NULL,79,43,201,168,2,48);
INSERT INTO "transactions_builty" VALUES(1088,'UTCL-KHAM-755','2023-04-28','VISHNU DEVRE',200,6320536859,NULL,'for','online',NULL,280.0,10.0,2800.0,2000.0,0.0,800.0,0.0,0,0,10,1,3,3,25,NULL,86,56,64,42,2,48);
INSERT INTO "transactions_builty" VALUES(1089,'UTCL-KHAM-756','2023-04-28','AMBADAS HIWALE',400,6320536854,NULL,'for','online',NULL,450.0,20.0,9000.0,7500.0,0.0,1500.0,0.0,0,0,9,1,3,3,29,NULL,278,76,59,38,2,48);
INSERT INTO "transactions_builty" VALUES(1090,'UTCL-KHAM-757','2023-04-28','SRL CONSTRUTION',420,6320536793,NULL,'for','online',NULL,440.0,21.0,9240.0,0.0,0.0,9240.0,0.0,0,0,9,1,3,3,39,NULL,236,75,71,49,2,48);
INSERT INTO "transactions_builty" VALUES(1091,'UTCL-304','2023-04-28','SUMIT PROVISION',400,6320536851,NULL,'for','cash',NULL,0.0,20.0,0.0,2710.0,0.0,0.0,52.0,0,0,1,1,1,1,8,3,24,1,10,1,3,1);
INSERT INTO "transactions_builty" VALUES(1092,'UTCL-305','2023-04-28','GAJANAN DHANBHAR',60,6320536852,NULL,'for','cash',NULL,0.0,3.0,0.0,0.0,0.0,0.0,0.0,0,0,3,1,1,1,8,NULL,220,1,10,1,3,1);
INSERT INTO "transactions_builty" VALUES(1093,'UTCL-306','2023-04-28','GAJANAN PATIL - KUTASA',480,6320536867,NULL,'for','online',NULL,420.0,24.0,10080.0,8000.0,0.0,2080.0,0.0,0,0,1,1,1,1,115,NULL,21,27,46,23,3,1);
INSERT INTO "transactions_builty" VALUES(1094,'UTCL-KHAM-758','2023-04-28','SHIVA WELDING',100,6320536790,NULL,'for','online',NULL,380.0,5.0,1900.0,5500.0,0.0,-3600.0,0.0,0,0,9,1,3,3,46,NULL,91,74,49,26,2,48);
INSERT INTO "transactions_builty" VALUES(1095,'UTCL-KHAM-759','2023-04-28','VBKR INFRA.',260,6320536791,NULL,'for','online',NULL,380.0,13.0,4940.0,0.0,0.0,4940.0,0.0,0,0,9,1,3,3,46,NULL,279,74,49,26,2,48);
INSERT INTO "transactions_builty" VALUES(1096,'UTCL-KHAM-760','2023-04-28','JAIGURUDEO TRADERA',460,6320536837,NULL,'for','online',NULL,380.0,23.0,8740.0,8500.0,0.0,240.0,0.0,0,0,9,1,3,3,123,NULL,280,57,206,171,2,48);
INSERT INTO "transactions_builty" VALUES(1097,'UTCL-KHAM-761','2023-04-28','JAIGURUDEO TRADERA',40,6320536866,NULL,'for','online',NULL,380.0,2.0,760.0,0.0,0.0,760.0,0.0,0,0,9,1,3,3,123,NULL,280,57,206,171,2,48);
INSERT INTO "transactions_builty" VALUES(1098,'UTCL-KHAM-762','2023-04-28','RAM KARANDE',560,6320536809,NULL,'for','online',NULL,0.0,28.0,0.0,3600.0,0.0,0.0,0.0,0,0,9,1,3,3,44,NULL,93,43,5,1,2,48);
INSERT INTO "transactions_builty" VALUES(1099,'UTCL-KHAM-763','2023-04-28','RAM KARANDE',40,6320536872,NULL,'for','online',NULL,0.0,2.0,0.0,0.0,0.0,0.0,0.0,0,0,9,1,3,3,44,NULL,93,43,5,1,2,48);
INSERT INTO "transactions_builty" VALUES(1100,'UTCL-KHAM-764','2023-04-28','GOVIND TRADERS',100,6320536881,NULL,'for','online',NULL,400.0,5.0,2000.0,6000.0,0.0,-4000.0,0.0,0,0,10,1,3,3,30,NULL,63,51,149,115,2,48);
INSERT INTO "transactions_builty" VALUES(1101,'UTCL-KHAM-765','2023-04-28','GOVIND TRADERS',300,6320536882,NULL,'for','online',NULL,400.0,15.0,6000.0,0.0,0.0,6000.0,0.0,0,0,9,1,3,3,30,NULL,63,51,83,57,2,48);
INSERT INTO "transactions_builty" VALUES(1102,'UTCL-KHAM-766','2023-04-28','BALAJI MAHAJAN',560,6320536810,NULL,'for','cash',NULL,420.0,28.0,11760.0,10500.0,0.0,1260.0,0.0,0,0,9,1,3,3,44,NULL,97,76,181,147,2,48);
INSERT INTO "transactions_builty" VALUES(1103,'UTCL-307','2023-04-28','SHIVAJIRAO DESHMUKH',460,6320536849,NULL,'for','cash',NULL,0.0,23.0,0.0,2960.0,0.0,0.0,30.0,0,0,3,1,1,1,58,2,4,2,1,1,3,1);
INSERT INTO "transactions_builty" VALUES(1104,'UTCL-KHAM-767','2023-04-28','BALAJI MAHAJAN',100,6320536873,NULL,'for','online',NULL,420.0,5.0,2100.0,0.0,0.0,2100.0,0.0,0,0,9,1,3,3,44,NULL,97,76,181,147,2,48);
INSERT INTO "transactions_builty" VALUES(1105,'UTCL-KHAM-768','2023-04-28','SHIV H/W',500,632536836,NULL,'for','online',NULL,470.0,25.0,11750.0,10500.0,0.0,1250.0,0.0,0,0,9,1,3,3,36,NULL,241,75,207,173,2,48);
INSERT INTO "transactions_builty" VALUES(1106,'UTCL-KHAM-769','2023-04-28','SHIVAJI KANDJE',460,6320536789,NULL,'for','online',NULL,0.0,23.0,0.0,2960.0,0.0,0.0,0.0,0,0,9,1,3,3,65,NULL,100,75,7,1,2,48);
INSERT INTO "transactions_builty" VALUES(1107,'UTCL-KHAM-770','2023-04-28','JAI GAJANAN H/W',460,6320536874,NULL,'for','online',NULL,0.0,23.0,0.0,2830.0,0.0,0.0,0.0,0,0,9,1,3,3,39,NULL,282,75,8,1,2,48);
INSERT INTO "transactions_builty" VALUES(1108,'UTCL-308','2023-04-29','GAWALI ENTERPRISES',280,6320536870,NULL,'for','cash',NULL,0.0,14.0,0.0,2120.0,0.0,0.0,12.0,0,0,1,1,1,1,13,3,281,6,17,1,3,1);
INSERT INTO "transactions_builty" VALUES(1109,'UTCL-309','2023-04-29','GAWALI ENTERPRISES',60,6320536871,NULL,'for','cash',NULL,0.0,3.0,0.0,0.0,0.0,0.0,0.0,0,0,3,1,1,1,13,NULL,281,6,17,1,3,1);
INSERT INTO "transactions_builty" VALUES(1110,'UTCL-KHAM-771','2023-04-28','SAVAJI & SONS',500,6320536808,NULL,'for','online',NULL,410.0,25.0,10250.0,9000.0,0.0,1250.0,0.0,0,0,9,1,3,3,44,NULL,79,43,208,174,2,48);
INSERT INTO "transactions_builty" VALUES(1111,'UTCL-KHAM-772','2023-04-28','PRATIK TRADERS C/O KUNAL TIPOLE',300,6320536865,NULL,'for','online',NULL,380.0,15.0,5700.0,6500.0,0.0,-800.0,0.0,0,0,10,1,3,3,43,NULL,215,71,105,73,2,48);
INSERT INTO "transactions_builty" VALUES(1112,'UTCL-KHAM-773','2023-04-28','PRATIK TRADERS C/O KUNAL TIPOLE',100,6320536884,NULL,'for','online',NULL,380.0,5.0,1900.0,0.0,0.0,1900.0,0.0,0,0,10,1,3,3,43,NULL,215,71,105,73,2,48);
INSERT INTO "transactions_builty" VALUES(1113,'UTCL-KHAM-774','2023-04-28','SANSKRUTI CONSTRUCTION',640,6320536883,NULL,'for','online',NULL,550.0,32.0,17600.0,16600.0,0.0,1000.0,0.0,0,0,11,1,3,3,68,NULL,83,48,117,86,2,48);
INSERT INTO "transactions_builty" VALUES(1114,'UTCL-KHAM-775','2023-04-28','SHRI AWAJISIDDHA BUILDING MATERIAL',100,6320536890,NULL,'for','online',NULL,380.0,5.0,1900.0,0.0,0.0,1900.0,0.0,0,0,10,1,3,3,45,NULL,102,51,83,57,2,48);
INSERT INTO "transactions_builty" VALUES(1115,'UTCL-KHAM-776','2023-04-28','SHRI AWAJISIDDHA BUILDING MATERIAL',300,6320536891,NULL,'for','online',NULL,380.0,15.0,5700.0,0.0,0.0,5700.0,0.0,0,0,9,1,3,3,45,NULL,102,51,83,57,2,48);
INSERT INTO "transactions_builty" VALUES(1116,'UTCL-310','2023-04-29','SONAL AGRO SERVICE',460,6320536907,NULL,'for','online',NULL,350.0,23.0,8050.0,6000.0,0.0,2050.0,0.0,0,0,1,1,1,1,55,NULL,12,3,25,5,3,1);
INSERT INTO "transactions_builty" VALUES(1117,'UTCL-311','2023-04-29','SONAL AGRO SERVICE',460,6320536908,NULL,'for','online',NULL,350.0,23.0,8050.0,6000.0,0.0,2050.0,0.0,0,0,1,1,1,1,55,NULL,12,3,197,5,3,1);
INSERT INTO "transactions_builty" VALUES(1118,'UTCL-KHAM-777','2023-04-29','SAHYOG STEEL',400,6320536919,NULL,'for','online',NULL,390.0,20.0,7800.0,5500.0,0.0,2300.0,0.0,0,0,9,1,3,3,42,NULL,283,61,55,34,2,48);
INSERT INTO "transactions_builty" VALUES(1119,'UTCL-KHAM-778','2023-04-29','MAHAVEER JAIN',100,6320536887,NULL,'for','online',NULL,340.0,5.0,1700.0,1000.0,0.0,700.0,0.0,0,0,9,1,3,3,30,NULL,219,44,80,56,2,48);
INSERT INTO "transactions_builty" VALUES(1120,'UTCL-KHAM-779','2023-04-29','SAVAJI & SONS',200,6320536885,NULL,'for','online',NULL,400.0,10.0,4000.0,9000.0,0.0,-5000.0,0.0,0,0,9,1,3,3,44,NULL,79,43,74,51,2,48);
INSERT INTO "transactions_builty" VALUES(1121,'UTCL-KHAM-780','2023-04-29','SAVAJI & SONS',300,6320536886,NULL,'for','online',NULL,400.0,15.0,6000.0,0.0,0.0,6000.0,0.0,0,0,10,1,3,3,44,NULL,79,43,74,51,2,48);
INSERT INTO "transactions_builty" VALUES(1122,'UTCL-KHAM-781','2023-04-29','BAGADE SAHEB',100,6320536950,NULL,'for','online',NULL,320.0,5.0,1600.0,1000.0,0.0,600.0,0.0,0,0,9,1,3,3,33,NULL,187,82,103,39,2,48);
INSERT INTO "transactions_builty" VALUES(1123,'UTCL-KHAM-782','2023-04-29','JAI HANUMAN TRADERS C/O BALIRAM DUTE',100,6320536950,NULL,'for','online',NULL,320.0,5.0,1600.0,1000.0,0.0,600.0,0.0,0,0,9,1,3,3,26,NULL,73,56,67,44,2,48);
INSERT INTO "transactions_builty" VALUES(1124,'UTCL-KHAM-783','2023-04-29','SANJAY H/W',640,6320536948,NULL,'for','online',NULL,280.0,32.0,8960.0,6000.0,0.0,2960.0,0.0,0,0,9,1,3,3,23,NULL,52,58,70,47,2,48);
INSERT INTO "transactions_builty" VALUES(1125,'UTCL-KHAM-784','2023-04-29','JAI GAJANAN H/W',600,6320536884,NULL,'for','online',NULL,280.0,30.0,8400.0,8000.0,0.0,400.0,0.0,0,0,9,1,3,3,30,NULL,52,58,209,2,2,48);
INSERT INTO "transactions_builty" VALUES(1126,'UTCL-KHAM-785','2023-04-29','JAI GAJANAN H/W',40,6320536982,NULL,'for','online',NULL,280.0,2.0,560.0,0.0,0.0,560.0,0.0,0,0,9,1,3,3,30,NULL,52,58,209,2,2,48);
INSERT INTO "transactions_builty" VALUES(1127,'UTCL-KHAM-786','2023-04-29','JAKIR KHAN',100,6320536895,NULL,'for','online',NULL,340.0,5.0,1700.0,1000.0,0.0,700.0,0.0,0,0,10,1,3,3,30,NULL,72,44,60,39,2,48);
INSERT INTO "transactions_builty" VALUES(1128,'UTCL-KHAM-787','2023-04-29','SAMEER STEEL',100,6320536885,NULL,'for','online',NULL,320.0,5.0,1600.0,1000.0,0.0,600.0,0.0,0,0,9,1,3,3,30,NULL,256,45,68,45,2,48);
INSERT INTO "transactions_builty" VALUES(1129,'UTCL-KHAM-788','2023-04-29','RAJU KALE',65,6320536994,NULL,'for','online',NULL,340.0,3.25,1105.0,1000.0,0.0,105.0,0.0,0,0,9,1,3,3,30,NULL,238,44,60,39,2,48);
INSERT INTO "transactions_builty" VALUES(1130,'UTCL-KHAM-789','2023-04-29','RAJU KALE',35,6320536995,NULL,'for','cash',NULL,340.0,1.75,595.0,0.0,0.0,595.0,0.0,0,0,10,1,3,3,30,NULL,238,44,60,39,2,48);
INSERT INTO "transactions_builty" VALUES(1131,'UTCL-KHAM-790','2023-04-29','ADINA',600,6320536936,NULL,'for','online',NULL,280.0,30.0,8400.0,7500.0,0.0,900.0,0.0,0,0,9,1,3,3,23,NULL,52,58,19,2,2,48);
INSERT INTO "transactions_builty" VALUES(1132,'UTCL-KHAM-791','2023-04-29','BHAVANI H/W',700,6320536927,NULL,'for','online',NULL,270.0,35.0,9450.0,8000.0,0.0,1450.0,0.0,0,0,9,1,3,3,25,NULL,69,56,57,36,2,48);
INSERT INTO "transactions_builty" VALUES(1133,'UTCL-KHAM-792','2023-04-29','UTKARSH BUILDING MATERIAL',600,6320536863,NULL,'for','online',NULL,380.0,30.0,11400.0,10000.0,0.0,1400.0,0.0,0,0,9,1,3,3,56,NULL,65,51,50,31,2,48);
INSERT INTO "transactions_builty" VALUES(1134,'UTCL-KHAM-793','2023-04-29','RATAN BHONGE',200,6320536880,NULL,'for','online',NULL,280.0,10.0,2800.0,2900.0,0.0,-100.0,0.0,0,0,9,1,3,3,32,NULL,52,58,63,41,2,48);
INSERT INTO "transactions_builty" VALUES(1135,'UTCL-KHAM-794','2023-04-29','RATAN BHONGE',100,6320537012,NULL,'for','online',NULL,280.0,5.0,1400.0,0.0,0.0,1400.0,0.0,0,0,9,1,3,3,32,NULL,52,58,63,41,2,48);
INSERT INTO "transactions_builty" VALUES(1136,'UTCL-312','2023-04-29','BANDU BHAU WANKHADE',340,6320536998,NULL,'for','online',NULL,350.0,17.0,5950.0,4000.0,0.0,1950.0,0.0,0,0,1,1,1,1,21,NULL,7,6,21,5,3,1);
INSERT INTO "transactions_builty" VALUES(1137,'UTCL-313','2023-04-29','BANDU BHAU WANKHADE',120,6320537009,NULL,'for','online',NULL,350.0,6.0,2100.0,2000.0,0.0,100.0,0.0,0,0,1,1,1,1,21,NULL,7,6,21,5,3,1);
INSERT INTO "transactions_builty" VALUES(1138,'UTCL-314','2023-04-29','ARUN RAUT',150,6320537011,NULL,'for','online',NULL,360.0,7.5,2700.0,2000.0,0.0,700.0,0.0,0,0,1,1,1,1,7,NULL,284,6,46,23,3,1);
INSERT INTO "transactions_builty" VALUES(1139,'UTCL-315','2023-04-29','NITESH ADAU',290,6320537018,NULL,'for','online',NULL,360.0,14.5,5220.0,5000.0,0.0,220.0,0.0,0,0,1,1,1,1,13,NULL,8,6,46,23,3,1);
INSERT INTO "transactions_builty" VALUES(1140,'UTCL-KHAM-795','2023-04-29','SONUNE SAHEB',200,6320536929,NULL,'for','online',NULL,500.0,10.0,5000.0,11500.0,0.0,-6500.0,0.0,0,0,10,1,3,3,72,NULL,134,77,210,185,2,48);
INSERT INTO "transactions_builty" VALUES(1141,'UTCL-KHAM-796','2023-04-29','SONU',300,6320536930,NULL,'for','online',NULL,500.0,15.0,7500.0,0.0,0.0,7500.0,0.0,0,0,9,1,3,3,72,NULL,134,77,210,185,2,48);
INSERT INTO "transactions_builty" VALUES(1142,'UTCL-KHAM-797','2023-04-29','JABBAR THEKEDAR',100,6320537022,NULL,'for','online',NULL,320.0,5.0,1600.0,1000.0,0.0,600.0,0.0,0,0,9,1,3,3,33,NULL,110,45,67,44,2,48);
INSERT INTO "transactions_builty" VALUES(1143,'UTCL-316','2023-04-29','NITESH ADAU',20,6320537033,NULL,'for','online',NULL,360.0,1.0,360.0,0.0,0.0,360.0,0.0,0,0,1,1,1,1,13,NULL,8,6,46,23,3,1);
INSERT INTO "transactions_builty" VALUES(1144,'UTCL-317','2023-04-29','GAURAV BAGDE',460,6320537016,NULL,'for','cash',NULL,0.0,23.0,0.0,2910.0,0.0,0.0,30.0,0,0,1,1,1,1,7,3,33,18,1,1,3,1);
INSERT INTO "transactions_builty" VALUES(1145,'UTCL-318','2023-04-29','SHYAM TRADERS',280,6320536823,NULL,'for','cash',NULL,0.0,14.0,0.0,2000.0,0.0,0.0,39.0,0,0,1,1,1,1,8,3,285,1,16,1,3,1);
INSERT INTO "transactions_builty" VALUES(1146,'UTCL-319','2023-04-29','SHYAM TRADERS',60,6320536824,NULL,'for','cash',NULL,0.0,3.0,0.0,0.0,0.0,0.0,0.0,0,0,3,1,1,1,8,NULL,285,1,16,1,3,1);
INSERT INTO "transactions_builty" VALUES(1147,'UTCL-320','2023-04-29','UDAY GENRAL AGENCY',320,6320536958,NULL,'for','cash',NULL,0.0,16.0,0.0,1910.0,0.0,0.0,35.0,0,0,1,1,1,1,18,3,42,39,15,1,3,1);
INSERT INTO "transactions_builty" VALUES(1148,'UTCL-321','2023-04-29','P.S TRADERS C/O PANKAJ BHAKRE',460,6320537051,NULL,'for','online',NULL,370.0,23.0,8510.0,8000.0,0.0,510.0,0.0,0,0,1,1,1,1,18,NULL,121,35,155,122,3,20);
INSERT INTO "transactions_builty" VALUES(1149,'UTCL-322','2023-04-29','P.S TRADERS C/O PANKAJ BHAKRE',40,6320537056,NULL,'for','online',NULL,370.0,2.0,740.0,0.0,0.0,740.0,0.0,0,0,1,1,1,1,18,NULL,121,35,155,122,3,1);
INSERT INTO "transactions_builty" VALUES(1150,'UTCL-KHAM-798','2023-04-29','ROSHAN TRADERS',500,6320536932,NULL,'for','online',NULL,340.0,25.0,8500.0,7500.0,0.0,1000.0,0.0,0,0,9,1,3,3,43,NULL,142,57,211,186,2,48);
INSERT INTO "transactions_builty" VALUES(1151,'UTCL-KHAM-799','2023-04-29','SHRI KRUSHNA PATANDE',200,6320537008,NULL,'for','online',NULL,280.0,10.0,2800.0,2000.0,0.0,800.0,0.0,0,0,9,1,3,3,25,NULL,128,63,64,42,2,48);
INSERT INTO "transactions_builty" VALUES(1152,'UTCL-KHAM-800','2023-04-29','ZIYA BHAI KHAN',100,6320536937,NULL,'for','online',NULL,300.0,5.0,1500.0,1000.0,0.0,500.0,0.0,0,0,9,1,3,3,30,NULL,227,44,68,45,2,48);
INSERT INTO "transactions_builty" VALUES(1153,'UTCL-323','2023-04-29','KRUSHNA H/W',200,6320536966,NULL,'for','cash',NULL,0.0,10.0,0.0,2680.0,0.0,0.0,45.0,0,0,1,1,1,1,8,3,26,1,6,1,3,1);
INSERT INTO "transactions_builty" VALUES(1154,'UTCL-324','2023-04-29','KEDRAKUMAR SAGARKUMAR BAGANI',260,6320536967,NULL,'for','cash',NULL,0.0,13.0,0.0,0.0,0.0,0.0,0.0,0,0,1,1,1,1,8,NULL,3,1,6,1,3,1);
INSERT INTO "transactions_builty" VALUES(1155,'UTCL-KHAM-801','2023-04-29','MOHAN DESHMUKH',560,6320536813,NULL,'for','cash',NULL,0.0,28.0,0.0,3600.0,0.0,0.0,0.0,0,0,9,1,3,3,44,NULL,286,76,5,1,2,48);
INSERT INTO "transactions_builty" VALUES(1156,'UTCL-KHAM-802','2023-04-29','DATTA MALEKAR',40,6320537004,NULL,'for','cash',NULL,0.0,2.0,0.0,0.0,0.0,0.0,0.0,0,0,9,1,3,3,44,NULL,97,76,5,1,2,48);
INSERT INTO "transactions_builty" VALUES(1157,'UTCL-KHAM-803','2023-04-29','SHREE CEMENT HOUSE',600,6320536988,NULL,'for','online',NULL,320.0,30.0,9600.0,8500.0,0.0,1100.0,0.0,0,0,9,1,3,3,42,NULL,142,57,212,187,2,48);
INSERT INTO "transactions_builty" VALUES(1158,'UTCL-KHAM-804','2023-04-29','SAVAJI & SONS',360,6320537042,NULL,'for','online',NULL,360.0,18.0,6480.0,4900.0,0.0,1580.0,0.0,0,0,9,1,3,3,44,NULL,79,43,61,32,2,48);
INSERT INTO "transactions_builty" VALUES(1159,'UTCL-325','2023-04-29','JAY AMBAY H/W',340,6320536817,NULL,'for','cash',NULL,0.0,17.0,0.0,1970.0,0.0,0.0,37.0,0,0,1,1,1,1,13,3,287,2,17,1,3,1);
INSERT INTO "transactions_builty" VALUES(1160,'UTCL-KHAM-805','2023-04-29','ASHOK KHARDE',280,6320536954,NULL,'for','cash',NULL,0.0,14.0,0.0,2830.0,0.0,0.0,0.0,0,0,9,1,3,3,35,NULL,288,48,11,1,2,48);
INSERT INTO "transactions_builty" VALUES(1161,'UTCL-KHAM-806','2023-04-29','MALLAWAT TRADING COMPANY',180,6320536955,NULL,'for','cash',NULL,0.0,9.0,0.0,0.0,0.0,0.0,0.0,0,0,10,1,3,3,35,NULL,83,48,11,1,2,48);
INSERT INTO "transactions_builty" VALUES(1162,'UTCL-KHAM-807','2023-04-29','SAVAJI & SONS',600,6320537024,NULL,'for','online',NULL,420.0,30.0,12600.0,11500.0,0.0,1100.0,0.0,0,0,9,1,3,3,44,NULL,79,43,128,97,2,48);
INSERT INTO "transactions_builty" VALUES(1163,'UTCL-KHAM-808','2023-04-29','RUSHKESH TRADERS',500,NULL,NULL,'for','online',NULL,400.0,25.0,10000.0,9000.0,0.0,1000.0,0.0,0,0,9,1,3,3,36,NULL,289,72,106,74,2,48);
INSERT INTO "transactions_builty" VALUES(1164,'UTCL-KHAM-809','2023-04-29','VAISHNAVI K.K.',460,6320536836,NULL,'for','online',NULL,0.0,23.0,0.0,2830.0,0.0,0.0,0.0,0,0,9,1,3,3,36,NULL,197,60,7,1,2,48);
INSERT INTO "transactions_builty" VALUES(1165,'UTCL-KHAM-810','2023-04-29','KISHOR SARKHE',360,6320536788,NULL,'for','cash',NULL,0.0,18.0,0.0,2830.0,0.0,0.0,0.0,0,0,9,1,3,3,65,NULL,236,75,8,1,2,48);
INSERT INTO "transactions_builty" VALUES(1166,'UTCL-326','2023-04-29','OMSHANTA PROVISION',260,6320537052,NULL,'for','online',NULL,350.0,13.0,4550.0,4000.0,0.0,550.0,0.0,0,0,1,1,1,1,20,NULL,169,4,25,5,3,1);
INSERT INTO "transactions_builty" VALUES(1167,'UTCL-KHAM-811','2023-04-29','RAMESH BARDE',100,6320536979,NULL,'for','cash',NULL,0.0,5.0,0.0,0.0,0.0,0.0,0.0,0,0,10,1,3,3,66,NULL,290,75,8,1,2,48);
INSERT INTO "transactions_builty" VALUES(1168,'UTCL-327','2023-04-29','MAHARASHTRA TRADERS',200,6320537053,NULL,'for','online',NULL,350.0,10.0,3500.0,2000.0,0.0,1500.0,0.0,0,0,1,1,1,1,13,NULL,41,4,25,5,3,1);
INSERT INTO "transactions_builty" VALUES(1169,'UTCL-KHAM-812','2023-04-29','MAULI H/W',100,6320537032,NULL,'for','online',NULL,300.0,5.0,1500.0,1000.0,0.0,500.0,0.0,0,0,9,1,3,3,30,NULL,73,56,68,45,2,48);
INSERT INTO "transactions_builty" VALUES(1170,'UTCL-KHAM-813','2023-04-29','PRAKASH CHUGUNI',100,6320536888,NULL,'for','online',NULL,320.0,5.0,1600.0,1000.0,0.0,600.0,0.0,0,0,9,1,3,3,60,NULL,128,63,113,81,2,48);
INSERT INTO "transactions_builty" VALUES(1171,'UTCL-328','2023-04-29','SARASWATI H/W',340,6320536922,NULL,'for','cash',NULL,0.0,17.0,0.0,2740.0,0.0,0.0,50.0,0,0,1,1,1,1,83,3,82,36,10,1,3,1);
INSERT INTO "transactions_builty" VALUES(1172,'UTCL-KHAM-814','2023-04-29','SHYAM K.K.',200,6320536989,NULL,'for','online',NULL,390.0,10.0,3900.0,9000.0,0.0,-5100.0,0.0,0,0,9,1,3,3,30,NULL,199,43,79,47,2,48);
INSERT INTO "transactions_builty" VALUES(1173,'UTCL-329','2023-04-29','SARASWATI H/W',120,6320536923,NULL,'for','cash',NULL,0.0,6.0,0.0,0.0,0.0,0.0,0.0,0,0,3,1,1,1,83,NULL,82,36,10,1,3,1);
INSERT INTO "transactions_builty" VALUES(1174,'UTCL-KHAM-815','2023-04-29','AKASH DILIP KULSUNDAR',300,6320536991,NULL,'for','online',NULL,390.0,15.0,5850.0,0.0,0.0,5850.0,0.0,0,0,9,1,3,3,30,NULL,56,43,79,47,2,48);
INSERT INTO "transactions_builty" VALUES(1175,'UTCL-KHAM-816','2023-04-29','VAISHNAVI K.K.',100,6320536993,NULL,'for','online',NULL,390.0,5.0,1950.0,0.0,0.0,1950.0,0.0,0,0,9,1,3,3,30,NULL,198,43,79,47,2,48);
INSERT INTO "transactions_builty" VALUES(1176,'UTCL-KHAM-817','2023-04-29','SANSKRUTI CONSTRUCTION',640,6320536963,NULL,'for','online',NULL,330.0,32.0,10560.0,9500.0,0.0,1060.0,0.0,0,0,11,1,3,3,61,NULL,83,48,117,86,2,48);
INSERT INTO "transactions_builty" VALUES(1177,'UTCL-330','2023-04-29','GANESH TRADERS',640,6320536915,NULL,'for','cash',NULL,0.0,32.0,0.0,4040.0,0.0,0.0,27.0,0,0,1,1,1,1,50,2,42,39,12,1,3,1);
INSERT INTO "transactions_builty" VALUES(1178,'UTCL-331','2023-04-29','SONAL AGRO SERVICE',600,6320536904,NULL,'for','online',NULL,350.0,30.0,10500.0,10000.0,0.0,500.0,0.0,0,0,1,1,1,1,55,NULL,12,3,213,188,3,1);
INSERT INTO "transactions_builty" VALUES(1179,'UTCL-KHAM-818','2023-04-29','SOLANKE SALES',460,6320537003,NULL,'for','cash',NULL,0.0,23.0,0.0,2830.0,0.0,0.0,0.0,0,0,9,1,3,3,39,NULL,84,72,13,1,2,48);
INSERT INTO "transactions_builty" VALUES(1180,'UTCL-KHAM-819','2023-04-29','CEMENT HOUSE CHIKHALI',600,6320536934,NULL,'for','online',NULL,420.0,30.0,12600.0,11500.0,0.0,1100.0,0.0,0,0,9,1,3,3,29,NULL,79,43,178,144,2,48);
INSERT INTO "transactions_builty" VALUES(1181,'UTCL-332','2023-04-29','SHIVAJIRAO DESHMUKH',300,6320537035,NULL,'for','cash',NULL,0.0,15.0,0.0,3800.0,0.0,0.0,40.0,0,0,1,1,1,1,58,2,58,24,9,1,3,1);
INSERT INTO "transactions_builty" VALUES(1182,'UTCL-333','2023-04-29','SHIVAJIRAO DESHMUKH',300,6320537036,NULL,'for','cash',NULL,0.0,15.0,0.0,0.0,0.0,0.0,0.0,0,0,1,1,1,1,58,NULL,21,27,9,1,3,1);
INSERT INTO "transactions_builty" VALUES(1183,'UTCL-334','2023-04-29','SHREE VYANKATESH ERIGATION',460,6320537057,NULL,'for','cash',NULL,0.0,23.0,0.0,2680.0,0.0,0.0,48.0,0,0,1,1,1,1,12,2,3,1,4,1,3,1);
INSERT INTO "transactions_builty" VALUES(1184,'UTCL-KHAM-820','2023-04-29','BHOLESHWAR KIRANA',560,6320537064,NULL,'for','online',NULL,480.0,28.0,13440.0,12000.0,0.0,1440.0,0.0,0,0,9,1,3,3,30,NULL,54,78,214,189,2,48);
INSERT INTO "transactions_builty" VALUES(1185,'UTCL-KHAM-821','2023-04-29','GANRAJ DISTRIBUTOR',560,6320536924,NULL,'for','online',NULL,550.0,28.0,15400.0,14000.0,0.0,1400.0,0.0,0,0,9,1,3,3,76,NULL,83,48,215,190,2,48);
INSERT INTO "transactions_builty" VALUES(1186,'UTCL-KHAM-822','2023-04-29','AMBIKA H/W',460,6320536918,NULL,'for','online',NULL,520.0,23.0,11960.0,13500.0,0.0,-1540.0,0.0,0,0,9,1,3,3,66,NULL,98,68,216,191,2,48);
INSERT INTO "transactions_builty" VALUES(1187,'UTCL-KHAM-823','2023-04-29','AMBIKA H/W',100,6320536961,NULL,'for','online',NULL,520.0,5.0,2600.0,0.0,0.0,2600.0,0.0,0,0,10,1,3,3,66,NULL,98,68,216,191,2,48);
INSERT INTO "transactions_builty" VALUES(1188,'UTCL-KHAM-824','2023-04-29','AVINASH WAGHMARE',500,6320536933,NULL,'for','online',NULL,480.0,25.0,12000.0,14000.0,0.0,-2000.0,0.0,0,0,9,1,3,3,29,NULL,97,76,217,192,2,48);
INSERT INTO "transactions_builty" VALUES(1189,'UTCL-KHAM-825','2023-04-29','AVINASH WAGHMARE',100,6320537062,NULL,'for','online',NULL,480.0,5.0,2400.0,0.0,0.0,2400.0,0.0,0,0,9,1,3,3,29,NULL,97,76,217,192,2,48);
INSERT INTO "transactions_builty" VALUES(1190,'UTCL-KHAM-826','2023-04-29','SANT NAGRI MULTISPECIALITY',660,6320537038,NULL,'for','online',NULL,270.0,33.0,8910.0,6500.0,0.0,2410.0,0.0,0,0,11,1,3,3,67,NULL,69,56,96,66,2,48);
INSERT INTO "transactions_builty" VALUES(1191,'UTCL-KHAM-827','2023-04-29','GAJANAN H/W',600,6320536921,NULL,'for','online',NULL,500.0,30.0,15000.0,14000.0,0.0,1000.0,0.0,0,0,9,1,3,3,40,NULL,99,77,186,156,2,48);
INSERT INTO "transactions_builty" VALUES(1192,'UTCL-KHAM-828','2023-04-29','KRUSHNAMURARI H/W',240,6320537026,NULL,'for','online',NULL,370.0,12.0,4440.0,5000.0,0.0,-560.0,0.0,0,0,9,1,3,3,30,NULL,200,74,55,34,2,48);
INSERT INTO "transactions_builty" VALUES(1193,'UTCL-KHAM-829','2023-04-29','S. K. TRADERS',160,6320537027,NULL,'for','online',NULL,370.0,8.0,2960.0,0.0,0.0,2960.0,0.0,0,0,9,1,3,3,30,NULL,200,74,55,34,2,48);
INSERT INTO "transactions_builty" VALUES(1194,'UTCL-KHAM-830','2023-04-29','TIRUPATI H/W',500,6320536977,NULL,'for','online',NULL,280.0,25.0,7000.0,7000.0,0.0,0.0,0.0,0,0,9,1,3,3,23,NULL,52,58,139,107,2,48);
INSERT INTO "transactions_builty" VALUES(1195,'UTCL-KHAM-831','2023-04-29','TIRUPATI H/W',100,6320537075,NULL,'for','online',NULL,280.0,5.0,1400.0,0.0,0.0,1400.0,0.0,0,0,9,1,3,3,35,NULL,52,58,139,107,2,48);
INSERT INTO "transactions_builty" VALUES(1196,'UTCL-KHAM-832','2023-04-29','SHRI BALAJI TRADERS',700,6320536980,NULL,'for','online',NULL,270.0,35.0,9450.0,8500.0,0.0,950.0,0.0,0,0,9,1,3,3,31,NULL,69,56,19,2,2,48);
INSERT INTO "transactions_builty" VALUES(1197,'UTCL-KHAM-833','2023-04-29','THAKKAR H/W',300,6320536959,NULL,'for','online',NULL,380.0,15.0,5700.0,5600.0,0.0,100.0,0.0,0,0,9,1,3,3,90,NULL,113,51,59,38,2,48);
INSERT INTO "transactions_builty" VALUES(1198,'UTCL-KHAM-834','2023-04-29','VAIBHAV TRADERS',100,6320537077,NULL,'for','online',NULL,380.0,5.0,1900.0,0.0,0.0,1900.0,0.0,0,0,9,1,3,3,45,NULL,75,51,59,38,2,48);
INSERT INTO "transactions_builty" VALUES(1199,'UTCL-KHAM-835','2023-04-29','P D UKARDE',320,6320537076,NULL,'for','online',NULL,0.0,16.0,0.0,0.0,0.0,0.0,0.0,0,0,9,1,3,3,30,NULL,76,46,49,26,2,48);
INSERT INTO "transactions_builty" VALUES(1200,'UTCL-KHAM-836','2023-04-29','CEMENT HOUSE CHIKHALI',600,6320537061,NULL,'for','online',NULL,420.0,30.0,12600.0,12500.0,0.0,100.0,0.0,0,0,9,1,3,3,29,NULL,79,43,124,93,2,48);
INSERT INTO "transactions_builty" VALUES(1201,'UTCL-KHAM-837','2023-04-29','CEMENT HOUSE CHIKHALI',60,6320537082,NULL,'for','online',NULL,420.0,3.0,1260.0,0.0,0.0,1260.0,0.0,0,0,9,1,3,3,29,NULL,79,43,124,93,2,48);
INSERT INTO "transactions_builty" VALUES(1202,'UTCL-KHAM-838','2023-04-29','SANT NAGRI MULTISPECIALITY',660,6320537039,NULL,'for','online',NULL,270.0,33.0,8910.0,6000.0,0.0,2910.0,0.0,0,0,11,1,3,3,67,NULL,69,56,70,47,2,48);
INSERT INTO "transactions_builty" VALUES(1203,'UTCL-KHAM-839','2023-04-29','PRASHANT H/W',460,6320536981,NULL,'for','online',NULL,420.0,23.0,9660.0,10500.0,0.0,-840.0,0.0,0,0,9,1,3,3,40,NULL,291,86,57,36,2,48);
INSERT INTO "transactions_builty" VALUES(1204,'UTCL-KHAM-840','2023-04-29','PRASHANT H/W',100,6320537081,NULL,'for','online',NULL,420.0,5.0,2100.0,0.0,0.0,2100.0,0.0,0,0,9,1,3,3,40,NULL,291,86,57,36,2,48);
INSERT INTO "transactions_builty" VALUES(1205,'UTCL-KHAM-841','2023-04-29','SANSKRUTI ENTERPRISES',120,6320537079,NULL,'for','online',NULL,340.0,6.0,2040.0,8500.0,0.0,-6460.0,0.0,0,0,10,1,3,3,47,NULL,200,74,218,193,2,48);
INSERT INTO "transactions_builty" VALUES(1206,'UTCL-KHAM-842','2023-04-29','SANSKRUTI ENTERPRISES',440,6320538074,NULL,'for','online',NULL,340.0,22.0,7480.0,0.0,0.0,7480.0,0.0,0,0,9,1,3,3,47,NULL,200,74,218,193,2,48);
INSERT INTO "transactions_builty" VALUES(1207,'UTCL-KHAM-843','2023-04-30','SHRI PATIL',100,6320536978,NULL,'for','online',NULL,360.0,5.0,1800.0,1000.0,0.0,800.0,0.0,0,0,9,1,3,3,23,NULL,292,50,172,138,2,48);
INSERT INTO "transactions_builty" VALUES(1208,'UTCL-KHAM-844','2023-04-30','GHORPADE BALIRAM',100,6320537030,NULL,'for','online',NULL,300.0,5.0,1500.0,1000.0,0.0,500.0,0.0,0,0,9,1,3,3,26,NULL,293,44,67,44,2,48);
INSERT INTO "transactions_builty" VALUES(1209,'UTCL-KHAM-845','2023-04-30','NAGE SIR',100,6320537096,NULL,'for','online',NULL,320.0,5.0,1600.0,1000.0,0.0,600.0,0.0,0,0,10,1,3,3,60,NULL,128,63,113,81,2,48);
INSERT INTO "transactions_builty" VALUES(1210,'UTCL-KHAM-846','2023-04-30','BHAGYODAY TRADERS',300,6320537043,NULL,'for','online',NULL,270.0,15.0,4050.0,3100.0,0.0,950.0,0.0,0,0,9,1,3,3,24,NULL,69,56,92,32,2,48);
INSERT INTO "transactions_builty" VALUES(1211,'UTCL-335','2023-04-30','LAXMI H/W',460,6320537034,NULL,'for','online',NULL,420.0,23.0,9660.0,8500.0,0.0,1160.0,0.0,0,0,3,1,1,1,58,NULL,4,2,219,194,3,1);
INSERT INTO "transactions_builty" VALUES(1212,'UTCL-KHAM-847','2023-04-30','TALEKAR TRADERS',500,6320537002,NULL,'for','online',NULL,400.0,25.0,10000.0,9000.0,0.0,1000.0,0.0,0,0,9,1,3,3,39,NULL,84,72,220,195,2,48);
INSERT INTO "transactions_builty" VALUES(1213,'UTCL-KHAM-848','2023-04-30','SHRINATH TRADERS',360,632053,NULL,'for','online',NULL,270.0,18.0,4860.0,3500.0,0.0,1360.0,0.0,0,0,9,1,3,3,85,NULL,123,44,61,32,2,48);
INSERT INTO "transactions_builty" VALUES(1214,'UTCL-KHAM-849','2023-04-30','KAMAL AGENCY',600,632053,NULL,'for','online',NULL,420.0,30.0,12600.0,11500.0,0.0,1100.0,0.0,0,0,9,1,3,3,78,NULL,79,43,178,144,2,55);
INSERT INTO "transactions_builty" VALUES(1215,'UTCL-336','2023-04-30','MAHARSHI WALMIKI H/W',340,6320537013,NULL,'for','cash',NULL,0.0,17.0,0.0,2680.0,0.0,0.0,25.0,0,0,1,1,1,1,28,3,44,53,3,1,3,1);
INSERT INTO "transactions_builty" VALUES(1216,'UTCL-337','2023-04-30','SWARAJ H/W - URAL',120,6320537014,NULL,'for','cash',NULL,0.0,6.0,0.0,0.0,0.0,0.0,0.0,0,0,1,1,1,1,28,NULL,252,53,3,1,3,1);
INSERT INTO "transactions_builty" VALUES(1217,'UTCL-KHAM-850','2023-04-30','SANJAY JAMAO',160,632053,NULL,'for','online',NULL,380.0,8.0,3040.0,9000.0,0.0,-5960.0,0.0,0,0,10,1,3,3,64,NULL,94,61,188,158,2,55);
INSERT INTO "transactions_builty" VALUES(1218,'UTCL-KHAM-851','2023-04-30','JANTA TRADERS',400,632053,NULL,'for','cash',NULL,380.0,20.0,7600.0,0.0,0.0,7600.0,0.0,0,0,9,1,3,3,64,NULL,94,61,188,158,2,55);
INSERT INTO "transactions_builty" VALUES(1219,'UTCL-338','2023-04-30','KRUSHNA SALES',300,6320537107,NULL,'for','online',NULL,350.0,15.0,5250.0,4000.0,0.0,1250.0,0.0,0,0,1,1,1,1,34,NULL,9,3,22,5,3,1);
INSERT INTO "transactions_builty" VALUES(1220,'UTCL-339','2023-04-30','SHAGUN H/W',160,620537108,NULL,'for','online',NULL,350.0,8.0,2800.0,2000.0,0.0,800.0,0.0,0,0,1,1,1,1,34,NULL,9,3,22,5,3,1);
INSERT INTO "transactions_builty" VALUES(1221,'UTCL-KHAM-852','2023-04-30','BANDU CHARATE',200,6320537138,NULL,'for','online',NULL,280.0,10.0,2800.0,2000.0,0.0,800.0,0.0,0,0,9,1,3,3,25,NULL,128,63,64,42,2,55);
INSERT INTO "transactions_builty" VALUES(1222,'UTCL-KHAM-853','2023-04-30','JAGDAMBA TRADERS',300,6320537143,NULL,'for','online',NULL,420.0,15.0,6300.0,10000.0,0.0,-3700.0,0.0,0,0,9,1,3,3,30,NULL,49,62,96,66,2,55);
INSERT INTO "transactions_builty" VALUES(1223,'UTCL-KHAM-854','2023-04-30','JAGDAMBA TRADERS',300,6320537144,NULL,'for','online',NULL,420.0,15.0,6300.0,0.0,0.0,6300.0,0.0,0,0,9,1,3,3,30,NULL,49,62,96,66,2,55);
INSERT INTO "transactions_builty" VALUES(1224,'UTCL-KHAM-855','2023-04-30','SAHEBRAO SALVE',100,6320537445,NULL,'for','online',NULL,300.0,5.0,1500.0,1000.0,0.0,500.0,0.0,0,0,9,1,3,3,30,NULL,294,44,68,45,2,48);
INSERT INTO "transactions_builty" VALUES(1225,'UTCL-KHAM-856','2023-04-30','CHINTAMANI T. CO',400,6320537140,NULL,'for','online',NULL,420.0,20.0,8400.0,6000.0,0.0,2400.0,0.0,0,0,9,1,3,3,30,NULL,49,62,83,57,2,48);
INSERT INTO "transactions_builty" VALUES(1226,'UTCL-KHAM-857','2023-04-30','VARAD AGENCY',200,6320537141,NULL,'for','online',NULL,500.0,10.0,5000.0,13500.0,0.0,-8500.0,0.0,0,0,10,1,3,3,77,NULL,137,67,139,107,2,48);
INSERT INTO "transactions_builty" VALUES(1227,'UTCL-KHAM-858','2023-04-30','VARAD AGENCY',400,6320537142,NULL,'for','online',NULL,500.0,20.0,10000.0,0.0,0.0,10000.0,0.0,0,0,9,1,3,3,77,NULL,137,67,139,107,2,48);
INSERT INTO "transactions_builty" VALUES(1228,'UTCL-340','2023-04-30','ABHIJEET DHAGE - KALEGAON',240,6320536815,NULL,'for','cash',NULL,0.0,12.0,0.0,2190.0,0.0,0.0,46.0,0,0,1,1,1,1,17,3,82,36,16,1,3,1);
INSERT INTO "transactions_builty" VALUES(1229,'UTCL-341','2023-04-30','ABHIJEET DHAGE - KALEGAON',100,6320536816,NULL,'for','cash',NULL,0.0,5.0,0.0,0.0,0.0,0.0,0.0,0,0,3,1,1,1,17,NULL,82,36,16,1,3,1);
INSERT INTO "transactions_builty" VALUES(1230,'UTCL-342','2023-04-30','JAI MALHAR A. C/O RAJENDRA PATIL',340,6320537015,NULL,'for','cash',NULL,0.0,17.0,0.0,2000.0,0.0,0.0,15.0,0,0,1,1,1,1,34,3,22,35,17,1,3,1);
INSERT INTO "transactions_builty" VALUES(1231,'UTCL-343','2023-04-30','KASTURI ENTERPRISES',460,6320537017,NULL,'for','cash',NULL,0.0,23.0,0.0,2680.0,0.0,0.0,55.0,0,0,1,1,1,1,2,3,82,36,4,1,3,1);
INSERT INTO "transactions_builty" VALUES(1232,'UTCL-344','2023-04-30','SHIVAJIRAO DESHMUKH',460,6320537037,NULL,'for','cash',NULL,0.0,23.0,0.0,2730.0,0.0,0.0,45.0,0,0,1,1,1,1,58,3,2,1,1,1,3,1);
INSERT INTO "transactions_builty" VALUES(1233,'UTCL-345','2023-04-30','VIRENDRA RAGHUVANSHI',440,6320537117,NULL,'for','online',NULL,420.0,22.0,9240.0,8000.0,0.0,1240.0,0.0,0,0,1,1,1,1,13,NULL,21,27,221,196,3,1);
INSERT INTO "transactions_builty" VALUES(1234,'UTCL-346','2023-04-30','SERVESH DINKAR BOCHE',600,6320537059,NULL,'for','cash',NULL,0.0,30.0,0.0,3800.0,0.0,0.0,65.0,0,0,1,1,1,1,141,3,4,2,10,1,3,1);
INSERT INTO "transactions_builty" VALUES(1235,'UTCL-347','2023-04-30','DHIRAJ CHUKHANDA - KALEGAON',320,6320537090,NULL,'for','cash',NULL,0.0,16.0,0.0,2020.0,0.0,0.0,37.0,0,0,3,1,1,1,17,3,127,40,15,1,3,1);
INSERT INTO "transactions_builty" VALUES(1236,'UTCL-KHAM-859','2023-04-30','SARIKA NILESH AGRAWAL',300,6320536951,NULL,'for','cash',NULL,0.0,15.0,0.0,1800.0,0.0,0.0,0.0,0,0,9,1,3,3,30,NULL,190,74,14,1,2,48);
INSERT INTO "transactions_builty" VALUES(1237,'UTCL-348','2023-04-30','AGRAWAL KIRANA',150,6320536986,NULL,'for','cash',NULL,0.0,7.5,0.0,2680.0,0.0,0.0,30.0,0,0,1,1,1,1,18,3,121,35,6,1,3,1);
INSERT INTO "transactions_builty" VALUES(1238,'UTCL-349','2023-04-30','KAYNAT H/W',160,6320537055,NULL,'for','cash',NULL,0.0,8.0,0.0,0.0,0.0,0.0,0.0,0,0,1,1,1,1,18,NULL,121,35,6,1,3,1);
INSERT INTO "transactions_builty" VALUES(1239,'UTCL-350','2023-04-30','SAGAR TRADERS',150,6320536992,NULL,'for','cash',NULL,0.0,7.5,0.0,0.0,0.0,0.0,0.0,0,0,1,1,1,1,28,NULL,22,35,6,1,3,1);
INSERT INTO "transactions_builty" VALUES(1240,'UTCL-KHAM-860','2023-04-30','SHIVKRUPA H/W',400,6320537116,NULL,'for','online',NULL,370.0,20.0,7400.0,5500.0,0.0,1900.0,0.0,0,0,9,1,3,3,30,NULL,80,51,59,38,2,48);
INSERT INTO "transactions_builty" VALUES(1241,'UTCL-KHAM-861','2023-04-30','ROSHAN TRADERS',540,6320537139,NULL,'for','online',NULL,320.0,27.0,8640.0,8500.0,0.0,140.0,0.0,0,0,9,1,3,3,43,NULL,142,57,48,25,2,55);
INSERT INTO "transactions_builty" VALUES(1242,'UTCL-KHAM-862','2023-04-30','ROSHAN TRADERS',60,632053,NULL,'for','online',NULL,320.0,3.0,960.0,0.0,0.0,960.0,0.0,0,0,9,1,3,3,43,NULL,142,57,48,25,2,48);
INSERT INTO "transactions_builty" VALUES(1243,'UTCL-KHAM-863','2023-04-30','SOLANKE SALES',460,6320537155,NULL,'for','cash',NULL,0.0,23.0,0.0,2830.0,0.0,0.0,0.0,0,0,9,1,3,3,39,NULL,114,75,11,1,2,55);
INSERT INTO "transactions_builty" VALUES(1244,'UTCL-KHAM-864','2023-04-30','SOLANKE SALES',460,6320537160,NULL,'for','cash',NULL,0.0,23.0,0.0,2830.0,0.0,0.0,0.0,0,0,9,1,3,3,39,NULL,84,72,7,1,2,48);
INSERT INTO "transactions_builty" VALUES(1245,'STL-1','2023-04-12','ASHWINWI AGRO AGENCY',460,NULL,NULL,'for','cash',NULL,0.0,23.0,0.0,3010.0,0.0,0.0,35.0,0,0,23,1,5,9,124,3,296,90,6,1,5,273);
INSERT INTO "transactions_builty" VALUES(1246,'UTCL-KHAM-865','2023-04-30','AKASH KULSUNDER C/O CHINTAMANI T.C.',40,6320537161,NULL,'for','online',NULL,390.0,2.0,780.0,0.0,0.0,780.0,0.0,0,0,9,1,3,3,30,NULL,49,62,83,57,2,48);
INSERT INTO "transactions_builty" VALUES(1247,'UTCL-351','2023-05-01','GOVIND UDYOG AGENCY',460,6320537261,NULL,'for','cash',NULL,0.0,23.0,0.0,4110.0,0.0,0.0,65.0,0,0,1,1,1,1,7,3,10,6,12,1,3,1);
INSERT INTO "transactions_builty" VALUES(1248,'UTCL-KHAM-866','2023-05-01','THAKKAR H/W',560,6320537159,NULL,'for','online',NULL,370.0,28.0,10360.0,9000.0,0.0,1360.0,0.0,0,0,9,1,3,3,90,NULL,113,51,19,2,2,48);
INSERT INTO "transactions_builty" VALUES(1249,'UTCL-KHAM-867','2023-05-01','JAGRUTI CEMENT',100,6320537174,NULL,'for','online',NULL,300.0,5.0,1500.0,1000.0,0.0,500.0,0.0,0,0,9,1,3,3,30,NULL,125,44,68,45,2,48);
INSERT INTO "transactions_builty" VALUES(1250,'UTCL-KHAM-868','2023-05-01','HOTEL SAMRUDHI',50,6320537177,NULL,'for','online',NULL,280.0,2.5,700.0,4000.0,0.0,-3300.0,0.0,0,0,10,1,3,3,85,NULL,123,44,55,34,2,48);
INSERT INTO "transactions_builty" VALUES(1251,'UTCL-KHAM-869','2023-05-01','SAMADHAN CHOPDE',310,6320537182,NULL,'for','online',NULL,280.0,15.5,4340.0,0.0,0.0,4340.0,0.0,0,0,9,1,3,3,85,NULL,297,44,55,34,2,48);
INSERT INTO "transactions_builty" VALUES(1252,'UTCL-KHAM-870','2023-05-01','SHANKAR H/W',300,6320537190,NULL,'for','online',NULL,320.0,15.0,4800.0,3700.0,0.0,1100.0,0.0,0,0,9,1,3,3,30,NULL,155,80,92,32,2,48);
INSERT INTO "transactions_builty" VALUES(1253,'UTCL-KHAM-871','2023-05-01','GAJANAN MAHARAJ SANSTHAN',100,6320537213,NULL,'for','online',NULL,320.0,5.0,1600.0,1000.0,0.0,600.0,0.0,0,0,10,1,3,3,30,NULL,298,45,68,45,2,48);
INSERT INTO "transactions_builty" VALUES(1254,'UTCL-KHAM-872','2023-05-01','TAPESHWARI TRADERS',100,6320537167,NULL,'for','online',NULL,360.0,5.0,1800.0,1000.0,0.0,800.0,0.0,0,0,9,1,3,3,30,NULL,233,50,80,56,2,48);
INSERT INTO "transactions_builty" VALUES(1255,'UTCL-KHAM-873','2023-05-01','GOVIND TRADERS',300,6320537189,NULL,'for','online',NULL,400.0,15.0,6000.0,4600.0,0.0,1400.0,0.0,0,0,9,1,3,3,30,NULL,63,51,63,41,2,48);
INSERT INTO "transactions_builty" VALUES(1256,'UTCL-KHAM-874','2023-05-01','VIJAYA DEVELAPERS',100,6320537265,NULL,'for','online',NULL,340.0,5.0,1700.0,1000.0,0.0,700.0,0.0,0,0,9,1,3,3,30,NULL,70,44,80,56,2,48);
INSERT INTO "transactions_builty" VALUES(1257,'UTCL-352','2023-05-01','GOVIND UDYOG AGENCY',200,6320537267,NULL,'for','cash',NULL,0.0,10.0,0.0,0.0,0.0,0.0,0.0,0,0,1,1,1,1,7,NULL,10,6,12,1,3,1);
INSERT INTO "transactions_builty" VALUES(1258,'UTCL-KHAM-875','2023-05-01','DHANAJAY PATIL',100,6320537166,NULL,'for','online',NULL,320.0,5.0,1600.0,1000.0,0.0,600.0,0.0,0,0,10,1,3,3,60,NULL,128,63,113,81,2,48);
INSERT INTO "transactions_builty" VALUES(1259,'UTCL-KHAM-876','2023-05-01','BHAGYODAY TRADERS',200,6320537175,NULL,'for','online',NULL,280.0,10.0,2800.0,3600.0,0.0,-800.0,0.0,0,0,9,1,3,3,24,NULL,69,56,61,32,2,48);
INSERT INTO "transactions_builty" VALUES(1260,'UTCL-KHAM-877','2023-05-01','AKASH DEVLE',100,6320537176,NULL,'for','online',NULL,280.0,5.0,1400.0,0.0,0.0,1400.0,0.0,0,0,9,1,3,3,24,NULL,86,56,61,32,2,48);
INSERT INTO "transactions_builty" VALUES(1261,'UTCL-KHAM-878','2023-05-01','BHAGYODAY TRADERS',60,6320537225,NULL,'for','online',NULL,280.0,3.0,840.0,0.0,0.0,840.0,0.0,0,0,9,1,3,3,24,NULL,69,56,61,32,2,48);
INSERT INTO "transactions_builty" VALUES(1262,'UTCL-353','2023-05-01','VIABHAV KORDE',340,6320537212,NULL,'for','cash',NULL,0.0,17.0,0.0,1970.0,0.0,0.0,40.0,0,0,1,1,1,1,8,3,43,52,17,1,3,1);
INSERT INTO "transactions_builty" VALUES(1263,'UTCL-354','2023-05-01','NYANDEV AMBALKAR',460,6320537106,NULL,'for','cash',NULL,0.0,23.0,0.0,2680.0,0.0,0.0,45.0,0,0,1,1,1,1,8,3,18,29,3,1,3,1);
INSERT INTO "transactions_builty" VALUES(1264,'UTCL-355','2023-05-01','BHARAT TRADERS',460,6320537283,NULL,'for','cash',NULL,0.0,23.0,0.0,2680.0,0.0,0.0,45.0,0,0,1,1,1,1,18,3,82,36,4,1,3,1);
INSERT INTO "transactions_builty" VALUES(1265,'UTCL-356','2023-05-01','SHREE VYANKATESH ERIGATION',200,6320537260,NULL,'for','cash',NULL,0.0,10.0,0.0,2780.0,0.0,0.0,50.0,0,0,3,1,1,1,12,3,3,1,10,1,3,1);
INSERT INTO "transactions_builty" VALUES(1266,'UTCL-357','2023-05-01','SHREE VYANKATESH ERIGATION',260,6320537259,NULL,'for','cash',NULL,0.0,13.0,0.0,0.0,0.0,0.0,0.0,0,0,1,1,1,1,12,NULL,3,1,10,1,3,1);
INSERT INTO "transactions_builty" VALUES(1267,'UTCL-KHAM-879','2023-05-01','GANESH K.K,.',75,6320537226,NULL,'for','online',NULL,320.0,3.75,1200.0,1000.0,0.0,200.0,0.0,0,0,10,1,3,3,30,NULL,298,45,68,45,2,48);
INSERT INTO "transactions_builty" VALUES(1268,'UTCL-KHAM-880','2023-05-01','GANESH K.K,.',25,6320537227,NULL,'for','online',NULL,320.0,1.25,400.0,0.0,0.0,400.0,0.0,0,0,9,1,3,3,30,NULL,298,45,68,45,2,48);
INSERT INTO "transactions_builty" VALUES(1269,'UTCL-KHAM-881','2023-05-01','VAIBHAV TRADERS',200,6320537262,NULL,'for','online',NULL,360.0,10.0,3600.0,5500.0,0.0,-1900.0,0.0,0,0,9,1,3,3,45,NULL,75,51,83,57,2,48);
INSERT INTO "transactions_builty" VALUES(1270,'UTCL-KHAM-882','2023-05-01','VAIBHAV TRADERS',200,6320537263,NULL,'for','online',NULL,360.0,10.0,3600.0,0.0,0.0,3600.0,0.0,0,0,10,1,3,3,45,NULL,75,51,83,57,2,48);
INSERT INTO "transactions_builty" VALUES(1271,'UTCL-KHAM-883','2023-05-01','BALAJI SALES',400,6320537257,NULL,'for','online',NULL,370.0,20.0,7400.0,5500.0,0.0,1900.0,0.0,0,0,10,1,3,3,75,NULL,92,74,59,38,2,48);
INSERT INTO "transactions_builty" VALUES(1272,'UTCL-KHAM-884','2023-05-01','ABHI TRADERS C/O BHASKAR JADHAV',600,6320537277,NULL,'for','online',NULL,320.0,30.0,9600.0,9000.0,0.0,600.0,0.0,0,0,9,1,3,3,43,NULL,207,83,131,100,2,48);
INSERT INTO "transactions_builty" VALUES(1273,'UTCL-KHAM-885','2023-05-01','SHRI MIRGE',200,6320537201,NULL,'for','cash',NULL,0.0,10.0,0.0,1800.0,0.0,0.0,0.0,0,0,9,1,3,3,23,NULL,299,50,14,1,2,48);
INSERT INTO "transactions_builty" VALUES(1274,'UTCL-KHAM-886','2023-05-01','SHRI GIRI',100,6320537224,NULL,'for','cash',NULL,0.0,5.0,0.0,0.0,0.0,0.0,0.0,0,0,9,1,3,3,23,NULL,161,50,14,1,2,48);
INSERT INTO "transactions_builty" VALUES(1275,'UTCL-KHAM-887','2023-05-01','GANESH WAGH',460,6320537187,NULL,'for','online',NULL,440.0,23.0,10120.0,0.0,0.0,10120.0,0.0,0,0,9,1,3,3,39,NULL,241,75,72,49,2,48);
INSERT INTO "transactions_builty" VALUES(1276,'UTCL-KHAM-888','2023-05-01','BHADRAMAROTI TRADERS',600,6320537196,NULL,'for','online',NULL,530.0,30.0,15900.0,12000.0,0.0,3900.0,0.0,0,0,9,1,3,3,72,NULL,134,77,117,86,2,48);
INSERT INTO "transactions_builty" VALUES(1277,'UTCL-KHAM-889','2023-05-01','BHADRAMAROTI TRADERS',40,6320537286,NULL,'for','online',NULL,530.0,2.0,1060.0,0.0,0.0,1060.0,0.0,0,0,9,1,3,3,72,NULL,134,77,117,86,2,48);
INSERT INTO "transactions_builty" VALUES(1278,'UTCL-KHAM-890','2023-05-01','SAIKRUPA H/W',600,6320537208,NULL,'for','online',NULL,380.0,30.0,11400.0,8000.0,0.0,3400.0,0.0,0,0,9,1,3,3,79,NULL,105,74,70,47,2,48);
INSERT INTO "transactions_builty" VALUES(1279,'UTCL-KHAM-891','2023-05-01','RATNSAGAR TRADERS',600,6320537197,NULL,'for','cash',NULL,0.0,30.0,0.0,4030.0,0.0,0.0,0.0,0,0,9,1,3,3,112,NULL,134,77,13,1,2,48);
INSERT INTO "transactions_builty" VALUES(1280,'UTCL-KHAM-892','2023-05-01','OSWAL STEEL',460,6320537192,NULL,'for','cash',NULL,0.0,23.0,0.0,2930.0,0.0,0.0,0.0,0,0,9,1,3,3,38,NULL,84,72,8,1,2,48);
INSERT INTO "transactions_builty" VALUES(1281,'UTCL-KHAM-893','2023-05-01','SHRI OM TRADERS',260,6320537193,NULL,'for','cash',NULL,0.0,13.0,0.0,2930.0,0.0,0.0,0.0,0,0,9,1,3,3,76,NULL,83,48,11,1,2,48);
INSERT INTO "transactions_builty" VALUES(1282,'UTCL-KHAM-894','2023-05-01','SHRI OM TRADERS',200,NULL,NULL,'for','cash',NULL,0.0,10.0,0.0,0.0,0.0,0.0,0.0,0,0,10,1,3,3,76,NULL,83,48,11,1,2,48);
INSERT INTO "transactions_builty" VALUES(1283,'UTCL-KHAM-895','2023-05-01','MAHARASHTRA TRADERS',500,6320537191,NULL,'for','online',NULL,530.0,25.0,13250.0,17000.0,0.0,-3750.0,0.0,0,0,9,1,3,3,74,NULL,134,77,222,197,2,48);
INSERT INTO "transactions_builty" VALUES(1284,'UTCL-KHAM-896','2023-05-01','SHRINIWAS H/W',200,6320537232,NULL,'for','online',NULL,530.0,10.0,5300.0,0.0,0.0,5300.0,0.0,0,0,9,1,3,3,30,NULL,99,77,222,197,2,48);
INSERT INTO "transactions_builty" VALUES(1285,'UTCL-KHAM-897','2023-05-01','SHIVSEVA K.K.',600,6320537231,NULL,'for','online',NULL,540.0,30.0,16200.0,15000.0,0.0,1200.0,0.0,0,0,9,1,3,3,30,NULL,300,78,120,89,2,48);
INSERT INTO "transactions_builty" VALUES(1286,'UTCL-KHAM-898','2023-05-01','VIVEK MEDICAL',560,6320537230,NULL,'for','online',NULL,540.0,28.0,15120.0,14000.0,0.0,1120.0,0.0,0,0,9,1,3,3,30,NULL,301,78,57,36,2,48);
INSERT INTO "transactions_builty" VALUES(1287,'UTCL-KHAM-899','2023-05-01','VISHWAKARMA SALES',560,6320537222,NULL,'for','online',NULL,360.0,28.0,10080.0,8500.0,0.0,1580.0,0.0,0,0,9,1,3,3,47,NULL,200,74,188,158,2,48);
INSERT INTO "transactions_builty" VALUES(1288,'UTCL-KHAM-900','2023-05-01','FAZAL SALES',600,6320537288,NULL,'for','online',NULL,300.0,30.0,9000.0,8000.0,0.0,1000.0,0.0,0,0,9,1,3,3,42,NULL,50,57,212,187,2,48);
INSERT INTO "transactions_builty" VALUES(1289,'UTCL-KHAM-901','2023-05-01','SAMRAT HARDWARE DEULGAON MAHI',560,6320537288,NULL,'for','online',NULL,500.0,28.0,14000.0,13000.0,0.0,1000.0,0.0,0,0,9,1,3,3,142,NULL,98,68,139,107,2,48);
INSERT INTO "transactions_builty" VALUES(1290,'UTCL-KHAM-902','2023-05-01','KRISHNAKRUPA SALES',360,6320537280,NULL,'for','online',NULL,370.0,18.0,6660.0,5500.0,0.0,1160.0,0.0,0,0,9,1,3,3,46,NULL,92,74,49,26,2,48);
INSERT INTO "transactions_builty" VALUES(1291,'UTCL-KHAM-903','2023-05-01','NASIM THEKEDAR',100,6320537229,NULL,'for','online',NULL,340.0,5.0,1700.0,1000.0,0.0,700.0,0.0,0,0,9,1,3,3,30,NULL,123,44,60,39,2,48);
INSERT INTO "transactions_builty" VALUES(1292,'UTCL-KHAM-904','2023-05-01','SAMRAT HARDWARE',600,6320537289,NULL,'for','online',NULL,550.0,30.0,16500.0,15500.0,0.0,1000.0,0.0,0,0,9,1,3,3,142,NULL,83,48,216,191,2,48);
INSERT INTO "transactions_builty" VALUES(1293,'UTCL-KHAM-905','2023-05-01','VINOD AMBHORE',100,6320537228,NULL,'for','online',NULL,340.0,5.0,1700.0,1000.0,0.0,700.0,0.0,0,0,9,1,3,3,30,NULL,227,44,80,56,2,48);
INSERT INTO "transactions_builty" VALUES(1294,'UTCL-KHAM-906','2023-05-01','ROSHAN TRADERS C/O MAHAJAN PATIL',600,6320537278,NULL,'for','online',NULL,320.0,30.0,9600.0,9000.0,0.0,600.0,0.0,0,0,9,1,3,3,43,NULL,215,71,223,198,2,48);
INSERT INTO "transactions_builty" VALUES(1295,'UTCL-KHAM-907','2023-05-01','KAMAL AGENCY',360,6320537284,NULL,'for','online',NULL,380.0,18.0,6840.0,5500.0,0.0,1340.0,0.0,0,0,9,1,3,3,78,NULL,79,43,55,34,2,48);
INSERT INTO "transactions_builty" VALUES(1296,'UTCL-KHAM-908','2023-05-01','VICRAM AGRO',500,6320537185,NULL,'for','cash',NULL,0.0,25.0,0.0,3900.0,0.0,0.0,0.0,0,0,9,1,3,3,65,NULL,205,75,5,1,2,48);
INSERT INTO "transactions_builty" VALUES(1297,'UTCL-KHAM-909','2023-05-01','JANTA TRADERS',100,632053,NULL,'for','cash',NULL,0.0,5.0,0.0,0.0,0.0,0.0,0.0,0,0,9,1,3,3,65,NULL,95,75,5,1,2,48);
INSERT INTO "transactions_builty" VALUES(1298,'UTCL-KHAM-910','2023-05-01','BHARAT TILES',560,63205372,NULL,'for','online',NULL,350.0,28.0,9800.0,8500.0,0.0,1300.0,0.0,0,0,9,1,3,3,43,NULL,215,71,224,199,2,48);
INSERT INTO "transactions_builty" VALUES(1299,'UTCL-KHAM-911','2023-05-02','SURESH KOLTOLE',110,6320537302,NULL,'for','online',NULL,320.0,5.5,1760.0,1000.0,0.0,760.0,0.0,0,0,9,1,3,3,30,NULL,256,45,68,45,2,48);
INSERT INTO "transactions_builty" VALUES(1300,'UTCL-KHAM-912','2023-05-02','AMAR CEMENT HOUSE',440,6320537186,NULL,'for','online',NULL,440.0,22.0,9680.0,0.0,0.0,9680.0,0.0,0,0,9,1,3,3,39,NULL,303,75,71,49,2,48);
INSERT INTO "transactions_builty" VALUES(1301,'UTCL-KHAM-913','2023-05-02','SAMEER STEEL',100,6320537299,NULL,'for','online',NULL,360.0,5.0,1800.0,1000.0,0.0,800.0,0.0,0,0,9,1,3,3,30,NULL,304,45,60,39,2,48);
INSERT INTO "transactions_builty" VALUES(1302,'UTCL-358','2023-05-02','DATTA TRADERS- ALEGAON',460,6320537317,NULL,'for','online',NULL,380.0,23.0,8740.0,7500.0,0.0,1240.0,0.0,0,0,1,1,1,1,18,NULL,47,37,138,17,3,1);
INSERT INTO "transactions_builty" VALUES(1303,'UTCL-359','2023-05-02','KRUPASINDHU CEMENT',460,6320537319,NULL,'for','cash',NULL,0.0,23.0,0.0,2760.0,0.0,0.0,35.0,0,0,1,1,1,1,9,3,305,92,1,1,3,1);
INSERT INTO "transactions_builty" VALUES(1304,'UTCL-360','2023-05-02','GANESH TRADERS',600,6320537323,NULL,'for','cash',NULL,0.0,30.0,0.0,3800.0,0.0,0.0,27.0,0,0,1,1,1,1,50,2,42,39,9,1,3,1);
INSERT INTO "transactions_builty" VALUES(1305,'UTCL-KHAM-914','2023-05-02','ADINATH AGENCY',170,6320537321,NULL,'for','cash',NULL,0.0,8.5,0.0,1800.0,0.0,0.0,0.0,0,0,9,1,3,3,23,NULL,52,58,14,1,2,48);
INSERT INTO "transactions_builty" VALUES(1306,'UTCL-KHAM-915','2023-05-02','ADINATH AGENCY',130,6320537322,NULL,'for','cash',NULL,0.0,6.5,0.0,0.0,0.0,0.0,0.0,0,0,10,1,3,3,23,NULL,52,58,14,1,2,48);
INSERT INTO "transactions_builty" VALUES(1307,'UTCL-KHAM-916','2023-05-02','BALU SONONE',100,6320537301,NULL,'for','online',NULL,340.0,5.0,1700.0,1000.0,0.0,700.0,0.0,0,0,9,1,3,3,30,NULL,103,66,80,56,2,48);
INSERT INTO "transactions_builty" VALUES(1308,'UTCL-KHAM-917','2023-05-02','MAULI CEMENT',100,6320537324,NULL,'for','online',NULL,340.0,5.0,1700.0,1000.0,0.0,700.0,0.0,0,0,9,1,3,3,30,NULL,125,44,80,56,2,48);
INSERT INTO "transactions_builty" VALUES(1309,'UTCL-KHAM-918','2023-05-02','JABBAR SAHEB',100,6320537258,NULL,'for','online',NULL,320.0,5.0,1600.0,1000.0,0.0,600.0,0.0,0,0,9,1,3,3,33,NULL,110,45,225,200,2,48);
INSERT INTO "transactions_builty" VALUES(1310,'UTCL-KHAM-919','2023-05-02','SHAIKH JAKIR',100,6320537306,NULL,'for','online',NULL,300.0,5.0,1500.0,1000.0,0.0,500.0,0.0,0,0,9,1,3,3,30,NULL,72,44,68,45,2,48);
INSERT INTO "transactions_builty" VALUES(1311,'UTCL-361','2023-05-02','ARUN RAUT',150,6320537354,NULL,'for','online',NULL,350.0,7.5,2625.0,2000.0,0.0,625.0,0.0,0,0,1,1,1,1,13,NULL,284,6,54,17,3,1);
INSERT INTO "transactions_builty" VALUES(1312,'UTCL-362','2023-05-02','GOVIND UDYOG AGENCY',150,6320537356,NULL,'for','online',NULL,350.0,7.5,2625.0,2000.0,0.0,625.0,0.0,0,0,1,1,1,1,7,NULL,10,6,54,17,3,1);
INSERT INTO "transactions_builty" VALUES(1313,'UTCL-KHAM-920','2023-05-02','KISAN K.K. C/O ANANTA SABE',100,6320537306,NULL,'for','online',NULL,320.0,5.0,1600.0,1000.0,0.0,600.0,0.0,0,0,9,1,3,3,30,NULL,111,50,68,45,2,48);
INSERT INTO "transactions_builty" VALUES(1314,'UTCL-KHAM-921','2023-05-02','UTKARSH BUILDING MATERIAL',600,6320537331,NULL,'for','online',NULL,380.0,30.0,11400.0,10000.0,0.0,1400.0,0.0,0,0,9,1,3,3,56,NULL,65,51,50,31,2,48);
INSERT INTO "transactions_builty" VALUES(1315,'UTCL-KHAM-922','2023-05-02','SHRI AWAJISIDDHA BUILDING MATERIAL',200,6320537340,NULL,'for','online',NULL,400.0,10.0,4000.0,5700.0,0.0,-1700.0,0.0,0,0,9,1,3,3,45,NULL,102,51,83,57,2,48);
INSERT INTO "transactions_builty" VALUES(1316,'UTCL-KHAM-923','2023-05-02','A.V. PATIL',200,6320537341,NULL,'for','online',NULL,400.0,10.0,4000.0,0.0,0.0,4000.0,0.0,0,0,9,1,3,3,45,NULL,157,51,83,57,2,48);
INSERT INTO "transactions_builty" VALUES(1317,'UTCL-363','2023-05-02','MAHARSHI WALMIKI H/W',200,6320537339,NULL,'for','online',NULL,320.0,10.0,3200.0,0.0,0.0,3200.0,0.0,0,0,3,1,1,1,28,NULL,44,53,226,201,3,1);
INSERT INTO "transactions_builty" VALUES(1318,'UTCL-KHAM-924','2023-05-02','SOMNATH KIRANA',500,6320537335,NULL,'for','online',NULL,390.0,25.0,9750.0,8500.0,0.0,1250.0,0.0,0,0,9,1,3,3,39,NULL,194,72,227,202,2,48);
INSERT INTO "transactions_builty" VALUES(1319,'UTCL-KHAM-925','2023-05-02','PRAKASH STEEL',600,6320537320,NULL,'for','online',NULL,400.0,30.0,12000.0,11000.0,0.0,1000.0,0.0,0,0,9,1,3,3,41,NULL,84,72,123,92,2,48);
INSERT INTO "transactions_builty" VALUES(1320,'UTCL-364','2023-05-02','SERVESH DINKAR',600,6320537305,NULL,'for','cash',NULL,0.0,30.0,0.0,3800.0,0.0,0.0,40.0,0,0,1,1,1,1,141,3,4,2,10,1,3,1);
INSERT INTO "transactions_builty" VALUES(1321,'UTCL-KHAM-926','2023-05-02','DATTATRAT JAWALKAR',50,6320537325,NULL,'for','online',NULL,0.0,2.5,0.0,1230.0,0.0,0.0,0.0,0,0,9,1,3,3,32,NULL,306,45,14,1,2,48);
INSERT INTO "transactions_builty" VALUES(1322,'UTCL-KHAM-927','2023-05-02','DATTATRAT JAWALKAR',150,6320537326,NULL,'for','cash',NULL,0.0,7.5,0.0,0.0,0.0,0.0,0.0,0,0,10,1,3,3,32,NULL,306,45,14,1,2,48);
INSERT INTO "transactions_builty" VALUES(1323,'UTCL-KHAM-928','2023-05-02','SANSKRUTI CONSTRATION',640,6320537344,NULL,'for','online',NULL,550.0,32.0,17600.0,16000.0,0.0,1600.0,0.0,0,0,9,1,3,3,61,NULL,56,43,117,86,2,48);
INSERT INTO "transactions_builty" VALUES(1324,'UTCL-KHAM-929','2023-05-02','KISHOR BELOKAR',80,632053351,NULL,'for','online',NULL,300.0,4.0,1200.0,0.0,0.0,1200.0,0.0,0,0,10,1,3,3,33,NULL,112,44,225,200,2,48);
INSERT INTO "transactions_builty" VALUES(1325,'UTCL-365','2023-05-02','NAYAMATKHAN KAYAMAT KHAN',240,6320537375,NULL,'for','cash',NULL,0.0,12.0,0.0,2140.0,0.0,0.0,35.0,0,0,1,1,1,1,7,2,33,18,16,1,3,20);
INSERT INTO "transactions_builty" VALUES(1326,'UTCL-366','2023-05-02','NAYAMATKHAN KAYAMAT KHAN',100,6320537363,NULL,'for','cash',NULL,0.0,5.0,0.0,0.0,0.0,0.0,0.0,0,0,1,1,1,1,7,NULL,33,18,16,1,3,20);
INSERT INTO "transactions_builty" VALUES(1327,'UTCL-367','2023-05-02','NAVATRE H/W',380,6320537376,NULL,'for','cash',NULL,0.0,19.0,0.0,3800.0,0.0,0.0,25.0,0,0,1,1,1,1,53,2,42,39,4,1,3,1);
INSERT INTO "transactions_builty" VALUES(1328,'UTCL-368','2023-05-02','NAV',220,6320537377,NULL,'for','cash',NULL,0.0,11.0,0.0,0.0,0.0,0.0,0.0,0,0,1,1,1,1,53,NULL,42,39,4,1,3,20);
INSERT INTO "transactions_builty" VALUES(1329,'UTCL-KHAM-930','2023-05-02','SWAGAT H/W',500,6320537361,NULL,'for','online',NULL,500.0,25.0,12500.0,10500.0,0.0,2000.0,0.0,0,0,9,1,3,3,73,NULL,117,78,96,66,2,48);
INSERT INTO "transactions_builty" VALUES(1330,'UTCL-KHAM-931','2023-05-02','SWAGAT H/W',60,6320537380,NULL,'for','online',NULL,500.0,3.0,1500.0,0.0,0.0,1500.0,0.0,0,0,9,1,3,3,73,NULL,117,78,96,66,2,48);
INSERT INTO "transactions_builty" VALUES(1331,'UTCL-KHAM-932','2023-05-02','BABA TRADERS',100,6320537382,NULL,'for','online',NULL,340.0,5.0,1700.0,1000.0,0.0,700.0,0.0,0,0,9,1,3,3,30,NULL,123,44,103,39,2,48);
INSERT INTO "transactions_builty" VALUES(1332,'UTCL-KHAM-933','2023-05-02','ANMOL K.K.',300,6320537381,NULL,'for','cash',NULL,330.0,15.0,4950.0,0.0,0.0,4950.0,0.0,0,0,9,1,3,3,30,NULL,87,73,63,41,2,48);
INSERT INTO "transactions_builty" VALUES(1333,'UTCL-KHAM-934','2023-05-02','GURUKRUPA H/W',360,6320537337,NULL,'for','online',NULL,420.0,18.0,7560.0,5500.0,0.0,2060.0,0.0,0,0,9,1,3,3,39,NULL,211,43,55,34,2,48);
INSERT INTO "transactions_builty" VALUES(1334,'UTCL-KHAM-935','2023-05-02','SWAGAT H/W',500,6320537361,NULL,'for','online',NULL,500.0,25.0,12500.0,10500.0,0.0,2000.0,0.0,0,0,9,1,3,3,73,NULL,117,78,96,66,2,48);
INSERT INTO "transactions_builty" VALUES(1335,'UTCL-KHAM-936','2023-05-02','SWAGAT H/W',60,6320537380,NULL,'for','online',NULL,500.0,3.0,1500.0,0.0,0.0,1500.0,0.0,0,0,9,1,3,3,73,NULL,117,78,96,66,2,48);
INSERT INTO "transactions_builty" VALUES(1336,'UTCL-KHAM-937','2023-05-02','BABA TRADERS',100,6320537382,NULL,'for','online',NULL,340.0,5.0,1700.0,1000.0,0.0,700.0,0.0,0,0,10,1,3,3,30,NULL,123,44,103,39,2,48);
INSERT INTO "transactions_builty" VALUES(1337,'UTCL-369','2023-05-03','RAJESH DAHATRE',200,6320537414,NULL,'for','cash',NULL,0.0,10.0,0.0,2100.0,0.0,0.0,22.0,0,0,1,1,1,1,55,2,47,37,17,1,3,20);
INSERT INTO "transactions_builty" VALUES(1338,'UTCL-370','2023-05-03','RAJESH DAHATRE',140,6320537415,NULL,'for','cash',NULL,0.0,7.0,0.0,0.0,0.0,0.0,0.0,0,0,1,1,1,1,55,NULL,47,37,17,1,3,20);
INSERT INTO "transactions_builty" VALUES(1339,'UTCL-KHAM-938','2023-05-02','ANMOL K.K.',300,6320537381,NULL,'for','online',NULL,330.0,15.0,4950.0,3500.0,0.0,1450.0,0.0,0,0,9,1,3,3,30,NULL,87,73,63,41,2,48);
INSERT INTO "transactions_builty" VALUES(1340,'UTCL-KHAM-939','2023-05-03','ANIL PADWAL',200,6320537188,NULL,'for','cash',NULL,0.0,10.0,0.0,1300.0,0.0,0.0,0.0,0,0,9,1,3,3,32,NULL,64,45,14,1,2,48);
INSERT INTO "transactions_builty" VALUES(1341,'UTCL-KHAM-940','2023-05-03','VASANTA NAMDEO MOHALE',100,6320537395,NULL,'for','online',NULL,300.0,5.0,1500.0,1000.0,0.0,500.0,0.0,0,0,9,1,3,3,30,NULL,307,44,68,45,2,48);
INSERT INTO "transactions_builty" VALUES(1342,'UTCL-KHAM-941','2023-05-03','PRIYA H/W',240,6320537393,NULL,'for','cash',NULL,0.0,12.0,0.0,1900.0,0.0,0.0,0.0,0,0,9,1,3,3,69,NULL,105,74,14,1,2,48);
INSERT INTO "transactions_builty" VALUES(1343,'UTCL-KHAM-942','2023-05-03','PRIYA H/W',60,6320537394,NULL,'for','online',NULL,0.0,3.0,0.0,0.0,0.0,0.0,0.0,0,0,10,1,3,3,69,NULL,105,74,14,1,2,48);
INSERT INTO "transactions_builty" VALUES(1344,'STL-2','2023-04-14','CHITLANGE AGRO',260,NULL,NULL,'for','online',NULL,360.0,13.0,4680.0,4000.0,0.0,680.0,0.0,0,0,22,1,5,9,124,NULL,308,93,228,10,5,274);
INSERT INTO "transactions_builty" VALUES(1345,'UTCL-KHAM-943','2023-05-03','BHAGYODAY TRADERS',200,6320537403,NULL,'for','online',NULL,280.0,10.0,2800.0,3200.0,0.0,-400.0,0.0,0,0,9,1,3,3,24,NULL,69,56,94,64,2,48);
INSERT INTO "transactions_builty" VALUES(1346,'STL-3','2023-04-14','CHITLANGE H/W',260,NULL,NULL,'for','online',NULL,360.0,13.0,4680.0,4000.0,0.0,680.0,0.0,0,0,22,1,5,9,124,NULL,308,93,228,10,5,274);
INSERT INTO "transactions_builty" VALUES(1347,'UTCL-KHAM-944','2023-05-03','DIPAK ENTERPRISES',100,6320537404,NULL,'for','online',NULL,280.0,5.0,1400.0,0.0,0.0,1400.0,0.0,0,0,9,1,3,3,24,NULL,138,56,94,64,2,48);
INSERT INTO "transactions_builty" VALUES(1348,'STL-4','2023-04-14','DHANUSH AGRO',520,NULL,NULL,'for','cash',NULL,0.0,26.0,0.0,3370.0,0.0,0.0,25.0,0,0,22,1,5,9,124,3,309,94,4,1,5,274);
INSERT INTO "transactions_builty" VALUES(1349,'UTCL-KHAM-945','2023-05-03','KAILASH KHANDERAO',100,6320537391,NULL,'for','online',NULL,340.0,5.0,1700.0,1000.0,0.0,700.0,0.0,0,0,10,1,3,3,30,NULL,267,44,80,56,2,48);
INSERT INTO "transactions_builty" VALUES(1350,'STL-5','2023-04-14','AGRIVISION AGRI CENTRE',280,NULL,NULL,'for','online',NULL,340.0,14.0,4760.0,4000.0,0.0,760.0,0.0,0,0,22,1,5,9,124,NULL,310,95,204,170,5,274);
INSERT INTO "transactions_builty" VALUES(1351,'UTCL-KHAM-946','2023-05-03','NIRAJ TRADERS',210,6320537409,NULL,'for','online',NULL,360.0,10.5,3780.0,2500.0,0.0,1280.0,0.0,0,0,9,1,3,3,47,NULL,75,51,229,203,2,48);
INSERT INTO "transactions_builty" VALUES(1352,'STL-6','2023-04-14','GAJANAN KSK',175,NULL,NULL,'for','online',NULL,340.0,7.0,2380.0,2000.0,0.0,380.0,0.0,0,0,25,1,5,9,124,NULL,310,95,204,170,5,274);
INSERT INTO "transactions_builty" VALUES(1353,'STL-7','2023-04-14','ANKIT K K',260,NULL,NULL,'for','cash',NULL,0.0,13.0,0.0,3010.0,0.0,0.0,32.0,0,0,22,1,5,8,137,3,311,96,7,1,5,274);
INSERT INTO "transactions_builty" VALUES(1354,'STL-8','2023-04-14','ANKIT K K',200,NULL,NULL,'for','cash',NULL,0.0,10.0,0.0,0.0,0.0,0.0,0.0,0,0,24,1,5,8,137,NULL,311,96,7,1,5,274);
INSERT INTO "transactions_builty" VALUES(1355,'STL-9','2023-04-14','GAJANAN AGRO AGENCY',500,NULL,NULL,'for','online',NULL,520.0,25.0,13000.0,11000.0,0.0,2000.0,0.0,0,0,22,1,5,7,129,NULL,312,97,171,137,5,274);
INSERT INTO "transactions_builty" VALUES(1356,'STL-10','2023-04-14','DHANLAXMI K K',500,NULL,NULL,'for','online',NULL,380.0,25.0,9500.0,4500.0,0.0,5000.0,0.0,0,0,22,1,5,9,124,NULL,310,95,230,112,5,274);
INSERT INTO "transactions_builty" VALUES(1357,'STL-11','2023-04-14','BALIRAJA K K',500,NULL,NULL,'for','online',NULL,520.0,25.0,13000.0,11000.0,0.0,2000.0,0.0,0,0,22,1,5,7,129,NULL,312,97,231,112,5,274);
INSERT INTO "transactions_builty" VALUES(1358,'STL-12','2023-04-14','ANVI K K',340,NULL,NULL,'for','cash',NULL,0.0,17.0,0.0,2910.0,0.0,0.0,25.0,0,0,22,1,5,9,124,3,313,98,6,1,5,274);
INSERT INTO "transactions_builty" VALUES(1359,'STL-13','2023-04-14','ANVI KK',120,NULL,NULL,'for','cash',NULL,0.0,6.0,0.0,0.0,0.0,0.0,0.0,0,0,24,1,5,9,124,NULL,313,98,6,1,5,274);
INSERT INTO "transactions_builty" VALUES(1360,'STL-14','2023-04-14','VAISHNAVI K S K',460,NULL,NULL,'for','cash',NULL,0.0,23.0,0.0,3010.0,0.0,0.0,22.0,0,0,22,1,5,9,124,3,308,93,1,1,5,274);
INSERT INTO "transactions_builty" VALUES(1361,'STL-15','2023-04-14','GANESH AGRO CENTRE',500,NULL,NULL,'for','online',NULL,450.0,25.0,11250.0,9250.0,0.0,2000.0,0.0,0,0,22,1,5,7,131,NULL,314,99,169,132,5,274);
INSERT INTO "transactions_builty" VALUES(1362,'STL-16','2023-04-14','JAI AMBAY K S K',500,NULL,NULL,'for','online',NULL,450.0,25.0,11250.0,9250.0,0.0,2000.0,0.0,0,0,22,1,5,7,131,NULL,314,99,168,135,5,274);
INSERT INTO "transactions_builty" VALUES(1363,'STL-17','2023-04-14','JAGDAMBA K S K',200,NULL,NULL,'for','online',NULL,370.0,10.0,3700.0,3000.0,0.0,700.0,0.0,0,0,22,1,5,9,124,NULL,315,100,144,110,5,274);
INSERT INTO "transactions_builty" VALUES(1364,'STL-18','2023-04-14','JAI GAJANAN K S K',200,NULL,NULL,'for','online',NULL,370.0,10.0,3700.0,3000.0,0.0,700.0,0.0,0,0,22,1,5,9,124,NULL,315,100,144,110,5,274);
INSERT INTO "transactions_builty" VALUES(1365,'STL-19','2023-04-14','VARSHA K S K',440,NULL,NULL,'for','online',NULL,520.0,22.0,11440.0,10000.0,0.0,1440.0,0.0,0,0,22,1,5,7,134,NULL,312,97,170,136,5,274);
INSERT INTO "transactions_builty" VALUES(1366,'STL-20','2023-04-14','GAJANAN K S K',400,NULL,NULL,'for','online',NULL,500.0,20.0,10000.0,8000.0,0.0,2000.0,0.0,0,0,22,1,5,7,132,NULL,316,101,167,118,5,274);
INSERT INTO "transactions_builty" VALUES(1367,'STL-21','2023-04-14','VIKAS AGRO CENTRE',240,NULL,NULL,'for','online',NULL,500.0,12.0,6000.0,5000.0,0.0,1000.0,0.0,0,0,24,1,5,7,134,NULL,317,102,166,134,5,274);
INSERT INTO "transactions_builty" VALUES(1368,'STL-22','2023-04-14','VIKAS AGRO CENTRE',275,NULL,NULL,'for','online',NULL,500.0,11.0,5500.0,4500.0,0.0,1000.0,0.0,0,0,25,1,5,7,134,NULL,317,102,166,134,5,274);
INSERT INTO "transactions_builty" VALUES(1369,'STL-23','2023-04-14','SHREE BALAJI SHETKARI KENDRA',300,NULL,NULL,'for','online',NULL,510.0,15.0,7650.0,6000.0,0.0,1650.0,0.0,0,0,22,1,5,8,138,NULL,318,103,106,74,5,274);
INSERT INTO "transactions_builty" VALUES(1370,'STL-24','2023-04-14','S.KUMAR AGRO',200,NULL,NULL,'for','online',NULL,510.0,10.0,5100.0,4000.0,0.0,1100.0,0.0,0,0,22,1,5,8,143,NULL,318,103,106,74,5,274);
INSERT INTO "transactions_builty" VALUES(1371,'STL-25','2023-04-14','RELESHWAR K S K',600,NULL,NULL,'for','cash',NULL,0.0,30.0,0.0,3800.0,0.0,0.0,32.0,0,0,22,1,5,9,124,2,319,104,12,1,5,274);
INSERT INTO "transactions_builty" VALUES(1372,'UTCL-KHAM-947','2023-05-03','BHANUDAS NAGARE',560,6320537423,NULL,'for','online',NULL,500.0,28.0,14000.0,12000.0,0.0,2000.0,0.0,0,0,9,1,3,3,82,NULL,83,48,139,107,2,48);
INSERT INTO "transactions_builty" VALUES(1373,'UTCL-KHAM-948','2023-05-03','VAIBHAV TRADERS',200,6320537400,NULL,'for','online',NULL,370.0,10.0,3700.0,6500.0,0.0,-2800.0,0.0,0,0,9,1,3,3,45,NULL,75,51,55,34,2,48);
INSERT INTO "transactions_builty" VALUES(1374,'UTCL-KHAM-949','2023-05-03','GAURAV SANGUNWADE',200,6320537401,NULL,'for','online',NULL,370.0,10.0,3700.0,0.0,0.0,3700.0,0.0,0,0,10,1,3,3,45,NULL,102,51,55,34,2,48);
INSERT INTO "transactions_builty" VALUES(1375,'UTCL-KHAM-950','2023-05-04','ISWAR MALI',100,6320537429,NULL,'for','online',NULL,320.0,5.0,1600.0,1000.0,0.0,600.0,0.0,0,0,9,1,3,3,60,NULL,128,63,113,81,2,48);
INSERT INTO "transactions_builty" VALUES(1376,'UTCL-KHAM-951','2023-05-04','PRAVIN THAKRE',100,6320537438,NULL,'for','online',NULL,320.0,5.0,1600.0,1000.0,0.0,600.0,0.0,0,0,9,1,3,3,33,NULL,187,82,67,44,2,48);
INSERT INTO "transactions_builty" VALUES(1377,'UTCL-KHAM-952','2023-05-04','VAIBHAV TRADERS',250,6320537449,NULL,'for','online',NULL,360.0,12.5,4500.0,5600.0,0.0,-1100.0,0.0,0,0,9,1,3,3,45,NULL,75,51,83,57,2,48);
INSERT INTO "transactions_builty" VALUES(1378,'UTCL-KHAM-953','2023-05-04','GAURAV SAHEB',150,6320537450,NULL,'for','online',NULL,360.0,7.5,2700.0,0.0,0.0,2700.0,0.0,0,0,10,1,3,3,45,NULL,102,51,83,57,2,55);
INSERT INTO "transactions_builty" VALUES(1379,'UTCL-371','2023-05-04','SHREE VYANKATESH ERIGATION',260,6320537432,NULL,'for','cash',NULL,0.0,13.0,0.0,2780.0,0.0,0.0,45.0,0,0,1,1,1,1,12,2,3,1,4,1,3,1);
INSERT INTO "transactions_builty" VALUES(1380,'UTCL-372','2023-05-04','SHREE VYANKATESH ERIGATION',200,6320537433,NULL,'for','cash',NULL,0.0,10.0,0.0,0.0,0.0,0.0,0.0,0,0,3,1,1,1,12,NULL,3,1,4,1,3,1);
INSERT INTO "transactions_builty" VALUES(1381,'UTCL-373','2023-05-04','AMOL H/W',80,6320537469,NULL,'for','cash',NULL,0.0,4.0,0.0,2140.0,0.0,0.0,32.0,0,0,3,1,1,1,17,3,31,1,15,1,3,1);
INSERT INTO "transactions_builty" VALUES(1382,'UTCL-374','2023-05-04','AMOL H/W',260,6320537471,NULL,'for','cash',NULL,0.0,13.0,0.0,0.0,0.0,0.0,0.0,0,0,1,1,1,1,17,NULL,31,1,15,1,3,1);
INSERT INTO "transactions_builty" VALUES(1383,'UTCL-KHAM-954','2023-05-04','RAM SHINGNE',260,6320537453,NULL,'for','online',NULL,0.0,13.0,0.0,0.0,0.0,0.0,0.0,0,0,9,1,3,3,66,NULL,320,48,9,1,2,48);
INSERT INTO "transactions_builty" VALUES(1384,'UTCL-KHAM-955','2023-05-04','RAM SHINGNE',200,6320537454,NULL,'for','cash',NULL,0.0,10.0,0.0,2830.0,0.0,0.0,0.0,0,0,10,1,3,3,66,NULL,320,48,9,1,2,48);
INSERT INTO "transactions_builty" VALUES(1385,'UTCL-KHAM-956','2023-05-04','SHRI GAJANAN H/W',370,6320537435,NULL,'for','cash',NULL,0.0,18.5,0.0,3050.0,0.0,0.0,0.0,0,0,9,1,3,3,39,NULL,273,75,8,1,2,48);
INSERT INTO "transactions_builty" VALUES(1386,'UTCL-KHAM-957','2023-05-04','RAUT PRAKASH LAXMAN C/O ARIHANT TRADERS',90,6320537465,NULL,'for','cash',NULL,0.0,4.5,0.0,0.0,0.0,0.0,0.0,0,0,10,1,3,3,39,NULL,95,75,8,1,2,55);
INSERT INTO "transactions_builty" VALUES(1387,'UTCL-KHAM-958','2023-05-04','KAMAL AGENCY',400,6320537461,NULL,'for','online',NULL,420.0,20.0,8400.0,6500.0,0.0,1900.0,0.0,0,0,9,1,3,3,78,NULL,79,43,59,38,2,48);
INSERT INTO "transactions_builty" VALUES(1388,'UTCL-KHAM-959','2023-05-04','UTKARSH BUILDING MATERIAL',600,6320537447,NULL,'for','online',NULL,380.0,30.0,11400.0,10000.0,0.0,1400.0,0.0,0,0,9,1,3,3,56,NULL,65,51,50,31,2,48);
INSERT INTO "transactions_builty" VALUES(1389,'UTCL-KHAM-960','2023-05-04','BHAVANI H/W',50,6320537474,NULL,'for','online',NULL,280.0,2.5,700.0,0.0,0.0,700.0,0.0,0,0,10,1,3,3,25,NULL,69,56,232,204,2,55);
INSERT INTO "transactions_builty" VALUES(1390,'UTCL-KHAM-961','2023-05-04','VAIBHAV TRADERS',200,6320537488,NULL,'for','online',NULL,370.0,10.0,3700.0,5500.0,0.0,-1800.0,0.0,0,0,9,1,3,3,45,NULL,75,51,49,26,2,48);
INSERT INTO "transactions_builty" VALUES(1391,'UTCL-KHAM-962','2023-05-04','GAURAV SAHEB',160,6320537489,NULL,'for','online',NULL,370.0,8.0,2960.0,0.0,0.0,2960.0,0.0,0,0,9,1,3,3,45,NULL,102,51,49,26,2,48);
INSERT INTO "transactions_builty" VALUES(1392,'UTCL-KHAM-963','2023-05-04','RAJBHAR KANDJE',500,6320537487,NULL,'for','online',NULL,470.0,25.0,11750.0,10500.0,0.0,1250.0,0.0,0,0,9,1,3,3,65,NULL,205,75,233,205,2,48);
INSERT INTO "transactions_builty" VALUES(1393,'UTCL-KHAM-964','2023-05-04','SHRI GAYATRI AGENCY',400,6320537457,NULL,'for','online',NULL,530.0,20.0,10600.0,11000.0,0.0,-400.0,0.0,0,0,9,1,3,3,81,NULL,148,77,117,86,2,48);
INSERT INTO "transactions_builty" VALUES(1394,'UTCL-KHAM-965','2023-05-04','SHRI GAYATRI AGENCY',60,6320537491,NULL,'for','online',NULL,530.0,3.0,1590.0,0.0,0.0,1590.0,0.0,0,0,9,1,3,3,81,NULL,148,77,117,86,2,48);
INSERT INTO "transactions_builty" VALUES(1395,'UTCL-KHAM-966','2023-05-04','YOGESH DHULE',240,6320537494,NULL,'for','online',NULL,350.0,12.0,4200.0,3000.0,0.0,1200.0,0.0,0,0,9,1,3,3,47,NULL,102,51,234,206,2,48);
INSERT INTO "transactions_builty" VALUES(1396,'UTCL-KHAM-967','2023-05-05','JABBAR THEKEDAR',100,6320537485,NULL,'for','online',NULL,320.0,5.0,1600.0,1000.0,0.0,600.0,0.0,0,0,9,1,3,3,33,NULL,110,45,67,44,2,48);
INSERT INTO "transactions_builty" VALUES(1397,'UTCL-KHAM-968','2023-05-05','HELODE PRADEEP',100,6320537510,NULL,'for','online',NULL,300.0,5.0,1500.0,1000.0,0.0,500.0,0.0,0,0,9,1,3,3,30,NULL,294,44,68,45,2,48);
INSERT INTO "transactions_builty" VALUES(1398,'UTCL-375','2023-05-05','SOPHI TILES',360,6320537501,NULL,'for','online',NULL,350.0,18.0,6300.0,5000.0,0.0,1300.0,0.0,0,0,1,1,1,1,18,NULL,32,3,25,5,3,1);
INSERT INTO "transactions_builty" VALUES(1399,'UTCL-376','2023-05-05','SOPHI TILES',100,6320537502,NULL,'for','online',NULL,350.0,5.0,1750.0,1000.0,0.0,750.0,0.0,0,0,3,1,1,1,18,NULL,32,3,25,5,3,1);
INSERT INTO "transactions_builty" VALUES(1400,'UTCL-377','2023-05-05','SARASWATI H/W',460,6320537509,NULL,'for','cash',NULL,0.0,23.0,0.0,2680.0,0.0,0.0,50.0,0,0,1,1,1,1,83,3,82,36,6,1,3,1);
INSERT INTO "transactions_builty" VALUES(1401,'UTCL-KHAM-969','2023-05-05','GURUKRUPA H/W',100,6320537506,NULL,'for','online',NULL,0.0,5.0,0.0,1800.0,0.0,0.0,0.0,0,0,9,1,3,3,30,NULL,78,50,80,56,2,48);
INSERT INTO "transactions_builty" VALUES(1402,'UTCL-KHAM-970','2023-05-05','GURUKRUPA H/W',200,6320537516,NULL,'for','online',NULL,0.0,10.0,0.0,0.0,0.0,0.0,0.0,0,0,9,1,3,3,30,NULL,78,50,14,1,2,48);
INSERT INTO "transactions_builty" VALUES(1403,'UTCL-KHAM-971','2023-05-05','BHAGYODAY TRADERS',200,6320537504,NULL,'for','online',NULL,270.0,10.0,2700.0,5500.0,0.0,-2800.0,0.0,0,0,9,1,3,3,24,NULL,69,56,188,158,2,48);
INSERT INTO "transactions_builty" VALUES(1404,'UTCL-KHAM-972','2023-05-05','RAJESH DALI',100,6320537505,NULL,'for','online',NULL,270.0,5.0,1350.0,0.0,0.0,1350.0,0.0,0,0,9,1,3,3,24,NULL,69,56,188,158,2,48);
INSERT INTO "transactions_builty" VALUES(1405,'UTCL-KHAM-973','2023-05-05','BHAGYODAY TRADERS',200,6320537559,NULL,'for','online',NULL,270.0,10.0,2700.0,0.0,0.0,2700.0,0.0,0,0,9,1,3,3,24,NULL,69,56,188,158,2,48);
INSERT INTO "transactions_builty" VALUES(1406,'UTCL-KHAM-974','2023-05-05','SHRIRAM ELECTRICAL',400,6320537516,NULL,'for','online',NULL,380.0,20.0,7600.0,5500.0,0.0,2100.0,0.0,0,0,9,1,3,3,30,NULL,321,51,55,34,2,48);
INSERT INTO "transactions_builty" VALUES(1407,'UTCL-KHAM-975','2023-05-05','GAJANAN DOMRE',200,6320537543,NULL,'for','online',NULL,380.0,10.0,3800.0,6000.0,0.0,-2200.0,0.0,0,0,9,1,3,3,46,NULL,105,74,83,57,2,48);
INSERT INTO "transactions_builty" VALUES(1408,'UTCL-KHAM-976','2023-05-05','KRISHNAKRUPA SALES',160,6320537544,NULL,'for','online',NULL,380.0,8.0,3040.0,0.0,0.0,3040.0,0.0,0,0,9,1,3,3,46,NULL,92,74,83,57,2,48);
INSERT INTO "transactions_builty" VALUES(1409,'UTCL-KHAM-977','2023-05-05','UTKARSH BUILDING MATERIAL',600,6320537508,NULL,'for','online',NULL,380.0,30.0,11400.0,10000.0,0.0,1400.0,0.0,0,0,9,1,3,3,56,NULL,65,51,50,31,2,48);
INSERT INTO "transactions_builty" VALUES(1410,'UTCL-KHAM-978','2023-05-05','ANIL BAHHADARE',100,6320537508,NULL,'for','online',NULL,340.0,5.0,1700.0,1000.0,0.0,700.0,0.0,0,0,9,1,3,3,30,NULL,265,56,67,44,2,48);
INSERT INTO "transactions_builty" VALUES(1411,'UTCL-KHAM-979','2023-05-05','PANKAJ HELODE',110,6320537546,NULL,'for','online',NULL,300.0,5.5,1650.0,1000.0,0.0,650.0,0.0,0,0,9,1,3,3,30,NULL,294,44,68,45,2,48);
INSERT INTO "transactions_builty" VALUES(1412,'UTCL-378','2023-05-05','UTTAMRAO KAKAD',180,6320537568,NULL,'for','cash',NULL,0.0,9.0,0.0,2060.0,0.0,0.0,45.0,0,0,3,1,1,1,12,3,37,28,15,1,3,1);
INSERT INTO "transactions_builty" VALUES(1413,'UTCL-379','2023-05-05','VANSH H/W-RAJESH KALE',160,6320537569,NULL,'for','cash',NULL,0.0,8.0,0.0,0.0,0.0,0.0,0.0,0,0,1,1,1,1,12,NULL,37,28,15,1,3,1);
INSERT INTO "transactions_builty" VALUES(1414,'UTCL-380','2023-05-05','VIDARBHA TRADERS',640,6320537555,NULL,'for','cash',NULL,0.0,32.0,0.0,3990.0,0.0,0.0,45.0,0,0,1,1,1,1,16,3,10,6,9,1,3,1);
INSERT INTO "transactions_builty" VALUES(1415,'UTCL-381','2023-05-05','MOHAMMAD FARQUE',440,6320537558,NULL,'for','cash',NULL,0.0,22.0,0.0,3750.0,0.0,0.0,35.0,0,0,1,1,1,1,7,3,10,6,4,1,3,1);
INSERT INTO "transactions_builty" VALUES(1416,'UTCL-382','2023-05-05','MOHAMMAD FARQUE',160,6320537561,NULL,'for','cash',NULL,0.0,8.0,0.0,0.0,0.0,0.0,0.0,0,0,1,1,1,1,7,NULL,10,6,4,1,3,1);
INSERT INTO "transactions_builty" VALUES(1417,'UTCL-383','2023-05-05','GOVIND UDYOG AGENCY',460,6320537559,NULL,'for','cash',NULL,0.0,23.0,0.0,2910.0,0.0,0.0,30.0,0,0,3,1,1,1,7,3,10,6,1,1,3,1);
INSERT INTO "transactions_builty" VALUES(1418,'UTCL-384','2023-05-05','ASHTIKAR TRADERS',340,6320537560,NULL,'for','cash',NULL,0.0,17.0,0.0,2140.0,0.0,0.0,35.0,0,0,1,1,1,1,7,3,33,18,17,1,3,1);
INSERT INTO "transactions_builty" VALUES(1419,'UTCL-385','2023-05-05','JAI AGENCY',340,6320537564,NULL,'for','cash',NULL,0.0,17.0,0.0,1970.0,0.0,0.0,35.0,0,0,1,1,1,1,21,3,33,18,16,1,3,1);
INSERT INTO "transactions_builty" VALUES(1420,'UTCL-386','2023-05-05','SHUBHAM H/W',440,6320537562,NULL,'for','cash',NULL,0.0,22.0,0.0,3670.0,0.0,0.0,27.0,0,0,1,1,1,1,22,3,7,6,12,1,3,1);
INSERT INTO "transactions_builty" VALUES(1421,'UTCL-387','2023-05-05','SHUBHAM H/W',200,6320537563,NULL,'for','cash',NULL,0.0,10.0,0.0,0.0,0.0,0.0,0.0,0,0,3,1,1,1,22,NULL,7,6,12,1,3,1);
INSERT INTO "transactions_builty" VALUES(1422,'UTCL-388','2023-05-05','ANIL WAGHMARE',200,6320537575,NULL,'for','online',NULL,450.0,10.0,4500.0,4000.0,0.0,500.0,0.0,0,0,1,1,1,1,12,NULL,220,1,43,18,3,1);
INSERT INTO "transactions_builty" VALUES(1423,'UTCL-389','2023-05-05','SHREE VYANKATESH ERIGATION',100,6320537577,NULL,'for','online',NULL,450.0,5.0,2250.0,2000.0,0.0,250.0,0.0,0,0,3,1,1,1,12,NULL,3,1,43,18,3,1);
INSERT INTO "transactions_builty" VALUES(1424,'UTCL-390','2023-05-05','SHREE VYANKATESH ERIGATION',160,6320537576,NULL,'for','online',NULL,450.0,8.0,3600.0,3000.0,0.0,600.0,0.0,0,0,1,1,1,1,12,NULL,3,1,43,18,3,1);
INSERT INTO "transactions_builty" VALUES(1425,'UTCL-391','2023-05-05','SARVDNYA TRADERS',640,6320537605,NULL,'for','cash',NULL,0.0,32.0,0.0,3670.0,0.0,0.0,55.0,0,0,1,1,1,1,7,3,36,19,10,1,3,1);
INSERT INTO "transactions_builty" VALUES(1426,'UTCL-392','2023-05-05','KALAMB SALES CORPORARTION',260,6320537565,NULL,'for','cash',NULL,0.0,13.0,0.0,2680.0,0.0,0.0,15.0,0,0,1,1,1,1,34,3,226,5,3,1,3,1);
INSERT INTO "transactions_builty" VALUES(1427,'UTCL-393','2023-05-05','KALAMB SALES CORPORARTION',200,6320537566,NULL,'for','cash',NULL,0.0,10.0,0.0,0.0,0.0,0.0,0.0,0,0,3,1,1,1,34,NULL,226,5,3,1,3,1);
INSERT INTO "transactions_builty" VALUES(1428,'STL-26','2023-04-14','JAI GAJANAN K S K',300,NULL,NULL,'for','online',NULL,350.0,15.0,5250.0,5000.0,0.0,250.0,0.0,0,0,22,1,5,9,124,NULL,313,98,143,110,5,274);
INSERT INTO "transactions_builty" VALUES(1429,'STL-27','2023-04-14','JAI GAJANAN K S K',200,NULL,NULL,'for','online',NULL,350.0,10.0,3500.0,3000.0,0.0,500.0,0.0,0,0,24,1,5,9,124,NULL,313,98,143,110,5,274);
INSERT INTO "transactions_builty" VALUES(1430,'STL-28','2023-04-14','JAI GAJANAN K S K',125,NULL,NULL,'for','online',NULL,350.0,5.0,1750.0,1000.0,0.0,750.0,0.0,0,0,25,1,5,9,124,NULL,313,98,143,110,5,274);
INSERT INTO "transactions_builty" VALUES(1431,'STL-29','2023-04-14','PATIL K S K',500,NULL,NULL,'for','online',NULL,500.0,25.0,12500.0,10500.0,0.0,2000.0,0.0,0,0,22,1,5,7,132,NULL,316,101,165,133,5,274);
INSERT INTO "transactions_builty" VALUES(1432,'UTCL-KHAM-980','2023-05-05','NILESH FARTLAZER',500,6320537572,NULL,'for','online',NULL,470.0,25.0,11750.0,10500.0,0.0,1250.0,0.0,0,0,9,1,3,3,36,NULL,273,75,235,207,2,48);
INSERT INTO "transactions_builty" VALUES(1433,'UTCL-KHAM-981','2023-05-05','SHRIRAM H/W',200,6320537589,NULL,'for','online',NULL,500.0,10.0,5000.0,8000.0,0.0,-3000.0,0.0,0,0,9,1,3,3,30,NULL,164,78,59,38,2,48);
INSERT INTO "transactions_builty" VALUES(1434,'STL-30','2023-04-14','DAHDHIMATI K S K',460,NULL,NULL,'for','cash',NULL,0.0,23.0,0.0,3010.0,0.0,0.0,50.0,0,0,22,1,5,9,124,2,322,90,9,1,5,274);
INSERT INTO "transactions_builty" VALUES(1435,'UTCL-KHAM-982','2023-05-05','SHRIRAM H/W',160,6320537550,NULL,'for','online',NULL,500.0,8.0,4000.0,0.0,0.0,4000.0,0.0,0,0,10,1,3,3,30,NULL,164,78,59,38,2,55);
INSERT INTO "transactions_builty" VALUES(1436,'STL-31','2023-04-14','YASH K K',460,NULL,NULL,'for','online',NULL,600.0,23.0,13800.0,6500.0,0.0,7300.0,0.0,0,0,22,1,5,9,124,NULL,323,90,25,5,5,274);
INSERT INTO "transactions_builty" VALUES(1437,'STL-32','2023-04-14','POOJA K S K',500,NULL,NULL,'for','online',NULL,550.0,25.0,13750.0,11500.0,0.0,2250.0,0.0,0,0,22,1,5,7,133,NULL,324,105,164,132,5,274);
INSERT INTO "transactions_builty" VALUES(1438,'UTCL-KHAM-983','2023-05-05','SHRIRAM H/W',40,6320537586,NULL,'for','online',NULL,500.0,2.0,1000.0,0.0,0.0,1000.0,0.0,0,0,9,1,3,3,30,NULL,164,78,59,38,2,48);
INSERT INTO "transactions_builty" VALUES(1439,'UTCL-KHAM-984','2023-05-05','GOPALSING INGALE',100,6320537570,NULL,'for','online',NULL,360.0,5.0,1800.0,1000.0,0.0,800.0,0.0,0,0,9,1,3,3,30,NULL,326,45,236,56,2,48);
INSERT INTO "transactions_builty" VALUES(1440,'STL-33','2023-04-14','VAIBHAV AGRO',340,NULL,NULL,'for','online',NULL,600.0,17.0,10200.0,10000.0,0.0,200.0,0.0,0,0,22,1,5,8,138,NULL,325,106,152,119,5,274);
INSERT INTO "transactions_builty" VALUES(1441,'UTCL-KHAM-985','2023-05-06','BHAGYODAY TRADERS',100,6320537622,NULL,'for','cash',NULL,0.0,5.0,0.0,1300.0,0.0,0.0,0.0,0,0,9,1,3,3,24,NULL,69,56,14,1,2,48);
INSERT INTO "transactions_builty" VALUES(1442,'STL-34','2023-04-14','VAIBHAV AGRO',100,NULL,NULL,'for','online',NULL,600.0,5.0,3000.0,2000.0,0.0,1000.0,0.0,0,0,24,1,5,8,138,NULL,325,106,152,119,5,274);
INSERT INTO "transactions_builty" VALUES(1443,'UTCL-KHAM-986','2023-05-06','DIPAK ENTERPRISES',100,6320537623,NULL,'for','cash',NULL,0.0,5.0,0.0,0.0,0.0,0.0,0.0,0,0,9,1,3,3,24,NULL,138,56,14,1,2,48);
INSERT INTO "transactions_builty" VALUES(1444,'STL-35','2023-04-14','VAIBHAV AGRO',75,NULL,NULL,'for','online',NULL,600.0,3.0,1800.0,1000.0,0.0,800.0,0.0,0,0,25,1,5,8,138,NULL,325,106,152,119,5,274);
INSERT INTO "transactions_builty" VALUES(1445,'UTCL-KHAM-987','2023-05-06','PRAKASH KANHEKAR',100,6320537621,NULL,'for','online',NULL,360.0,5.0,1800.0,1000.0,0.0,800.0,0.0,0,0,9,1,3,3,30,NULL,181,45,60,39,2,48);
INSERT INTO "transactions_builty" VALUES(1446,'UTCL-KHAM-988','2023-05-06','PUNDALIK THAKARE',100,6320537571,NULL,'for','online',NULL,340.0,5.0,1700.0,1000.0,0.0,700.0,0.0,0,0,9,1,3,3,30,NULL,74,44,67,44,2,48);
INSERT INTO "transactions_builty" VALUES(1447,'STL-36','2023-04-14','ANAND K S K',600,NULL,NULL,'for','cash',NULL,0.0,30.0,0.0,3850.0,0.0,0.0,30.0,0,0,22,1,5,9,125,3,327,93,10,1,5,274);
INSERT INTO "transactions_builty" VALUES(1448,'UTCL-KHAM-989','2023-05-06','JAKIR SHAHA',100,6320537552,NULL,'for','online',NULL,340.0,5.0,1700.0,1000.0,0.0,700.0,0.0,0,0,9,1,3,3,30,NULL,72,44,80,56,2,48);
INSERT INTO "transactions_builty" VALUES(1449,'STL-37','2023-04-14','MAHALAXMI BEEJ BHANDAR',200,NULL,NULL,'for','online',NULL,350.0,10.0,3500.0,3000.0,0.0,500.0,0.0,0,0,22,1,5,9,124,NULL,327,93,90,17,5,274);
INSERT INTO "transactions_builty" VALUES(1450,'STL-38','2023-04-14','MAHALAXMI BEEJ BHANDAR',140,NULL,NULL,'for','online',NULL,350.0,7.0,2450.0,2000.0,0.0,450.0,0.0,0,0,24,1,5,9,124,NULL,327,93,90,17,5,274);
INSERT INTO "transactions_builty" VALUES(1451,'STL-39','2023-04-14','SANKALP K S K',300,NULL,NULL,'for','online',NULL,400.0,15.0,6000.0,4000.0,0.0,2000.0,0.0,0,0,22,1,5,9,124,NULL,319,104,26,7,5,274);
INSERT INTO "transactions_builty" VALUES(1452,'STL-40','2023-04-14','JAYESH AGRO CENTRE',200,NULL,NULL,'for','online',NULL,400.0,10.0,4000.0,3000.0,0.0,1000.0,0.0,0,0,24,1,5,9,124,NULL,319,104,26,7,5,274);
INSERT INTO "transactions_builty" VALUES(1453,'STL-41','2023-04-14','AMBIKA AGRO SERVICE',420,NULL,NULL,'for','cash',NULL,500.0,21.0,10500.0,9000.0,0.0,1500.0,0.0,0,0,22,1,5,8,138,NULL,318,103,163,130,5,274);
INSERT INTO "transactions_builty" VALUES(1454,'STL-42','2023-04-14','AMBIKA AGRO SERVICE',100,NULL,NULL,'for','online',NULL,500.0,4.0,2000.0,1000.0,0.0,1000.0,0.0,0,0,25,1,5,8,138,NULL,318,103,163,130,5,274);
INSERT INTO "transactions_builty" VALUES(1455,'UTCL-KHAM-990','2023-05-06','SOMNATH KIRANA',100,6320537637,NULL,'for','online',NULL,340.0,5.0,1700.0,1000.0,0.0,700.0,0.0,0,0,9,1,3,3,30,NULL,139,44,80,56,2,48);
INSERT INTO "transactions_builty" VALUES(1456,'STL-43','2023-04-14','NEW ULI AGRO CENTRE',460,NULL,NULL,'for','online',NULL,380.0,23.0,8740.0,6500.0,0.0,2240.0,0.0,0,0,22,1,5,9,124,NULL,327,93,34,15,5,274);
INSERT INTO "transactions_builty" VALUES(1457,'UTCL-KHAM-991','2023-05-06','PRASHANT H/W',560,6320537631,NULL,'for','cash',NULL,420.0,28.0,11760.0,8000.0,0.0,3760.0,0.0,0,0,9,1,3,3,40,NULL,291,86,66,43,2,48);
INSERT INTO "transactions_builty" VALUES(1458,'UTCL-KHAM-992','2023-05-06','SIDDHIVINAYAK H/W C/O SANDIP PARIHAR',500,6320537661,NULL,'for','online',NULL,420.0,25.0,10500.0,9500.0,0.0,1000.0,0.0,0,0,9,1,3,3,44,NULL,328,76,96,66,2,48);
INSERT INTO "transactions_builty" VALUES(1459,'UTCL-KHAM-993','2023-05-06','SANDIP PARIHAR',100,6320537662,NULL,'for','online',NULL,420.0,5.0,2100.0,0.0,0.0,2100.0,0.0,0,0,9,1,3,3,44,NULL,97,76,96,66,2,48);
INSERT INTO "transactions_builty" VALUES(1460,'UTCL-KHAM-994','2023-05-06','CHANDAK K.K.',300,6320537654,NULL,'for','online',NULL,360.0,15.0,5400.0,4000.0,0.0,1400.0,0.0,0,0,9,1,3,3,30,NULL,255,74,63,41,2,48);
INSERT INTO "transactions_builty" VALUES(1461,'UTCL-KHAM-995','2023-05-06','GAYATRI K.K. C/O GOVINDA BHARSAKLE',100,6320537660,NULL,'for','online',NULL,320.0,5.0,1600.0,1000.0,0.0,600.0,0.0,0,0,9,1,3,3,30,NULL,170,45,60,39,2,48);
INSERT INTO "transactions_builty" VALUES(1462,'UTCL-KHAM-996','2023-05-06','SAMEER STEEL',100,6320537638,NULL,'for','online',NULL,360.0,5.0,1800.0,1000.0,0.0,800.0,0.0,0,0,9,1,3,3,30,NULL,256,45,67,44,2,48);
INSERT INTO "transactions_builty" VALUES(1463,'STL-44','2023-04-14','VYANKATESH K S K',280,NULL,NULL,'for','online',NULL,450.0,14.0,6300.0,5300.0,0.0,1000.0,0.0,0,0,22,1,5,7,134,NULL,329,102,240,211,5,274);
INSERT INTO "transactions_builty" VALUES(1464,'STL-45','2023-04-14','VYANKATESH K S K',120,NULL,NULL,'for','online',NULL,450.0,6.0,2700.0,2200.0,0.0,500.0,0.0,0,0,24,1,5,7,134,NULL,329,102,240,211,5,274);
INSERT INTO "transactions_builty" VALUES(1465,'STL-46','2023-04-14','VYANKATESH K S K',125,NULL,NULL,'for','online',NULL,450.0,5.0,2250.0,1750.0,0.0,500.0,0.0,0,0,25,1,5,7,134,NULL,329,102,240,211,5,274);
INSERT INTO "transactions_builty" VALUES(1466,'STL-47','2023-04-14','SHYAMLI AGRO CENTRE',460,NULL,NULL,'for','online',NULL,320.0,23.0,7360.0,6000.0,0.0,1360.0,0.0,0,0,22,1,5,9,124,NULL,330,93,30,11,5,274);
INSERT INTO "transactions_builty" VALUES(1467,'STL-48','2023-04-14','KISAN K  K',120,NULL,NULL,'for','online',NULL,450.0,6.0,2700.0,2200.0,0.0,500.0,0.0,0,0,22,1,5,7,136,NULL,331,107,162,129,5,274);
INSERT INTO "transactions_builty" VALUES(1468,'STL-49','2023-04-14','KISAN K K',200,NULL,NULL,'for','online',NULL,450.0,10.0,4500.0,3300.0,0.0,1200.0,0.0,0,0,24,1,5,7,136,NULL,331,107,162,129,5,274);
INSERT INTO "transactions_builty" VALUES(1469,'STL-50','2023-04-14','KISAN K K',225,NULL,NULL,'for','cash',NULL,450.0,9.0,4050.0,3500.0,0.0,550.0,0.0,0,0,25,1,5,7,136,NULL,331,107,162,129,5,274);
INSERT INTO "transactions_builty" VALUES(1470,'UTCL-394','2023-05-06','POWER ENGINNERING CORPORATION',400,6320537634,NULL,'for','online',NULL,400.0,20.0,8000.0,7000.0,0.0,1000.0,0.0,0,0,1,1,1,1,58,NULL,58,24,241,212,3,1);
INSERT INTO "transactions_builty" VALUES(1471,'UTCL-395','2023-05-06','SHRI RAM ENGINEERING & H/W',340,6320537624,NULL,'for','cash',NULL,0.0,17.0,0.0,1970.0,0.0,0.0,17.0,0,0,1,1,1,1,28,3,22,35,16,1,3,1);
INSERT INTO "transactions_builty" VALUES(1472,'UTCL-396','2023-05-06','GOVIND UDYOG AGENCY',600,6320537644,NULL,'for','cash',NULL,0.0,30.0,0.0,3750.0,0.0,0.0,35.0,0,0,1,1,1,1,7,3,10,6,4,1,3,1);
INSERT INTO "transactions_builty" VALUES(1473,'UTCL-KHAM-997','2023-05-06','JAGDAMBA TRADERSC/OARUN VAIRAL',500,6320537635,NULL,'for','online',NULL,440.0,25.0,11000.0,12000.0,0.0,-1000.0,0.0,0,0,9,1,3,3,30,NULL,300,78,178,144,2,48);
INSERT INTO "transactions_builty" VALUES(1474,'UTCL-KHAM-998','2023-05-06','JAGDAMBA TRADERSC/OARUN VAIRAL',100,6320537663,NULL,'for','online',NULL,440.0,5.0,2200.0,0.0,0.0,2200.0,0.0,0,0,10,1,3,3,30,NULL,300,78,178,144,2,55);
INSERT INTO "transactions_builty" VALUES(1475,'UTCL-KHAM-999','2023-05-06','SANTOSH SAPKAL',500,6320537632,NULL,'for','online',NULL,450.0,25.0,11250.0,10000.0,0.0,1250.0,0.0,0,0,9,1,3,3,65,NULL,163,75,116,84,2,48);
INSERT INTO "transactions_builty" VALUES(1476,'UTCL-KHAM-1000','2023-05-06','AKASH DILIP KULSUNDAR',600,6320537633,NULL,'for','cash',NULL,0.0,30.0,0.0,0.0,0.0,0.0,0.0,0,0,9,1,3,3,30,NULL,56,43,13,1,2,48);
INSERT INTO "transactions_builty" VALUES(1477,'STL-51','2023-04-14','MAHALAXMI AGRO',400,NULL,NULL,'for','online',NULL,350.0,20.0,7000.0,5500.0,0.0,-5500.0,0.0,0,0,22,1,5,9,124,NULL,327,93,197,5,5,274);
INSERT INTO "transactions_builty" VALUES(1478,'UTCL-KHAM-1001','2023-05-06','EKNATH VERULKAR',100,6320537683,NULL,'for','online',NULL,340.0,5.0,1700.0,1000.0,0.0,700.0,0.0,0,0,9,1,3,3,30,NULL,180,44,80,56,2,48);
INSERT INTO "transactions_builty" VALUES(1479,'UTCL-KHAM-1002','2023-05-06','KIRAN SETH DIDWANI',130,6320537685,NULL,'for','online',NULL,300.0,6.5,1950.0,1000.0,0.0,950.0,0.0,0,0,9,1,3,3,30,NULL,213,44,68,45,2,48);
INSERT INTO "transactions_builty" VALUES(1480,'STL-52','2023-04-14','MAHALAXMI AGRO',75,NULL,NULL,'for','online',NULL,350.0,3.0,1050.0,1000.0,0.0,50.0,0.0,0,0,25,1,5,9,124,NULL,327,93,197,5,5,274);
INSERT INTO "transactions_builty" VALUES(1481,'STL-53','2023-04-14','OM K S K',360,NULL,NULL,'for','online',NULL,520.0,18.0,9360.0,9000.0,0.0,360.0,0.0,0,0,22,1,5,7,129,NULL,312,97,238,209,5,274);
INSERT INTO "transactions_builty" VALUES(1482,'STL-54','2023-04-14','OM K S K',100,NULL,NULL,'for','online',NULL,520.0,5.0,2600.0,1500.0,0.0,1100.0,0.0,0,0,24,1,5,7,129,NULL,312,97,238,209,5,274);
INSERT INTO "transactions_builty" VALUES(1483,'STL-55','2023-04-14','OM K S K',50,NULL,NULL,'for','online',NULL,520.0,2.0,1040.0,500.0,0.0,540.0,0.0,0,0,25,1,5,7,129,NULL,312,97,238,209,5,274);
INSERT INTO "transactions_builty" VALUES(1484,'STL-56','2023-04-14','SACHIN K S K',260,NULL,NULL,'for','online',NULL,350.0,13.0,4550.0,4000.0,0.0,550.0,0.0,0,0,22,1,5,9,124,NULL,327,93,21,5,5,274);
INSERT INTO "transactions_builty" VALUES(1485,'STL-57','2023-04-14','SHREE SAMARTH AGRO',200,NULL,NULL,'for','online',NULL,350.0,10.0,3500.0,2500.0,0.0,1000.0,0.0,0,0,22,1,5,9,124,NULL,327,93,21,5,5,274);
INSERT INTO "transactions_builty" VALUES(1486,'STL-58','2023-04-14','AAI BHAVANI K S K',300,NULL,NULL,'for','online',NULL,320.0,15.0,4800.0,3500.0,0.0,1300.0,0.0,0,0,22,1,5,9,124,NULL,332,93,54,17,5,274);
INSERT INTO "transactions_builty" VALUES(1487,'STL-59','2023-04-14','SAI AGRO INPUTS',200,NULL,NULL,'for','online',NULL,420.0,10.0,4200.0,3500.0,0.0,700.0,0.0,0,0,22,1,5,9,124,NULL,333,104,38,4,5,274);
INSERT INTO "transactions_builty" VALUES(1488,'STL-60','2023-04-14','SAI AGRO INPUTS',140,NULL,NULL,'for','online',NULL,420.0,7.0,2940.0,2540.0,0.0,400.0,0.0,0,0,24,1,5,9,124,NULL,333,104,38,4,5,274);
INSERT INTO "transactions_builty" VALUES(1489,'STL-61','2023-04-14','SAI AGRO INPUTS',175,NULL,NULL,'for','online',NULL,420.0,7.0,2940.0,2540.0,0.0,400.0,0.0,0,0,25,1,5,9,124,NULL,333,104,38,4,5,274);
INSERT INTO "transactions_builty" VALUES(1490,'STL-62','2023-04-14','ANUSHKA AGRO AGENCY',160,NULL,NULL,'for','online',NULL,500.0,8.0,4000.0,3500.0,0.0,500.0,0.0,0,0,22,1,5,7,133,NULL,334,108,161,128,5,274);
INSERT INTO "transactions_builty" VALUES(1491,'STL-63','2023-04-14','ANUSHKA AGRO AGENCY',160,NULL,NULL,'for','online',NULL,500.0,8.0,4000.0,3500.0,0.0,500.0,0.0,0,0,24,1,5,7,133,NULL,334,108,161,128,5,274);
INSERT INTO "transactions_builty" VALUES(1492,'STL-64','2023-04-14','ANUSHKA AGRO AGENCY',175,NULL,NULL,'for','online',NULL,500.0,7.0,3500.0,2500.0,0.0,1000.0,0.0,0,0,25,1,5,7,133,NULL,334,108,161,128,5,274);
INSERT INTO "transactions_builty" VALUES(1493,'STL-65','2023-04-14','RATANLAL RADHHESHYAM',100,NULL,NULL,'for','online',NULL,500.0,5.0,2500.0,2000.0,0.0,500.0,0.0,0,0,22,1,5,7,130,NULL,316,101,159,126,5,274);
INSERT INTO "transactions_builty" VALUES(1494,'STL-66','2023-04-14','BAHETI AGRO AGENCY',300,NULL,NULL,'for','online',NULL,500.0,15.0,7500.0,6000.0,0.0,1500.0,0.0,0,0,22,1,5,7,144,NULL,316,101,159,126,5,274);
INSERT INTO "transactions_builty" VALUES(1495,'STL-67','2023-04-14','SHETKI VASTU BHANDAR',500,NULL,NULL,'for','online',NULL,600.0,20.0,12000.0,7000.0,0.0,5000.0,0.0,0,0,25,1,5,9,127,NULL,322,90,22,5,5,274);
INSERT INTO "transactions_builty" VALUES(1496,'STL-68','2023-04-14','ASKI K S K',200,NULL,NULL,'for','online',NULL,400.0,10.0,4000.0,3500.0,0.0,500.0,0.0,0,0,22,1,5,9,124,NULL,335,104,160,127,5,274);
INSERT INTO "transactions_builty" VALUES(1497,'STL-69','2023-04-14','VRUSHALI AGRO CENTRE',160,NULL,NULL,'for','online',NULL,400.0,8.0,3200.0,2200.0,0.0,1000.0,0.0,0,0,22,1,5,9,145,NULL,335,104,160,127,5,274);
INSERT INTO "transactions_builty" VALUES(1498,'STL-70','2023-04-14','HANUMAN SAGAR K S K',400,NULL,NULL,'for','online',NULL,600.0,20.0,12000.0,7000.0,0.0,5000.0,0.0,0,0,22,1,5,9,124,NULL,323,90,36,5,5,274);
INSERT INTO "transactions_builty" VALUES(1499,'UTCL-397','2023-05-06','GOVIND UDYOG AGENCY',180,6320537676,NULL,'for','cash',NULL,0.0,9.0,0.0,2140.0,0.0,0.0,27.0,0,0,3,1,1,1,7,3,10,6,17,1,3,1);
INSERT INTO "transactions_builty" VALUES(1500,'UTCL-398','2023-05-06','GOVIND UDYOG AGENCY',160,6320537701,NULL,'for','cash',NULL,0.0,8.0,0.0,0.0,0.0,0.0,0.0,0,0,3,1,1,1,7,NULL,10,6,17,1,3,1);
INSERT INTO "transactions_builty" VALUES(1501,'UTCL-399','2023-05-06','NEW MAHARASHTRA CEMENT DEPO',600,6320537674,NULL,'for','cash',NULL,0.0,30.0,0.0,3750.0,0.0,0.0,30.0,0,0,1,1,1,1,86,3,32,3,12,1,3,1);
INSERT INTO "transactions_builty" VALUES(1502,'UTCL-400','2023-05-06','SOPHI TILES',600,6320537691,NULL,'for','cash',NULL,0.0,30.0,0.0,3450.0,0.0,0.0,30.0,0,0,1,1,1,1,18,3,32,3,10,1,3,1);
INSERT INTO "transactions_builty" VALUES(1503,'UTCL-401','2023-05-06','SHRI RAJ CEMENT C/O PRANAV JAYLE',460,6320537668,NULL,'for','cash',NULL,0.0,23.0,0.0,2680.0,0.0,0.0,35.0,0,0,1,1,1,1,9,2,21,27,6,1,3,1);
INSERT INTO "transactions_builty" VALUES(1504,'UTCL-402','2023-05-06','GAWALI ENTERPRISES',340,6320537666,NULL,'for','online',NULL,300.0,17.0,5100.0,4000.0,0.0,1100.0,0.0,0,0,1,1,1,1,13,NULL,281,6,243,211,3,1);
INSERT INTO "transactions_builty" VALUES(1505,'UTCL-403','2023-05-06','H. HARNA',320,6320537629,NULL,'for','online',NULL,420.0,16.0,6720.0,5720.0,0.0,1000.0,0.0,0,0,1,1,1,1,17,NULL,118,2,242,213,3,1);
INSERT INTO "transactions_builty" VALUES(1506,'UTCL-404','2023-05-06','MAHALAXMI PROVISION',220,6320537669,NULL,'for','cash',NULL,0.0,11.0,0.0,1910.0,0.0,0.0,40.0,0,0,1,1,1,1,8,3,19,1,15,1,3,1);
INSERT INTO "transactions_builty" VALUES(1507,'UTCL-405','2023-05-06','GAJANAN DHANBHAR',100,6320537670,NULL,'for','cash',NULL,0.0,5.0,0.0,0.0,0.0,0.0,0.0,0,0,3,1,1,1,8,NULL,220,1,15,1,3,1);
INSERT INTO "transactions_builty" VALUES(1508,'UTCL-406','2023-05-06','KHAN KIRANA - GHODEGAON',300,6320537703,NULL,'for','cash',NULL,0.0,15.0,0.0,2760.0,0.0,0.0,45.0,0,0,1,1,1,1,12,2,3,1,1,1,3,1);
INSERT INTO "transactions_builty" VALUES(1509,'UTCL-407','2023-05-06','SHREE VYANKATESH ERIGATION',160,6320537704,NULL,'for','cash',NULL,0.0,8.0,0.0,0.0,0.0,0.0,0.0,0,0,3,1,1,1,12,NULL,3,1,1,1,3,1);
INSERT INTO "transactions_builty" VALUES(1510,'UTCL-408','2023-05-06','GANESH TRADERS',600,6320537700,NULL,'for','cash',NULL,0.0,30.0,0.0,3900.0,0.0,0.0,30.0,0,0,1,1,1,1,50,2,42,39,9,1,3,1);
INSERT INTO "transactions_builty" VALUES(1511,'UTCL-409','2023-05-06','DATTA TRADERS ALEGAON',360,6320537692,NULL,'for','online',NULL,380.0,18.0,6840.0,6000.0,0.0,840.0,0.0,0,0,1,1,1,1,18,NULL,47,37,138,17,3,1);
INSERT INTO "transactions_builty" VALUES(1512,'UTCL-410','2023-05-06','DATTA TRADERS',100,6320537693,NULL,'for','online',NULL,380.0,5.0,1900.0,1500.0,0.0,400.0,0.0,0,0,3,1,1,1,18,NULL,47,37,138,17,3,1);
INSERT INTO "transactions_builty" VALUES(1513,'UTCL-411','2023-05-06','VIDARBHA TRADERS',200,6320537612,NULL,'for','online',NULL,330.0,10.0,3300.0,2800.0,0.0,500.0,0.0,0,0,1,1,1,1,16,NULL,10,6,205,60,3,1);
INSERT INTO "transactions_builty" VALUES(1514,'UTCL-412','2023-05-06','VIDARBHA TRADERSS',300,6320537611,NULL,'for','online',NULL,330.0,15.0,4950.0,4200.0,0.0,750.0,0.0,0,0,3,1,1,1,16,NULL,10,6,205,60,3,1);
INSERT INTO "transactions_builty" VALUES(1515,'UTCL-KHAM-1003','2023-05-06','TAPESHWARI TRADERS',500,6320537690,NULL,'for','online',NULL,0.0,25.0,0.0,1300.0,0.0,0.0,0.0,0,0,9,1,3,3,30,NULL,336,58,14,1,2,48);
INSERT INTO "transactions_builty" VALUES(1516,'UTCL-KHAM-1004','2023-05-06','ROHIT TRADERS',480,6320537687,NULL,'for','cash',NULL,0.0,24.0,0.0,4100.0,0.0,0.0,0.0,0,0,9,1,3,3,30,NULL,48,44,5,1,2,48);
INSERT INTO "transactions_builty" VALUES(1517,'UTCL-KHAM-1005','2023-05-06','ROHIT TRADERS',120,NULL,NULL,'for','cash',NULL,0.0,6.0,0.0,0.0,0.0,0.0,0.0,0,0,10,1,3,3,30,NULL,115,78,5,1,2,48);
INSERT INTO "transactions_builty" VALUES(1518,'UTCL-KHAM-1006','2023-05-06','TAWARI TRADERS',400,6320537711,NULL,'for','online',NULL,370.0,20.0,7400.0,6200.0,0.0,1200.0,0.0,0,0,9,1,3,3,47,NULL,113,51,55,34,2,48);
INSERT INTO "transactions_builty" VALUES(1519,'UTCL-KHAM-1007','2023-05-06','EKNATH VERULKAR',100,6320537679,NULL,'for','online',NULL,340.0,5.0,1700.0,1000.0,0.0,700.0,0.0,0,0,9,1,3,3,30,NULL,180,44,67,44,2,48);
INSERT INTO "transactions_builty" VALUES(1520,'UTCL-KHAM-1008','2023-05-06','SHRI BALAJI TRADERS',300,6320537681,NULL,'for','online',NULL,270.0,15.0,4050.0,4000.0,0.0,50.0,0.0,0,0,10,1,3,3,31,NULL,69,56,59,38,2,55);
INSERT INTO "transactions_builty" VALUES(1521,'UTCL-KHAM-1009','2023-05-06','SHRI BALAJI TRADERS',120,6320537712,NULL,'for','online',NULL,270.0,6.0,1620.0,0.0,0.0,1620.0,0.0,0,0,9,1,3,3,31,NULL,69,56,59,38,2,48);
INSERT INTO "transactions_builty" VALUES(1522,'UTCL-KHAM-1010','2023-05-06','JAI BHAVANI H/W',460,6320537678,NULL,'for','cash',NULL,0.0,23.0,0.0,3000.0,0.0,0.0,0.0,0,0,9,1,3,3,30,NULL,337,78,11,1,2,48);
INSERT INTO "transactions_builty" VALUES(1523,'UTCL-KHAM-1011','2023-05-06','GAYATRI K.K',100,6320537684,NULL,'for','online',NULL,340.0,5.0,1700.0,1000.0,0.0,700.0,0.0,0,0,9,1,3,3,30,NULL,171,44,244,45,2,48);
INSERT INTO "transactions_builty" VALUES(1524,'UTCL-KHAM-1012','2023-05-06','EKVEERA H/W',400,6320537710,NULL,'for','online',NULL,360.0,20.0,7200.0,6000.0,0.0,1200.0,0.0,0,0,9,1,3,3,30,NULL,173,74,83,57,2,48);
INSERT INTO "transactions_builty" VALUES(1525,'UTCL-KHAM-1013','2023-05-06','KRISHNAKRUPA SALES',260,6320537722,NULL,'for','online',NULL,360.0,13.0,4680.0,5500.0,0.0,-820.0,0.0,0,0,9,1,3,3,46,NULL,92,74,49,26,2,48);
INSERT INTO "transactions_builty" VALUES(1526,'UTCL-KHAM-1014','2023-05-06','GOPAL LONGARE',100,6320537723,NULL,'for','online',NULL,360.0,5.0,1800.0,0.0,0.0,1800.0,0.0,0,0,9,1,3,3,46,NULL,338,74,49,26,2,48);
INSERT INTO "transactions_builty" VALUES(1527,'UTCL-KHAM-1015','2023-05-06','SUJIT DESHMUKH C/O SHUBHAM BANSARE',100,6320537680,NULL,'for','online',NULL,360.0,5.0,1800.0,1000.0,0.0,800.0,0.0,0,0,9,1,3,3,30,NULL,339,45,80,56,2,48);
INSERT INTO "transactions_builty" VALUES(1528,'UTCL-KHAM-1016','2023-05-06','MAHARASHTRA TRADERS',360,6320537699,NULL,'for','online',NULL,500.0,18.0,9000.0,11500.0,0.0,-2500.0,0.0,0,0,9,1,3,3,74,NULL,134,77,79,47,2,48);
INSERT INTO "transactions_builty" VALUES(1529,'UTCL-KHAM-1017','2023-05-06','RATNASAGAR TRADERS',200,6320537702,NULL,'for','online',NULL,500.0,10.0,5000.0,0.0,0.0,5000.0,0.0,0,0,9,1,3,3,112,NULL,134,77,79,47,2,48);
INSERT INTO "transactions_builty" VALUES(1530,'UTCL-KHAM-1018','2023-05-07','UTKARSH BUILDING MATERIAL',600,6320537756,NULL,'for','online',NULL,380.0,30.0,11400.0,10000.0,0.0,1400.0,0.0,0,0,9,1,3,3,56,NULL,65,51,50,31,2,48);
INSERT INTO "transactions_builty" VALUES(1531,'UTCL-KHAM-1019','2023-05-07','BHAGYODAY TRADERS',100,6320537705,NULL,'for','online',NULL,0.0,5.0,0.0,1100.0,0.0,0.0,0.0,0,0,9,1,3,3,24,NULL,69,56,14,1,2,48);
INSERT INTO "transactions_builty" VALUES(1532,'UTCL-KHAM-1020','2023-05-07','GASE KIRANA',100,6320537706,NULL,'for','cash',NULL,0.0,5.0,0.0,0.0,0.0,0.0,0.0,0,0,9,1,3,3,24,NULL,175,56,14,1,2,48);
INSERT INTO "transactions_builty" VALUES(1533,'UTCL-KHAM-1021','2023-05-07','DIPAK ENTERPRISES',200,6320537741,NULL,'for','online',NULL,280.0,10.0,2800.0,3500.0,0.0,-700.0,0.0,0,0,9,1,3,3,24,NULL,138,56,61,32,2,48);
INSERT INTO "transactions_builty" VALUES(1534,'UTCL-KHAM-1022','2023-05-07','GASE KIRANA',160,6320537742,NULL,'for','online',NULL,270.0,8.0,2160.0,0.0,0.0,2160.0,0.0,0,0,9,1,3,3,24,NULL,175,56,61,32,2,48);
INSERT INTO "transactions_builty" VALUES(1535,'UTCL-413','2023-05-07','KALAMB CEMENT SALES',460,6320537771,NULL,'for','online',NULL,380.0,23.0,8740.0,6500.0,0.0,2240.0,0.0,0,0,1,1,1,1,13,NULL,222,6,197,5,3,1);
INSERT INTO "transactions_builty" VALUES(1536,'UTCL-KHAM-1023','2023-05-07','VISHWAKARMA SALES',400,6320537779,NULL,'for','online',NULL,370.0,20.0,7400.0,5000.0,0.0,2400.0,0.0,0,0,9,1,3,3,47,NULL,200,74,55,34,2,48);
INSERT INTO "transactions_builty" VALUES(1537,'UTCL-KHAM-1024','2023-05-07','VAIBHAV TRADERS',360,6320537732,NULL,'for','cash',NULL,0.0,18.0,0.0,3010.0,0.0,0.0,0.0,0,0,9,1,3,3,45,NULL,75,51,8,1,2,48);
INSERT INTO "transactions_builty" VALUES(1538,'UTCL-KHAM-1025','2023-05-07','GAURAV SAHEB',100,NULL,NULL,'for','cash',NULL,0.0,5.0,0.0,0.0,0.0,0.0,0.0,0,0,10,1,3,3,45,NULL,63,51,8,1,2,55);
INSERT INTO "transactions_builty" VALUES(1539,'UTCL-KHAM-1026','2023-05-07','VYANKATESH H/W',600,6320537731,NULL,'for','cash',NULL,0.0,30.0,0.0,3620.0,0.0,0.0,0.0,0,0,9,1,3,3,39,NULL,84,72,5,1,2,48);
INSERT INTO "transactions_builty" VALUES(1540,'UTCL-KHAM-1027','2023-05-07','MAULI H/W',100,6320537816,NULL,'for','online',NULL,340.0,5.0,1700.0,1000.0,0.0,700.0,0.0,0,0,9,1,3,3,30,NULL,73,56,80,56,2,48);
INSERT INTO "transactions_builty" VALUES(1541,'UTCL-KHAM-1028','2023-05-07','SHRI TRADERS',200,6320537761,NULL,'for','online',NULL,330.0,10.0,3300.0,7000.0,0.0,-3700.0,0.0,0,0,9,1,3,3,44,NULL,56,43,218,193,2,48);
INSERT INTO "transactions_builty" VALUES(1542,'UTCL-KHAM-1029','2023-05-07','KAUSHALYA H/W',300,6320537762,NULL,'for','online',NULL,330.0,15.0,4950.0,0.0,0.0,4950.0,0.0,0,0,9,1,3,3,44,NULL,56,43,218,193,2,48);
INSERT INTO "transactions_builty" VALUES(1543,'UTCL-KHAM-1030','2023-05-07','SHRI GAJANAN H/W',100,6320537748,NULL,'for','online',NULL,360.0,5.0,1800.0,1000.0,0.0,800.0,0.0,0,0,9,1,3,3,30,NULL,340,50,245,39,2,48);
INSERT INTO "transactions_builty" VALUES(1544,'UTCL-KHAM-1031','2023-05-07','ANIL BAHADARE',100,6320537580,NULL,'for','online',NULL,360.0,5.0,1800.0,1000.0,0.0,800.0,0.0,0,0,9,1,3,3,30,NULL,265,56,80,56,2,48);
INSERT INTO "transactions_builty" VALUES(1545,'UTCL-KHAM-1032','2023-05-07','SURESH BAHURUPI',100,6320537815,NULL,'for','online',NULL,360.0,5.0,1800.0,1000.0,0.0,800.0,0.0,0,0,9,1,3,3,30,NULL,110,45,246,56,2,48);
INSERT INTO "transactions_builty" VALUES(1546,'UTCL-KHAM-1033','2023-05-07','AHMAD SHAHA',100,6320537817,NULL,'for','online',NULL,360.0,5.0,1800.0,1000.0,0.0,800.0,0.0,0,0,9,1,3,3,30,NULL,110,45,60,39,2,48);
INSERT INTO "transactions_builty" VALUES(1547,'UTCL-414','2023-05-07','POWER ENGINNERING CORPORATION',460,6320537636,NULL,'for','cash',NULL,0.0,23.0,0.0,2730.0,0.0,0.0,35.0,0,0,1,1,1,1,58,2,21,27,3,1,3,1);
INSERT INTO "transactions_builty" VALUES(1548,'UTCL-415','2023-05-07','MAHARASHTRA TRADERS',200,6320537833,NULL,'for','cash',NULL,0.0,10.0,0.0,1970.0,0.0,0.0,18.0,0,0,1,1,1,1,18,3,35,30,17,1,3,1);
INSERT INTO "transactions_builty" VALUES(1549,'UTCL-416','2023-05-07','ZUBER TRADERS C/O KHAN SIR',140,6320537834,NULL,'for','cash',NULL,0.0,7.0,0.0,0.0,0.0,0.0,0.0,0,0,1,1,1,1,18,NULL,35,30,17,1,3,1);
INSERT INTO "transactions_builty" VALUES(1550,'UTCL-417','2023-05-07','GANESH TRADERS',600,6320537770,NULL,'for','cash',NULL,0.0,30.0,0.0,3800.0,0.0,0.0,28.0,0,0,1,1,1,1,50,2,42,39,4,1,3,1);
INSERT INTO "transactions_builty" VALUES(1551,'UTCL-418','2023-05-07','BARKAT CEMENT DEPO',320,6320537840,NULL,'for','cash',NULL,0.0,16.0,0.0,1860.0,0.0,0.0,27.0,0,0,1,1,1,1,18,3,47,37,15,1,3,1);
INSERT INTO "transactions_builty" VALUES(1552,'UTCL-419','2023-05-07','SHIVAM SALES',400,6320537824,NULL,'for','online',NULL,400.0,20.0,8000.0,7000.0,0.0,1000.0,0.0,0,0,1,1,1,1,18,NULL,47,37,155,122,3,1);
INSERT INTO "transactions_builty" VALUES(1553,'UTCL-420','2023-05-07','SHIVAM SALES',200,6320537825,NULL,'for','online',NULL,400.0,10.0,4000.0,2000.0,0.0,2000.0,0.0,0,0,3,1,1,1,18,NULL,47,37,155,122,3,1);
INSERT INTO "transactions_builty" VALUES(1554,'UTCL-KHAM-1034','2023-05-07','RAMESH SURUSHE',440,6320537754,NULL,'for','cash',NULL,0.0,22.0,0.0,2720.0,0.0,0.0,0.0,0,0,9,1,3,3,78,NULL,97,76,13,1,2,48);
INSERT INTO "transactions_builty" VALUES(1555,'UTCL-KHAM-1035','2023-05-07','TAW',460,6320537832,NULL,'for','cash',NULL,0.0,23.0,0.0,2930.0,0.0,0.0,0.0,0,0,9,1,3,3,47,NULL,75,51,7,1,2,48);
INSERT INTO "transactions_builty" VALUES(1556,'UTCL-421','2023-05-07','P.S TRADERS C/O PANKAJ BHAKRE',500,6320537826,NULL,'for','online',NULL,370.0,25.0,9250.0,8000.0,0.0,1250.0,0.0,0,0,1,1,1,1,18,NULL,47,37,138,17,3,1);
INSERT INTO "transactions_builty" VALUES(1557,'UTCL-422','2023-05-07','POWER ENGINNERING CORPORATION',460,6320537829,NULL,'for','online',NULL,420.0,23.0,9660.0,8500.0,0.0,1160.0,0.0,0,0,1,1,1,1,58,NULL,118,2,29,10,3,1);
INSERT INTO "transactions_builty" VALUES(1558,'UTCL-423','2023-05-07','GOVIND UDYOG AGENCY',500,6320537818,NULL,'for','online',NULL,340.0,25.0,8500.0,7500.0,0.0,1000.0,0.0,0,0,1,1,1,1,7,NULL,10,6,247,214,3,1);
CREATE UNIQUE INDEX "django_content_type_app_label_model_76bd3d3b_uniq" ON "django_content_type" ("app_label", "model");
CREATE UNIQUE INDEX "auth_group_permissions_group_id_permission_id_0cd325b0_uniq" ON "auth_group_permissions" ("group_id", "permission_id");
CREATE INDEX IF NOT EXISTS "auth_group_permissions_group_id_b120cbf9" ON "auth_group_permissions" ("group_id");
CREATE INDEX IF NOT EXISTS "auth_group_permissions_permission_id_84c5c92e" ON "auth_group_permissions" ("permission_id");
CREATE UNIQUE INDEX "auth_permission_content_type_id_codename_01ab375a_uniq" ON "auth_permission" ("content_type_id", "codename");
CREATE INDEX IF NOT EXISTS "auth_permission_content_type_id_2f476e4b" ON "auth_permission" ("content_type_id");
CREATE UNIQUE INDEX "users_user_groups_user_id_group_id_b88eab82_uniq" ON "users_user_groups" ("user_id", "group_id");
CREATE INDEX IF NOT EXISTS "users_user_groups_user_id_5f6f5a90" ON "users_user_groups" ("user_id");
CREATE INDEX IF NOT EXISTS "users_user_groups_group_id_9afc8d0e" ON "users_user_groups" ("group_id");
CREATE UNIQUE INDEX "users_user_user_permissions_user_id_permission_id_43338c45_uniq" ON "users_user_user_permissions" ("user_id", "permission_id");
CREATE INDEX IF NOT EXISTS "users_user_user_permissions_user_id_20aca447" ON "users_user_user_permissions" ("user_id");
CREATE INDEX IF NOT EXISTS "users_user_user_permissions_permission_id_0b93982e" ON "users_user_user_permissions" ("permission_id");
CREATE INDEX IF NOT EXISTS "django_admin_log_content_type_id_c4bce8eb" ON "django_admin_log" ("content_type_id");
CREATE INDEX IF NOT EXISTS "django_admin_log_user_id_c564eba6" ON "django_admin_log" ("user_id");
CREATE INDEX IF NOT EXISTS "django_session_expire_date_a5c62663" ON "django_session" ("expire_date");
CREATE INDEX IF NOT EXISTS "store_truck_details_truck_owner_id_155e372c" ON "store_truck_details" ("truck_owner_id");
CREATE INDEX IF NOT EXISTS "transactions_request_edit_builty_id_17f4ac6b" ON "transactions_request_edit" ("builty_id");
CREATE INDEX IF NOT EXISTS "transactions_request_edit_user_id_296a97e5" ON "transactions_request_edit" ("user_id");
CREATE INDEX IF NOT EXISTS "transactions_ack_builty_id_e9cf4eb9" ON "transactions_ack" ("builty_id");
CREATE INDEX IF NOT EXISTS "store_rate_to_station_id_71b5e0d1" ON "store_rate" ("to_station_id");
CREATE INDEX IF NOT EXISTS "store_rate_from_station_id_cf4de4c2" ON "store_rate" ("from_station_id");
CREATE INDEX IF NOT EXISTS "store_district_office_location_id_def88825" ON "store_district" ("office_location_id");
CREATE INDEX IF NOT EXISTS "users_user_company_id_14799323" ON "users_user" ("company_id");
CREATE INDEX IF NOT EXISTS "users_user_office_location_id_9bf9b0fd" ON "users_user" ("office_location_id");
CREATE INDEX IF NOT EXISTS "store_article_company_name_id_236802e6" ON "store_article" ("company_name_id");
CREATE INDEX IF NOT EXISTS "store_article_consignor_id_170c72fc" ON "store_article" ("consignor_id");
CREATE INDEX IF NOT EXISTS "store_article_office_location_id_216b5e85" ON "store_article" ("office_location_id");
CREATE INDEX IF NOT EXISTS "store_consignor_company_id_9fdf29a0" ON "store_consignor" ("company_id");
CREATE INDEX IF NOT EXISTS "store_consignor_office_location_id_709e205e" ON "store_consignor" ("office_location_id");
CREATE INDEX IF NOT EXISTS "store_onaccount_company_id_8283503d" ON "store_onaccount" ("company_id");
CREATE INDEX IF NOT EXISTS "store_onaccount_office_location_id_d8877177" ON "store_onaccount" ("office_location_id");
CREATE INDEX IF NOT EXISTS "store_station_taluka_id_51032d3b" ON "store_station" ("taluka_id");
CREATE INDEX IF NOT EXISTS "store_station_office_location_id_cc8d1da0" ON "store_station" ("office_location_id");
CREATE INDEX IF NOT EXISTS "store_taluka_district_id_63ffbdb2" ON "store_taluka" ("district_id");
CREATE INDEX IF NOT EXISTS "store_taluka_office_location_id_5a2300b5" ON "store_taluka" ("office_location_id");
CREATE INDEX IF NOT EXISTS "store_from_station_office_location_id_f8e96d27" ON "store_from_station" ("office_location_id");
CREATE INDEX IF NOT EXISTS "store_from_station_taluka_id_b0acd45a" ON "store_from_station" ("taluka_id");
CREATE INDEX IF NOT EXISTS "transactions_builty_article_id_9ef4500b" ON "transactions_builty" ("article_id");
CREATE INDEX IF NOT EXISTS "transactions_builty_company_id_e5faf59d" ON "transactions_builty" ("company_id");
CREATE INDEX IF NOT EXISTS "transactions_builty_consignor_id_abafe990" ON "transactions_builty" ("consignor_id");
CREATE INDEX IF NOT EXISTS "transactions_builty_district_id_32c090e4" ON "transactions_builty" ("district_id");
CREATE INDEX IF NOT EXISTS "transactions_builty_onaccount_id_35cc36f3" ON "transactions_builty" ("onaccount_id");
CREATE INDEX IF NOT EXISTS "transactions_builty_petrol_pump_id_9922ae78" ON "transactions_builty" ("petrol_pump_id");
CREATE INDEX IF NOT EXISTS "transactions_builty_station_to_id_8018ef07" ON "transactions_builty" ("station_to_id");
CREATE INDEX IF NOT EXISTS "transactions_builty_taluka_id_3af43376" ON "transactions_builty" ("taluka_id");
CREATE INDEX IF NOT EXISTS "transactions_builty_truck_details_id_7724d30a" ON "transactions_builty" ("truck_details_id");
CREATE INDEX IF NOT EXISTS "transactions_builty_truck_owner_id_74656a52" ON "transactions_builty" ("truck_owner_id");
CREATE INDEX IF NOT EXISTS "transactions_builty_user_id_82211060" ON "transactions_builty" ("user_id");
CREATE INDEX IF NOT EXISTS "transactions_builty_station_from_id_0fc95978" ON "transactions_builty" ("station_from_id");
CREATE TABLE IF NOT EXISTS "transactions_request_edit" ("id" integer NOT NULL PRIMARY KEY AUTOINCREMENT, "status" bool NOT NULL, "builty_id" bigint NOT NULL REFERENCES "transactions_builty" ("id") DEFERRABLE INITIALLY DEFERRED, "user_id" bigint NOT NULL REFERENCES "users_user" ("id") DEFERRABLE INITIALLY DEFERRED, "history" bool NOT NULL);
INSERT INTO "transactions_request_edit" VALUES(4,1,22,1,1);
INSERT INTO "transactions_request_edit" VALUES(5,1,24,1,1);
INSERT INTO "transactions_request_edit" VALUES(6,1,24,1,1);
INSERT INTO "transactions_request_edit" VALUES(7,1,22,1,1);
INSERT INTO "transactions_request_edit" VALUES(8,1,27,3,1);
INSERT INTO "transactions_request_edit" VALUES(9,1,26,1,1);
INSERT INTO "transactions_request_edit" VALUES(10,1,22,1,1);
INSERT INTO "transactions_request_edit" VALUES(12,1,20,3,1);
INSERT INTO "transactions_request_edit" VALUES(13,0,21,3,1);
INSERT INTO "transactions_request_edit" VALUES(14,0,43,3,1);
CREATE UNIQUE INDEX "django_content_type_app_label_model_76bd3d3b_uniq" ON "django_content_type" ("app_label", "model");
CREATE UNIQUE INDEX "auth_group_permissions_group_id_permission_id_0cd325b0_uniq" ON "auth_group_permissions" ("group_id", "permission_id");
CREATE INDEX IF NOT EXISTS "auth_group_permissions_group_id_b120cbf9" ON "auth_group_permissions" ("group_id");
CREATE INDEX IF NOT EXISTS "auth_group_permissions_permission_id_84c5c92e" ON "auth_group_permissions" ("permission_id");
CREATE UNIQUE INDEX "auth_permission_content_type_id_codename_01ab375a_uniq" ON "auth_permission" ("content_type_id", "codename");
CREATE INDEX IF NOT EXISTS "auth_permission_content_type_id_2f476e4b" ON "auth_permission" ("content_type_id");
CREATE UNIQUE INDEX "users_user_groups_user_id_group_id_b88eab82_uniq" ON "users_user_groups" ("user_id", "group_id");
CREATE INDEX IF NOT EXISTS "users_user_groups_user_id_5f6f5a90" ON "users_user_groups" ("user_id");
CREATE INDEX IF NOT EXISTS "users_user_groups_group_id_9afc8d0e" ON "users_user_groups" ("group_id");
CREATE UNIQUE INDEX "users_user_user_permissions_user_id_permission_id_43338c45_uniq" ON "users_user_user_permissions" ("user_id", "permission_id");
CREATE INDEX IF NOT EXISTS "users_user_user_permissions_user_id_20aca447" ON "users_user_user_permissions" ("user_id");
CREATE INDEX IF NOT EXISTS "users_user_user_permissions_permission_id_0b93982e" ON "users_user_user_permissions" ("permission_id");
CREATE INDEX IF NOT EXISTS "django_admin_log_content_type_id_c4bce8eb" ON "django_admin_log" ("content_type_id");
CREATE INDEX IF NOT EXISTS "django_admin_log_user_id_c564eba6" ON "django_admin_log" ("user_id");
CREATE INDEX IF NOT EXISTS "django_session_expire_date_a5c62663" ON "django_session" ("expire_date");
CREATE INDEX IF NOT EXISTS "store_truck_details_truck_owner_id_155e372c" ON "store_truck_details" ("truck_owner_id");
CREATE INDEX IF NOT EXISTS "transactions_request_edit_builty_id_17f4ac6b" ON "transactions_request_edit" ("builty_id");
CREATE INDEX IF NOT EXISTS "transactions_request_edit_user_id_296a97e5" ON "transactions_request_edit" ("user_id");
CREATE INDEX IF NOT EXISTS "transactions_ack_builty_id_e9cf4eb9" ON "transactions_ack" ("builty_id");
CREATE INDEX IF NOT EXISTS "store_rate_to_station_id_71b5e0d1" ON "store_rate" ("to_station_id");
CREATE INDEX IF NOT EXISTS "store_rate_from_station_id_cf4de4c2" ON "store_rate" ("from_station_id");
CREATE INDEX IF NOT EXISTS "store_district_office_location_id_def88825" ON "store_district" ("office_location_id");
CREATE INDEX IF NOT EXISTS "users_user_company_id_14799323" ON "users_user" ("company_id");
CREATE INDEX IF NOT EXISTS "users_user_office_location_id_9bf9b0fd" ON "users_user" ("office_location_id");
CREATE INDEX IF NOT EXISTS "store_article_company_name_id_236802e6" ON "store_article" ("company_name_id");
CREATE INDEX IF NOT EXISTS "store_article_consignor_id_170c72fc" ON "store_article" ("consignor_id");
CREATE INDEX IF NOT EXISTS "store_article_office_location_id_216b5e85" ON "store_article" ("office_location_id");
CREATE INDEX IF NOT EXISTS "store_consignor_company_id_9fdf29a0" ON "store_consignor" ("company_id");
CREATE INDEX IF NOT EXISTS "store_consignor_office_location_id_709e205e" ON "store_consignor" ("office_location_id");
CREATE INDEX IF NOT EXISTS "store_onaccount_company_id_8283503d" ON "store_onaccount" ("company_id");
CREATE INDEX IF NOT EXISTS "store_onaccount_office_location_id_d8877177" ON "store_onaccount" ("office_location_id");
CREATE INDEX IF NOT EXISTS "store_station_taluka_id_51032d3b" ON "store_station" ("taluka_id");
CREATE INDEX IF NOT EXISTS "store_station_office_location_id_cc8d1da0" ON "store_station" ("office_location_id");
CREATE INDEX IF NOT EXISTS "store_taluka_district_id_63ffbdb2" ON "store_taluka" ("district_id");
CREATE INDEX IF NOT EXISTS "store_taluka_office_location_id_5a2300b5" ON "store_taluka" ("office_location_id");
CREATE INDEX IF NOT EXISTS "store_from_station_office_location_id_f8e96d27" ON "store_from_station" ("office_location_id");
CREATE INDEX IF NOT EXISTS "store_from_station_taluka_id_b0acd45a" ON "store_from_station" ("taluka_id");
CREATE INDEX IF NOT EXISTS "transactions_builty_article_id_9ef4500b" ON "transactions_builty" ("article_id");
CREATE INDEX IF NOT EXISTS "transactions_builty_company_id_e5faf59d" ON "transactions_builty" ("company_id");
CREATE INDEX IF NOT EXISTS "transactions_builty_consignor_id_abafe990" ON "transactions_builty" ("consignor_id");
CREATE INDEX IF NOT EXISTS "transactions_builty_district_id_32c090e4" ON "transactions_builty" ("district_id");
CREATE INDEX IF NOT EXISTS "transactions_builty_onaccount_id_35cc36f3" ON "transactions_builty" ("onaccount_id");
CREATE INDEX IF NOT EXISTS "transactions_builty_petrol_pump_id_9922ae78" ON "transactions_builty" ("petrol_pump_id");
CREATE INDEX IF NOT EXISTS "transactions_builty_station_to_id_8018ef07" ON "transactions_builty" ("station_to_id");
CREATE INDEX IF NOT EXISTS "transactions_builty_taluka_id_3af43376" ON "transactions_builty" ("taluka_id");
CREATE INDEX IF NOT EXISTS "transactions_builty_truck_details_id_7724d30a" ON "transactions_builty" ("truck_details_id");
CREATE INDEX IF NOT EXISTS "transactions_builty_truck_owner_id_74656a52" ON "transactions_builty" ("truck_owner_id");
CREATE INDEX IF NOT EXISTS "transactions_builty_user_id_82211060" ON "transactions_builty" ("user_id");
CREATE INDEX IF NOT EXISTS "transactions_builty_station_from_id_0fc95978" ON "transactions_builty" ("station_from_id");
CREATE TABLE IF NOT EXISTS "users_user" ("id" integer NOT NULL PRIMARY KEY AUTOINCREMENT, "password" varchar(128) NOT NULL, "last_login" datetime NULL, "is_superuser" bool NOT NULL, "username" varchar(150) NOT NULL UNIQUE, "first_name" varchar(150) NOT NULL, "last_name" varchar(150) NOT NULL, "email" varchar(254) NOT NULL, "is_staff" bool NOT NULL, "is_active" bool NOT NULL, "password_r" varchar(50) NULL, "date_joined" date NULL, "company_id" bigint NULL REFERENCES "store_company" ("id") DEFERRABLE INITIALLY DEFERRED, "office_location_id" bigint NOT NULL REFERENCES "store_office_location" ("id") DEFERRABLE INITIALLY DEFERRED);
INSERT INTO "users_user" VALUES(1,'pbkdf2_sha256$260000$n7ICZhsoKdHpKrLTLabI4P$h/hYVWBS+6MeYqy1pLc6lHL8yCuSmxi2qREAFdbNgh4=','2023-04-30 11:58:57.928443',1,'SGT','','','admin@gmail.com',1,1,'SGT@SGT','2023-03-17',1,1);
INSERT INTO "users_user" VALUES(2,'pbkdf2_sha256$260000$BhNJ3ezf3K8CD0kgYzsgze$0oqggs4Oa7cLSnq2NLTFFGAHuByj4gtoygcu3c6NFOY=','2023-05-01 13:03:41.087881',0,'ramakanth','','','',0,1,'Rama@112','2023-03-31',1,2);
INSERT INTO "users_user" VALUES(3,'pbkdf2_sha256$260000$QCTgIc7JGYhLbnJFSLX5tD$ww/F4YL5PqI7DwlVOubzUbbrMdEdyp9q6sMSZHRvJyo=','2023-05-07 13:34:01.643321',0,'Ram','','','',0,1,'Ram@12','2023-04-01',1,1);
INSERT INTO "users_user" VALUES(5,'pbkdf2_sha256$260000$nCSy3BjjZM9yaTZhkjFDgw$iuRelwf3b6wRLZm+WzeiulIXrrZLKtfoN3qvUAgekiI=','2023-05-06 09:15:31.584403',0,'deepak','','','',0,1,'Deepak@12','2023-04-19',1,5);
CREATE UNIQUE INDEX "django_content_type_app_label_model_76bd3d3b_uniq" ON "django_content_type" ("app_label", "model");
CREATE UNIQUE INDEX "auth_group_permissions_group_id_permission_id_0cd325b0_uniq" ON "auth_group_permissions" ("group_id", "permission_id");
CREATE INDEX IF NOT EXISTS "auth_group_permissions_group_id_b120cbf9" ON "auth_group_permissions" ("group_id");
CREATE INDEX IF NOT EXISTS "auth_group_permissions_permission_id_84c5c92e" ON "auth_group_permissions" ("permission_id");
CREATE UNIQUE INDEX "auth_permission_content_type_id_codename_01ab375a_uniq" ON "auth_permission" ("content_type_id", "codename");
CREATE INDEX IF NOT EXISTS "auth_permission_content_type_id_2f476e4b" ON "auth_permission" ("content_type_id");
CREATE UNIQUE INDEX "users_user_groups_user_id_group_id_b88eab82_uniq" ON "users_user_groups" ("user_id", "group_id");
CREATE INDEX IF NOT EXISTS "users_user_groups_user_id_5f6f5a90" ON "users_user_groups" ("user_id");
CREATE INDEX IF NOT EXISTS "users_user_groups_group_id_9afc8d0e" ON "users_user_groups" ("group_id");
CREATE UNIQUE INDEX "users_user_user_permissions_user_id_permission_id_43338c45_uniq" ON "users_user_user_permissions" ("user_id", "permission_id");
CREATE INDEX IF NOT EXISTS "users_user_user_permissions_user_id_20aca447" ON "users_user_user_permissions" ("user_id");
CREATE INDEX IF NOT EXISTS "users_user_user_permissions_permission_id_0b93982e" ON "users_user_user_permissions" ("permission_id");
CREATE INDEX IF NOT EXISTS "django_admin_log_content_type_id_c4bce8eb" ON "django_admin_log" ("content_type_id");
CREATE INDEX IF NOT EXISTS "django_admin_log_user_id_c564eba6" ON "django_admin_log" ("user_id");
CREATE INDEX IF NOT EXISTS "django_session_expire_date_a5c62663" ON "django_session" ("expire_date");
CREATE INDEX IF NOT EXISTS "store_truck_details_truck_owner_id_155e372c" ON "store_truck_details" ("truck_owner_id");
CREATE INDEX IF NOT EXISTS "transactions_request_edit_builty_id_17f4ac6b" ON "transactions_request_edit" ("builty_id");
CREATE INDEX IF NOT EXISTS "transactions_request_edit_user_id_296a97e5" ON "transactions_request_edit" ("user_id");
CREATE INDEX IF NOT EXISTS "transactions_ack_builty_id_e9cf4eb9" ON "transactions_ack" ("builty_id");
CREATE INDEX IF NOT EXISTS "store_rate_to_station_id_71b5e0d1" ON "store_rate" ("to_station_id");
CREATE INDEX IF NOT EXISTS "store_rate_from_station_id_cf4de4c2" ON "store_rate" ("from_station_id");
CREATE INDEX IF NOT EXISTS "store_district_office_location_id_def88825" ON "store_district" ("office_location_id");
CREATE INDEX IF NOT EXISTS "users_user_company_id_14799323" ON "users_user" ("company_id");
CREATE INDEX IF NOT EXISTS "users_user_office_location_id_9bf9b0fd" ON "users_user" ("office_location_id");
CREATE INDEX IF NOT EXISTS "store_article_company_name_id_236802e6" ON "store_article" ("company_name_id");
CREATE INDEX IF NOT EXISTS "store_article_consignor_id_170c72fc" ON "store_article" ("consignor_id");
CREATE INDEX IF NOT EXISTS "store_article_office_location_id_216b5e85" ON "store_article" ("office_location_id");
CREATE INDEX IF NOT EXISTS "store_consignor_company_id_9fdf29a0" ON "store_consignor" ("company_id");
CREATE INDEX IF NOT EXISTS "store_consignor_office_location_id_709e205e" ON "store_consignor" ("office_location_id");
CREATE INDEX IF NOT EXISTS "store_onaccount_company_id_8283503d" ON "store_onaccount" ("company_id");
CREATE INDEX IF NOT EXISTS "store_onaccount_office_location_id_d8877177" ON "store_onaccount" ("office_location_id");
CREATE INDEX IF NOT EXISTS "store_station_taluka_id_51032d3b" ON "store_station" ("taluka_id");
CREATE INDEX IF NOT EXISTS "store_station_office_location_id_cc8d1da0" ON "store_station" ("office_location_id");
CREATE INDEX IF NOT EXISTS "store_taluka_district_id_63ffbdb2" ON "store_taluka" ("district_id");
CREATE INDEX IF NOT EXISTS "store_taluka_office_location_id_5a2300b5" ON "store_taluka" ("office_location_id");
CREATE INDEX IF NOT EXISTS "store_from_station_office_location_id_f8e96d27" ON "store_from_station" ("office_location_id");
CREATE INDEX IF NOT EXISTS "store_from_station_taluka_id_b0acd45a" ON "store_from_station" ("taluka_id");
CREATE INDEX IF NOT EXISTS "transactions_builty_article_id_9ef4500b" ON "transactions_builty" ("article_id");
CREATE INDEX IF NOT EXISTS "transactions_builty_company_id_e5faf59d" ON "transactions_builty" ("company_id");
CREATE INDEX IF NOT EXISTS "transactions_builty_consignor_id_abafe990" ON "transactions_builty" ("consignor_id");
CREATE INDEX IF NOT EXISTS "transactions_builty_district_id_32c090e4" ON "transactions_builty" ("district_id");
CREATE INDEX IF NOT EXISTS "transactions_builty_onaccount_id_35cc36f3" ON "transactions_builty" ("onaccount_id");
CREATE INDEX IF NOT EXISTS "transactions_builty_petrol_pump_id_9922ae78" ON "transactions_builty" ("petrol_pump_id");
CREATE INDEX IF NOT EXISTS "transactions_builty_station_to_id_8018ef07" ON "transactions_builty" ("station_to_id");
CREATE INDEX IF NOT EXISTS "transactions_builty_taluka_id_3af43376" ON "transactions_builty" ("taluka_id");
CREATE INDEX IF NOT EXISTS "transactions_builty_truck_details_id_7724d30a" ON "transactions_builty" ("truck_details_id");
CREATE INDEX IF NOT EXISTS "transactions_builty_truck_owner_id_74656a52" ON "transactions_builty" ("truck_owner_id");
CREATE INDEX IF NOT EXISTS "transactions_builty_user_id_82211060" ON "transactions_builty" ("user_id");
CREATE INDEX IF NOT EXISTS "transactions_builty_station_from_id_0fc95978" ON "transactions_builty" ("station_from_id");
CREATE TABLE IF NOT EXISTS "users_user_groups" ("id" integer NOT NULL PRIMARY KEY AUTOINCREMENT, "user_id" bigint NOT NULL REFERENCES "users_user" ("id") DEFERRABLE INITIALLY DEFERRED, "group_id" integer NOT NULL REFERENCES "auth_group" ("id") DEFERRABLE INITIALLY DEFERRED);
CREATE UNIQUE INDEX "django_content_type_app_label_model_76bd3d3b_uniq" ON "django_content_type" ("app_label", "model");
CREATE UNIQUE INDEX "auth_group_permissions_group_id_permission_id_0cd325b0_uniq" ON "auth_group_permissions" ("group_id", "permission_id");
CREATE INDEX IF NOT EXISTS "auth_group_permissions_group_id_b120cbf9" ON "auth_group_permissions" ("group_id");
CREATE INDEX IF NOT EXISTS "auth_group_permissions_permission_id_84c5c92e" ON "auth_group_permissions" ("permission_id");
CREATE UNIQUE INDEX "auth_permission_content_type_id_codename_01ab375a_uniq" ON "auth_permission" ("content_type_id", "codename");
CREATE INDEX IF NOT EXISTS "auth_permission_content_type_id_2f476e4b" ON "auth_permission" ("content_type_id");
CREATE UNIQUE INDEX "users_user_groups_user_id_group_id_b88eab82_uniq" ON "users_user_groups" ("user_id", "group_id");
CREATE INDEX IF NOT EXISTS "users_user_groups_user_id_5f6f5a90" ON "users_user_groups" ("user_id");
CREATE INDEX IF NOT EXISTS "users_user_groups_group_id_9afc8d0e" ON "users_user_groups" ("group_id");
CREATE UNIQUE INDEX "users_user_user_permissions_user_id_permission_id_43338c45_uniq" ON "users_user_user_permissions" ("user_id", "permission_id");
CREATE INDEX IF NOT EXISTS "users_user_user_permissions_user_id_20aca447" ON "users_user_user_permissions" ("user_id");
CREATE INDEX IF NOT EXISTS "users_user_user_permissions_permission_id_0b93982e" ON "users_user_user_permissions" ("permission_id");
CREATE INDEX IF NOT EXISTS "django_admin_log_content_type_id_c4bce8eb" ON "django_admin_log" ("content_type_id");
CREATE INDEX IF NOT EXISTS "django_admin_log_user_id_c564eba6" ON "django_admin_log" ("user_id");
CREATE INDEX IF NOT EXISTS "django_session_expire_date_a5c62663" ON "django_session" ("expire_date");
CREATE INDEX IF NOT EXISTS "store_truck_details_truck_owner_id_155e372c" ON "store_truck_details" ("truck_owner_id");
CREATE INDEX IF NOT EXISTS "transactions_request_edit_builty_id_17f4ac6b" ON "transactions_request_edit" ("builty_id");
CREATE INDEX IF NOT EXISTS "transactions_request_edit_user_id_296a97e5" ON "transactions_request_edit" ("user_id");
CREATE INDEX IF NOT EXISTS "transactions_ack_builty_id_e9cf4eb9" ON "transactions_ack" ("builty_id");
CREATE INDEX IF NOT EXISTS "store_rate_to_station_id_71b5e0d1" ON "store_rate" ("to_station_id");
CREATE INDEX IF NOT EXISTS "store_rate_from_station_id_cf4de4c2" ON "store_rate" ("from_station_id");
CREATE INDEX IF NOT EXISTS "store_district_office_location_id_def88825" ON "store_district" ("office_location_id");
CREATE INDEX IF NOT EXISTS "users_user_company_id_14799323" ON "users_user" ("company_id");
CREATE INDEX IF NOT EXISTS "users_user_office_location_id_9bf9b0fd" ON "users_user" ("office_location_id");
CREATE INDEX IF NOT EXISTS "store_article_company_name_id_236802e6" ON "store_article" ("company_name_id");
CREATE INDEX IF NOT EXISTS "store_article_consignor_id_170c72fc" ON "store_article" ("consignor_id");
CREATE INDEX IF NOT EXISTS "store_article_office_location_id_216b5e85" ON "store_article" ("office_location_id");
CREATE INDEX IF NOT EXISTS "store_consignor_company_id_9fdf29a0" ON "store_consignor" ("company_id");
CREATE INDEX IF NOT EXISTS "store_consignor_office_location_id_709e205e" ON "store_consignor" ("office_location_id");
CREATE INDEX IF NOT EXISTS "store_onaccount_company_id_8283503d" ON "store_onaccount" ("company_id");
CREATE INDEX IF NOT EXISTS "store_onaccount_office_location_id_d8877177" ON "store_onaccount" ("office_location_id");
CREATE INDEX IF NOT EXISTS "store_station_taluka_id_51032d3b" ON "store_station" ("taluka_id");
CREATE INDEX IF NOT EXISTS "store_station_office_location_id_cc8d1da0" ON "store_station" ("office_location_id");
CREATE INDEX IF NOT EXISTS "store_taluka_district_id_63ffbdb2" ON "store_taluka" ("district_id");
CREATE INDEX IF NOT EXISTS "store_taluka_office_location_id_5a2300b5" ON "store_taluka" ("office_location_id");
CREATE INDEX IF NOT EXISTS "store_from_station_office_location_id_f8e96d27" ON "store_from_station" ("office_location_id");
CREATE INDEX IF NOT EXISTS "store_from_station_taluka_id_b0acd45a" ON "store_from_station" ("taluka_id");
CREATE INDEX IF NOT EXISTS "transactions_builty_article_id_9ef4500b" ON "transactions_builty" ("article_id");
CREATE INDEX IF NOT EXISTS "transactions_builty_company_id_e5faf59d" ON "transactions_builty" ("company_id");
CREATE INDEX IF NOT EXISTS "transactions_builty_consignor_id_abafe990" ON "transactions_builty" ("consignor_id");
CREATE INDEX IF NOT EXISTS "transactions_builty_district_id_32c090e4" ON "transactions_builty" ("district_id");
CREATE INDEX IF NOT EXISTS "transactions_builty_onaccount_id_35cc36f3" ON "transactions_builty" ("onaccount_id");
CREATE INDEX IF NOT EXISTS "transactions_builty_petrol_pump_id_9922ae78" ON "transactions_builty" ("petrol_pump_id");
CREATE INDEX IF NOT EXISTS "transactions_builty_station_to_id_8018ef07" ON "transactions_builty" ("station_to_id");
CREATE INDEX IF NOT EXISTS "transactions_builty_taluka_id_3af43376" ON "transactions_builty" ("taluka_id");
CREATE INDEX IF NOT EXISTS "transactions_builty_truck_details_id_7724d30a" ON "transactions_builty" ("truck_details_id");
CREATE INDEX IF NOT EXISTS "transactions_builty_truck_owner_id_74656a52" ON "transactions_builty" ("truck_owner_id");
CREATE INDEX IF NOT EXISTS "transactions_builty_user_id_82211060" ON "transactions_builty" ("user_id");
CREATE INDEX IF NOT EXISTS "transactions_builty_station_from_id_0fc95978" ON "transactions_builty" ("station_from_id");
CREATE TABLE IF NOT EXISTS "users_user_user_permissions" ("id" integer NOT NULL PRIMARY KEY AUTOINCREMENT, "user_id" bigint NOT NULL REFERENCES "users_user" ("id") DEFERRABLE INITIALLY DEFERRED, "permission_id" integer NOT NULL REFERENCES "auth_permission" ("id") DEFERRABLE INITIALLY DEFERRED);
CREATE UNIQUE INDEX "django_content_type_app_label_model_76bd3d3b_uniq" ON "django_content_type" ("app_label", "model");
CREATE UNIQUE INDEX "auth_group_permissions_group_id_permission_id_0cd325b0_uniq" ON "auth_group_permissions" ("group_id", "permission_id");
CREATE INDEX IF NOT EXISTS "auth_group_permissions_group_id_b120cbf9" ON "auth_group_permissions" ("group_id");
CREATE INDEX IF NOT EXISTS "auth_group_permissions_permission_id_84c5c92e" ON "auth_group_permissions" ("permission_id");
CREATE UNIQUE INDEX "auth_permission_content_type_id_codename_01ab375a_uniq" ON "auth_permission" ("content_type_id", "codename");
CREATE INDEX IF NOT EXISTS "auth_permission_content_type_id_2f476e4b" ON "auth_permission" ("content_type_id");
CREATE UNIQUE INDEX "users_user_groups_user_id_group_id_b88eab82_uniq" ON "users_user_groups" ("user_id", "group_id");
CREATE INDEX IF NOT EXISTS "users_user_groups_user_id_5f6f5a90" ON "users_user_groups" ("user_id");
CREATE INDEX IF NOT EXISTS "users_user_groups_group_id_9afc8d0e" ON "users_user_groups" ("group_id");
CREATE UNIQUE INDEX "users_user_user_permissions_user_id_permission_id_43338c45_uniq" ON "users_user_user_permissions" ("user_id", "permission_id");
CREATE INDEX IF NOT EXISTS "users_user_user_permissions_user_id_20aca447" ON "users_user_user_permissions" ("user_id");
CREATE INDEX IF NOT EXISTS "users_user_user_permissions_permission_id_0b93982e" ON "users_user_user_permissions" ("permission_id");
CREATE INDEX IF NOT EXISTS "django_admin_log_content_type_id_c4bce8eb" ON "django_admin_log" ("content_type_id");
CREATE INDEX IF NOT EXISTS "django_admin_log_user_id_c564eba6" ON "django_admin_log" ("user_id");
CREATE INDEX IF NOT EXISTS "django_session_expire_date_a5c62663" ON "django_session" ("expire_date");
CREATE INDEX IF NOT EXISTS "store_truck_details_truck_owner_id_155e372c" ON "store_truck_details" ("truck_owner_id");
CREATE INDEX IF NOT EXISTS "transactions_request_edit_builty_id_17f4ac6b" ON "transactions_request_edit" ("builty_id");
CREATE INDEX IF NOT EXISTS "transactions_request_edit_user_id_296a97e5" ON "transactions_request_edit" ("user_id");
CREATE INDEX IF NOT EXISTS "transactions_ack_builty_id_e9cf4eb9" ON "transactions_ack" ("builty_id");
CREATE INDEX IF NOT EXISTS "store_rate_to_station_id_71b5e0d1" ON "store_rate" ("to_station_id");
CREATE INDEX IF NOT EXISTS "store_rate_from_station_id_cf4de4c2" ON "store_rate" ("from_station_id");
CREATE INDEX IF NOT EXISTS "store_district_office_location_id_def88825" ON "store_district" ("office_location_id");
CREATE INDEX IF NOT EXISTS "users_user_company_id_14799323" ON "users_user" ("company_id");
CREATE INDEX IF NOT EXISTS "users_user_office_location_id_9bf9b0fd" ON "users_user" ("office_location_id");
CREATE INDEX IF NOT EXISTS "store_article_company_name_id_236802e6" ON "store_article" ("company_name_id");
CREATE INDEX IF NOT EXISTS "store_article_consignor_id_170c72fc" ON "store_article" ("consignor_id");
CREATE INDEX IF NOT EXISTS "store_article_office_location_id_216b5e85" ON "store_article" ("office_location_id");
CREATE INDEX IF NOT EXISTS "store_consignor_company_id_9fdf29a0" ON "store_consignor" ("company_id");
CREATE INDEX IF NOT EXISTS "store_consignor_office_location_id_709e205e" ON "store_consignor" ("office_location_id");
CREATE INDEX IF NOT EXISTS "store_onaccount_company_id_8283503d" ON "store_onaccount" ("company_id");
CREATE INDEX IF NOT EXISTS "store_onaccount_office_location_id_d8877177" ON "store_onaccount" ("office_location_id");
CREATE INDEX IF NOT EXISTS "store_station_taluka_id_51032d3b" ON "store_station" ("taluka_id");
CREATE INDEX IF NOT EXISTS "store_station_office_location_id_cc8d1da0" ON "store_station" ("office_location_id");
CREATE INDEX IF NOT EXISTS "store_taluka_district_id_63ffbdb2" ON "store_taluka" ("district_id");
CREATE INDEX IF NOT EXISTS "store_taluka_office_location_id_5a2300b5" ON "store_taluka" ("office_location_id");
CREATE INDEX IF NOT EXISTS "store_from_station_office_location_id_f8e96d27" ON "store_from_station" ("office_location_id");
CREATE INDEX IF NOT EXISTS "store_from_station_taluka_id_b0acd45a" ON "store_from_station" ("taluka_id");
CREATE INDEX IF NOT EXISTS "transactions_builty_article_id_9ef4500b" ON "transactions_builty" ("article_id");
CREATE INDEX IF NOT EXISTS "transactions_builty_company_id_e5faf59d" ON "transactions_builty" ("company_id");
CREATE INDEX IF NOT EXISTS "transactions_builty_consignor_id_abafe990" ON "transactions_builty" ("consignor_id");
CREATE INDEX IF NOT EXISTS "transactions_builty_district_id_32c090e4" ON "transactions_builty" ("district_id");
CREATE INDEX IF NOT EXISTS "transactions_builty_onaccount_id_35cc36f3" ON "transactions_builty" ("onaccount_id");
CREATE INDEX IF NOT EXISTS "transactions_builty_petrol_pump_id_9922ae78" ON "transactions_builty" ("petrol_pump_id");
CREATE INDEX IF NOT EXISTS "transactions_builty_station_to_id_8018ef07" ON "transactions_builty" ("station_to_id");
CREATE INDEX IF NOT EXISTS "transactions_builty_taluka_id_3af43376" ON "transactions_builty" ("taluka_id");
CREATE INDEX IF NOT EXISTS "transactions_builty_truck_details_id_7724d30a" ON "transactions_builty" ("truck_details_id");
CREATE INDEX IF NOT EXISTS "transactions_builty_truck_owner_id_74656a52" ON "transactions_builty" ("truck_owner_id");
CREATE INDEX IF NOT EXISTS "transactions_builty_user_id_82211060" ON "transactions_builty" ("user_id");
CREATE INDEX IF NOT EXISTS "transactions_builty_station_from_id_0fc95978" ON "transactions_builty" ("station_from_id");
